# QPD Phase-12 plan 12-03 (VALD-10, regression leg) -- the extended sub-eV
#   pipeline against the committed FROZEN v1.0 CEvNS reconstructed spectra,
#   bin by bin above 10 eV of reconstructed energy.
# THE COMPARISON IS AN INDEX CARRY, NOT AN INTERPOLATION. The v1.0 and
#   extended reconstructed-energy edge sets are identical under np.array_equal
#   with maximum difference EXACTLY 0.0, so bins are selected by index.
#   Neither spectrum was interpolated onto the other
#   (fp-regression-by-interpolation).
# The compared object is the UN-TRIGGERED extended spectrum: the trigger is an
#   analysis efficiency and the v1.0 numbers carry none. P_trig(100 eV) = 0.999999999375,
#   indistinguishable from 1 far above the boundary, so that choice cannot be
#   hiding a real deviation.
# RESULT, per design:
#   Ta->Al: 40 bins compared, 10.59 - 944.1 eV
#       max |deviation| = 0.7648% at E_rec = 473.2 eV;  mean 0.2304%;  min 7.613e-05 (NON-ZERO, so the comparison is not vacuous)
#       bins above the 1% VALD-10 target: 0
#       with broadening OFF the same maximum is 0.7688% -- the IA kernel is NOT the
#       cause of the residual; the Phase-10 response-matrix REGENERATION is.
#   Al->Hf: 40 bins compared, 10.59 - 944.1 eV
#       max |deviation| = 3.7246% at E_rec = 944.1 eV;  mean 0.2786%;  min 2.291e-05 (NON-ZERO, so the comparison is not vacuous)
#       bins above the 1% VALD-10 target: 1
#       with broadening OFF the same maximum is 3.7234% -- the IA kernel is NOT the
#       cause of the residual; the Phase-10 response-matrix REGENERATION is.
# The archived v1.0 R_non_paralyzable and the regenerated extended one are NOT
#   bit-identical on their overlapping deposit columns (they are independent
#   Monte Carlo samplings), which is what this residual measures.
# Normalization: data/flux/reactor_flux_v1.0.csv, 3 GW_th at 25 m, surface,
#   unshielded, used UNMODIFIED. NO rescale of any kind is applied here -- not a
#   VNS rescale, not a duty cycle, not a shielding or overburden credit
#   (fp-second-vns-run, fp-inherited-shielding). CONVENTIONS Section D unchanged.
# Units: E_rec in eV; both rates in counts/kg/day/keV; deviation dimensionless.
design,E_rec_eV,v1_edge_index,v1_dRdErec,ext_dRdErec,relative_deviation,ext_dRdErec_broadening_off,relative_deviation_broadening_off
Ta->Al,1.0592537252e+01,81,2.1501340000e+03,2.1498208248e+03,-1.4565378633e-04,2.1505841701e+03,2.0936839884e-04
Ta->Al,1.1885022274e+01,82,2.0398580000e+03,2.0346841729e+03,-2.5363662948e-03,2.0347664590e+03,-2.4960271595e-03
Ta->Al,1.3335214322e+01,83,1.9315830000e+03,1.9303413062e+03,-6.4283739153e-04,1.9305678670e+03,-5.2554457890e-04
Ta->Al,1.4962356561e+01,84,1.8330870000e+03,1.8259788235e+03,-3.8777082136e-03,1.8262666400e+03,-3.7206962671e-03
Ta->Al,1.6788040181e+01,85,1.7231450000e+03,1.7196286898e+03,-2.0406351153e-03,1.7199082865e+03,-1.8783755731e-03
Ta->Al,1.8836490895e+01,86,1.6061570000e+03,1.6079162102e+03,1.0952915786e-03,1.6081008908e+03,1.2102744822e-03
Ta->Al,2.1134890398e+01,87,1.4904720000e+03,1.4997209181e+03,6.2053618287e-03,1.4999206314e+03,6.3393551910e-03
Ta->Al,2.3713737057e+01,88,1.3949370000e+03,1.3897302274e+03,-3.7326220512e-03,1.3898206671e+03,-3.6677877707e-03
Ta->Al,2.6607250598e+01,89,1.2819100000e+03,1.2799573126e+03,-1.5232640143e-03,1.2800412557e+03,-1.4577812362e-03
Ta->Al,2.9853826189e+01,90,1.1714050000e+03,1.1690787705e+03,-1.9858456263e-03,1.1692148573e+03,-1.8696715971e-03
Ta->Al,3.3496543916e+01,91,1.0639480000e+03,1.0694658104e+03,5.1861655123e-03,1.0695250342e+03,5.2418296308e-03
Ta->Al,3.7583740429e+01,92,9.5893800000e+02,9.6012945266e+02,1.2424710042e-03,9.6018772572e+02,1.3032393295e-03
Ta->Al,4.2169650343e+01,93,8.6267460000e+02,8.6251166998e+02,-1.8886614158e-04,8.6255501383e+02,-1.3862257317e-04
Ta->Al,4.7315125896e+01,94,7.6832520000e+02,7.6788632520e+02,-5.7120969030e-04,7.6792473808e+02,-5.2121408838e-04
Ta->Al,5.3088444423e+01,95,6.7410940000e+02,6.7245720843e+02,-2.4509249840e-03,6.7248815965e+02,-2.4050107468e-03
Ta->Al,5.9566214353e+01,96,5.8396980000e+02,5.8593635948e+02,3.3675705076e-03,5.8595903340e+02,3.4063977317e-03
Ta->Al,6.6834391757e+01,97,5.1329070000e+02,5.1019835768e+02,-6.0245438392e-03,5.1021369264e+02,-5.9946680465e-03
Ta->Al,7.4989420933e+01,98,4.2603010000e+02,4.2759625727e+02,3.6761657638e-03,4.2760497696e+02,3.6966330818e-03
Ta->Al,8.4139514165e+01,99,3.5916680000e+02,3.5762360758e+02,-4.2965898270e-03,3.5762647216e+02,-4.2886141951e-03
Ta->Al,9.4406087629e+01,100,3.0521750000e+02,3.0491170636e+02,-1.0018876285e-03,3.0491025985e+02,-1.0066269024e-03
Ta->Al,1.0592537252e+02,101,2.3614830000e+02,2.3689377296e+02,3.1568000313e-03,2.3688927870e+02,3.1377685134e-03
Ta->Al,1.1885022274e+02,102,1.9107450000e+02,1.9132430265e+02,1.3073573350e-03,1.9131816166e+02,1.2752180704e-03
Ta->Al,1.3335214322e+02,103,1.5645770000e+02,1.5652865704e+02,4.5352220713e-04,1.5652136777e+02,4.0693278606e-04
Ta->Al,1.4962356561e+02,104,1.1304050000e+02,1.1301156907e+02,-2.5593422051e-04,1.1300498350e+02,-3.1419270902e-04
Ta->Al,1.6788040181e+02,105,8.3901630000e+01,8.3888254158e+01,-1.5942290578e-04,8.3882657074e+01,-2.2613298972e-04
Ta->Al,1.8836490895e+02,106,6.6181710000e+01,6.6152188232e+01,-4.4607140675e-04,6.6147383680e+01,-5.1866777505e-04
Ta->Al,2.1134890398e+02,107,4.4844330000e+01,4.4944414432e+01,2.2318191020e-03,4.4941023015e+01,2.1561926451e-03
Ta->Al,2.3713737057e+02,108,2.9166000000e+01,2.9220221005e+01,1.8590483852e-03,2.9218038688e+01,1.7842243791e-03
Ta->Al,2.6607250598e+02,109,2.0788880000e+01,2.0796280839e+01,3.5599988781e-04,2.0794792785e+01,2.8442055349e-04
Ta->Al,2.9853826189e+02,110,1.3852800000e+01,1.3807826017e+01,-3.2465626190e-03,1.3806910704e+01,-3.3126368992e-03
Ta->Al,3.3496543916e+02,111,7.3143830000e+00,7.3317963194e+00,2.3806956034e-03,7.3313551922e+00,2.3203860404e-03
Ta->Al,3.7583740429e+02,112,4.1865420000e+00,4.1784854947e+00,-1.9243818287e-03,4.1782605748e+00,-1.9781063227e-03
Ta->Al,4.2169650343e+02,113,2.3870140000e+00,2.4026497935e+00,6.5503568418e-03,2.4025361087e+00,6.5027305003e-03
Ta->Al,4.7315125896e+02,114,9.1508720000e-01,9.0808873066e-01,-7.6478715253e-03,9.0805169096e-01,-7.6883482160e-03
Ta->Al,5.3088444423e+02,115,3.2593600000e-01,3.2591118552e-01,-7.6132976478e-05,3.2589984259e-01,-1.1093407642e-04
Ta->Al,5.9566214353e+02,116,1.0835690000e-01,1.0831310342e-01,-4.0418815908e-04,1.0831006190e-01,-4.3225768062e-04
Ta->Al,6.6834391757e+02,117,1.8210300000e-02,1.8186410937e-02,-1.3118434541e-03,1.8186063849e-02,-1.3309034342e-03
Ta->Al,7.4989420933e+02,118,3.1610130000e-03,3.1634390590e-03,7.6749414749e-04,3.1634060149e-03,7.5704052665e-04
Ta->Al,8.4139514165e+02,119,4.6693260000e-04,4.6444045006e-04,-5.3372798142e-03,4.6443798546e-04,-5.3425580847e-03
Ta->Al,9.4406087629e+02,120,1.3313890000e-05,1.3320330658e-05,4.8375478361e-04,1.3320253682e-05,4.7797319015e-04
Al->Hf,1.0592537252e+01,81,2.2178830000e+03,2.2100150308e+03,-3.5475131760e-03,2.2107850060e+03,-3.2003464771e-03
Al->Hf,1.1885022274e+01,82,2.0975050000e+03,2.0950434036e+03,-1.1735830861e-03,2.0950725606e+03,-1.1596822856e-03
Al->Hf,1.3335214322e+01,83,1.9737530000e+03,1.9659767247e+03,-3.9398421663e-03,1.9662191863e+03,-3.8169992157e-03
Al->Hf,1.4962356561e+01,84,1.8812130000e+03,1.8793195430e+03,-1.0065085835e-03,1.8796118848e+03,-8.5110787496e-04
Al->Hf,1.6788040181e+01,85,1.7711500000e+03,1.7697128326e+03,-8.1143180565e-04,1.7700240220e+03,-6.3573274064e-04
Al->Hf,1.8836490895e+01,86,1.6343330000e+03,1.6379713741e+03,2.2262134552e-03,1.6380546505e+03,2.2771678065e-03
Al->Hf,2.1134890398e+01,87,1.5284500000e+03,1.5342615075e+03,3.8022228367e-03,1.5345448613e+03,3.9876092181e-03
Al->Hf,2.3713737057e+01,88,1.4104600000e+03,1.4026222741e+03,-5.5568579796e-03,1.4026757940e+03,-5.5189129983e-03
Al->Hf,2.6607250598e+01,89,1.2942450000e+03,1.2935600047e+03,-5.2926249136e-04,1.2936621656e+03,-4.5032773793e-04
Al->Hf,2.9853826189e+01,90,1.1791510000e+03,1.1823469661e+03,2.7103959701e-03,1.1824831393e+03,2.8258800856e-03
Al->Hf,3.3496543916e+01,91,1.0745810000e+03,1.0739944212e+03,-5.4586746833e-04,1.0740391207e+03,-5.0427033867e-04
Al->Hf,3.7583740429e+01,92,9.5621290000e+02,9.5553412926e+02,-7.0985314647e-04,9.5559397421e+02,-6.4726776846e-04
Al->Hf,4.2169650343e+01,93,8.6454830000e+02,8.6186175023e+02,-3.1074605845e-03,8.6190353081e+02,-3.0591341061e-03
Al->Hf,4.7315125896e+01,94,7.6071420000e+02,7.6429710743e+02,4.7099257958e-03,7.6433517636e+02,4.7599694596e-03
Al->Hf,5.3088444423e+01,95,6.5940290000e+02,6.5783386519e+02,-2.3794781825e-03,6.5786274837e+02,-2.3356761528e-03
Al->Hf,5.9566214353e+01,96,5.8687490000e+02,5.8656216661e+02,-5.3287914398e-04,5.8658353889e+02,-4.9646203886e-04
Al->Hf,6.6834391757e+01,97,4.9765670000e+02,4.9895145482e+02,2.6017027854e-03,4.9896517850e+02,2.6292793763e-03
Al->Hf,7.4989420933e+01,98,4.1232590000e+02,4.1139722323e+02,-2.2522882358e-03,4.1140434465e+02,-2.2350168777e-03
Al->Hf,8.4139514165e+01,99,3.5850260000e+02,3.5907343748e+02,1.5922826775e-03,3.5907515427e+02,1.5970714571e-03
Al->Hf,9.4406087629e+01,100,2.9323470000e+02,2.9331731141e+02,2.8172454419e-04,2.9331479202e+02,2.7313283034e-04
Al->Hf,1.0592537252e+02,101,2.2557990000e+02,2.2540112473e+02,-7.9251419409e-04,2.2539610604e+02,-8.1476212878e-04
Al->Hf,1.1885022274e+02,102,1.8808850000e+02,1.8827722236e+02,1.0033700192e-03,1.8827051102e+02,9.6768820453e-04
Al->Hf,1.3335214322e+02,103,1.5074610000e+02,1.5101368797e+02,1.7750904985e-03,1.5100617016e+02,1.7252198110e-03
Al->Hf,1.4962356561e+02,104,1.0683320000e+02,1.0644748113e+02,-3.6104775432e-03,1.0644101965e+02,-3.6709594864e-03
Al->Hf,1.6788040181e+02,105,7.9800480000e+01,7.9973164652e+01,2.1639550533e-03,7.9967708100e+01,2.0955776236e-03
Al->Hf,1.8836490895e+02,106,6.3747360000e+01,6.3779973151e+01,5.1160003112e-04,6.3775273030e+01,4.3786957801e-04
Al->Hf,2.1134890398e+02,107,4.2135380000e+01,4.2063729168e+01,-1.7004909472e-03,4.2060553554e+01,-1.7758578594e-03
Al->Hf,2.3713737057e+02,108,2.7199480000e+01,2.7173971162e+01,-9.3784286697e-04,2.7171956144e+01,-1.0119258258e-03
Al->Hf,2.6607250598e+02,109,1.9781710000e+01,1.9843048415e+01,3.1007640222e-03,1.9841650860e+01,3.0301151979e-03
Al->Hf,2.9853826189e+02,110,1.2378110000e+01,1.2356678173e+01,-1.7314296489e-03,1.2355876823e+01,-1.7961690001e-03
Al->Hf,3.3496543916e+02,111,6.4922660000e+00,6.4891626481e+00,-4.7800750327e-04,6.4887830162e+00,-5.3648200026e-04
Al->Hf,3.7583740429e+02,112,3.9716400000e+00,3.9599727930e+00,-2.9376295418e-03,3.9597666645e+00,-2.9895296414e-03
Al->Hf,4.2169650343e+02,113,1.8739760000e+00,1.8823948939e+00,4.4925302895e-03,1.8823094149e+00,4.4469165499e-03
Al->Hf,4.7315125896e+02,114,7.0114530000e-01,7.0156874305e-01,6.0393052486e-04,7.0154131094e-01,5.6480581770e-04
Al->Hf,5.3088444423e+02,115,2.8303500000e-01,2.8286541546e-01,-5.9916455322e-04,2.8285613276e-01,-6.3196156936e-04
Al->Hf,5.9566214353e+02,116,5.4065780000e-02,5.3926158143e-02,-2.5824441541e-03,5.3924809614e-02,-2.6073865134e-03
Al->Hf,6.6834391757e+02,117,1.2486090000e-02,1.2486376104e-02,2.2913780914e-05,1.2486176210e-02,6.9044940650e-06
Al->Hf,7.4989420933e+02,118,1.3426680000e-03,1.3434257862e-03,5.6438836951e-04,1.3434157295e-03,5.5689824927e-04
Al->Hf,8.4139514165e+02,119,1.6302540000e-04,1.6293208074e-04,-5.7242162065e-04,1.6293134459e-04,-5.7693717084e-04
Al->Hf,9.4406087629e+02,120,7.8777400000e-07,8.1711521770e-07,3.7245729996e-02,8.1710574215e-07,3.7233701731e-02
