# QPD Phase-12 plan 12-01 (VALD-10, plateau leg) -- dR/dT against the
#   analytic flat-box T->0 plateau, over the FULL ROADMAP SC2 window.
# Analytic plateau = 2372.368328 counts/kg/day/keV.
# Method: sum_i N_i (G_F^2 M_i/4pi) Q_W_i^2 (hbar c)^2 x int Phi dE x 86400, with (1 - MT/2E^2) -> 1 and the Helm form factor OFF; computed from the frozen flux table and the locked cross-section prefactor, NOT by extrapolating dR/dT downward
# int Phi dE = 7.495760e+12 nubar/cm^2/s, integrated knot by knot
#   over the frozen table's own span (0.1 - 10 MeV).
# Window: 0.0999350 eV (the Phase-10 extended-grid floor) to 10 eV, inclusive.
#   The window is ROADMAP SC2's own; it was NOT narrowed (fp-narrow-the-window).
# dR/dT is cevns.differential_rate with the Helm form factor ON:
#   UNBROADENED, no response matrix, no trigger curve. Plan 12-02 owns those.
# Normalization: data/flux/reactor_flux_v1.0.csv, 3 GW_th / 25 m, surface,
#   unshielded, UNMODIFIED (CONVENTIONS Section D).
# Units: T in eV (nuclear recoil, no quenching); dR/dT and the plateau in
#   counts/kg/day/keV; ratio, deficit and slope dimensionless.
T_eV,dRdT,analytic_plateau,ratio,deficit,loglog_slope
9.9935000000e-02,2.3502741782e+03,2.3723683275e+03,9.9068688069e-01,9.3131193120e-03,-1.6146200531e-02
1.0187954557e-01,2.3495429880e+03,2.3723683275e+03,9.9037866958e-01,9.6213304198e-03,-1.6305873755e-02
1.0386192832e-01,2.3487975702e+03,2.3723683275e+03,9.9006446129e-01,9.9355387082e-03,-1.6628430466e-02
1.0588288447e-01,2.3480376480e+03,2.3723683275e+03,9.8974413913e-01,1.0255860870e-02,-1.6957474327e-02
1.0794316459e-01,2.3472629393e+03,2.3723683275e+03,9.8941758413e-01,1.0582415868e-02,-1.7293140063e-02
1.1004353386e-01,2.3464731563e+03,2.3723683275e+03,9.8908467502e-01,1.0915324982e-02,-1.7635565366e-02
1.1218477234e-01,2.3456680056e+03,2.3723683275e+03,9.8874528815e-01,1.1254711849e-02,-1.7984890970e-02
1.1436767525e-01,2.3448471883e+03,2.3723683275e+03,9.8839929749e-01,1.1600702512e-02,-1.8341260722e-02
1.1659305331e-01,2.3440103995e+03,2.3723683275e+03,9.8804657453e-01,1.1953425468e-02,-1.8704821661e-02
1.1886173301e-01,2.3431573285e+03,2.3723683275e+03,9.8768698829e-01,1.2313011714e-02,-1.9075724095e-02
1.2117455692e-01,2.3422876584e+03,2.3723683275e+03,9.8732040521e-01,1.2679594795e-02,-1.9454121683e-02
1.2353238399e-01,2.3414010663e+03,2.3723683275e+03,9.8694668915e-01,1.3053310855e-02,-1.9840171515e-02
1.2593608990e-01,2.3404972228e+03,2.3723683275e+03,9.8656570131e-01,1.3434298686e-02,-2.0234034201e-02
1.2838656737e-01,2.3395757924e+03,2.3723683275e+03,9.8617730022e-01,1.3822699783e-02,-2.0635873958e-02
1.3088472649e-01,2.3386364327e+03,2.3723683275e+03,9.8578134161e-01,1.4218658392e-02,-2.1045858698e-02
1.3343149505e-01,2.3376787950e+03,2.3723683275e+03,9.8537767843e-01,1.4622321566e-02,-2.1464160123e-02
1.3602781889e-01,2.3367025235e+03,2.3723683275e+03,9.8496616078e-01,1.5033839220e-02,-2.1890953822e-02
1.3867466227e-01,2.3357072558e+03,2.3723683275e+03,9.8454663581e-01,1.5453364186e-02,-2.2326419366e-02
1.4137300820e-01,2.3346926221e+03,2.3723683275e+03,9.8411894773e-01,1.5881052270e-02,-2.2770740411e-02
1.4412385883e-01,2.3336582457e+03,2.3723683275e+03,9.8368293769e-01,1.6317062308e-02,-2.3224104804e-02
1.4692823579e-01,2.3326037424e+03,2.3723683275e+03,9.8323844377e-01,1.6761556229e-02,-2.3686704690e-02
1.4978718061e-01,2.3315287206e+03,2.3723683275e+03,9.8278530089e-01,1.7214699110e-02,-2.4158736621e-02
1.5270175508e-01,2.3304327810e+03,2.3723683275e+03,9.8232334076e-01,1.7676659242e-02,-2.4640401672e-02
1.5567304163e-01,2.3293155166e+03,2.3723683275e+03,9.8185239181e-01,1.8147608190e-02,-2.5131905557e-02
1.5870214379e-01,2.3281765125e+03,2.3723683275e+03,9.8137227914e-01,1.8627720858e-02,-2.5633458753e-02
1.6179018653e-01,2.3270153457e+03,2.3723683275e+03,9.8088282445e-01,1.9117175552e-02,-2.6145276622e-02
1.6493831673e-01,2.3258315850e+03,2.3723683275e+03,9.8038384595e-01,1.9616154047e-02,-2.6667579543e-02
1.6814770357e-01,2.3246247906e+03,2.3723683275e+03,9.7987515834e-01,2.0124841657e-02,-2.7200593040e-02
1.7141953899e-01,2.3233945144e+03,2.3723683275e+03,9.7935657270e-01,2.0643427300e-02,-2.7744547924e-02
1.7475503812e-01,2.3221402996e+03,2.3723683275e+03,9.7882789643e-01,2.1172103571e-02,-2.8299680432e-02
1.7815543974e-01,2.3208616803e+03,2.3723683275e+03,9.7828893319e-01,2.1711066812e-02,-2.8866232373e-02
1.8162200673e-01,2.3195581816e+03,2.3723683275e+03,9.7773948282e-01,2.2260517184e-02,-2.9444451277e-02
1.8515602653e-01,2.3182293195e+03,2.3723683275e+03,9.7717934125e-01,2.2820658745e-02,-3.0034590553e-02
1.8875881166e-01,2.3168746004e+03,2.3723683275e+03,9.7660830048e-01,2.3391699522e-02,-3.0636909648e-02
1.9243170016e-01,2.3154935213e+03,2.3723683275e+03,9.7602614841e-01,2.3973851591e-02,-3.1251674211e-02
1.9617605610e-01,2.3140855692e+03,2.3723683275e+03,9.7543266885e-01,2.4567331152e-02,-3.1879156266e-02
1.9999327010e-01,2.3126502212e+03,2.3723683275e+03,9.7482764139e-01,2.5172358614e-02,-3.2519634385e-02
2.0388475986e-01,2.3111869443e+03,2.3723683275e+03,9.7421084133e-01,2.5789158674e-02,-3.3173393875e-02
2.0785197062e-01,2.3096951950e+03,2.3723683275e+03,9.7358203960e-01,2.6417960401e-02,-3.3840726961e-02
2.1189637577e-01,2.3081744193e+03,2.3723683275e+03,9.7294100268e-01,2.7058997321e-02,-3.4521932985e-02
2.1601947739e-01,2.3066240524e+03,2.3723683275e+03,9.7228749250e-01,2.7712507503e-02,-3.5217318604e-02
2.2022280674e-01,2.3050435186e+03,2.3723683275e+03,9.7162126635e-01,2.8378733651e-02,-3.5927197998e-02
2.2450792491e-01,2.3034322309e+03,2.3723683275e+03,9.7094207681e-01,2.9057923188e-02,-3.6651893085e-02
2.2887642335e-01,2.3017895908e+03,2.3723683275e+03,9.7024967165e-01,2.9750328352e-02,-3.7391733744e-02
2.3332992448e-01,2.3001149883e+03,2.3723683275e+03,9.6954379371e-01,3.0456206292e-02,-3.8147058046e-02
2.3787008231e-01,2.2984078016e+03,2.3723683275e+03,9.6882418084e-01,3.1175819156e-02,-3.8918212486e-02
2.4249858299e-01,2.2966673965e+03,2.3723683275e+03,9.6809056580e-01,3.1909434196e-02,-3.9705552235e-02
2.4721714552e-01,2.2948931267e+03,2.3723683275e+03,9.6734267614e-01,3.2657323862e-02,-4.0509441393e-02
2.5202752232e-01,2.2930843334e+03,2.3723683275e+03,9.6658023409e-01,3.3419765907e-02,-4.1330253250e-02
2.5693149994e-01,2.2912403447e+03,2.3723683275e+03,9.6580295651e-01,3.4197043487e-02,-4.2168370560e-02
2.6193089966e-01,2.2893604758e+03,2.3723683275e+03,9.6501055473e-01,3.4989445267e-02,-4.3024185828e-02
2.6702757822e-01,2.2874440286e+03,2.3723683275e+03,9.6420273447e-01,3.5797265530e-02,-4.3898101594e-02
2.7222342848e-01,2.2854902913e+03,2.3723683275e+03,9.6337919572e-01,3.6620804285e-02,-4.4790530744e-02
2.7752038012e-01,2.2834985384e+03,2.3723683275e+03,9.6253963262e-01,3.7460367377e-02,-4.5701226815e-02
2.8292040041e-01,2.2814680891e+03,2.3723683275e+03,9.6168375823e-01,3.8316241768e-02,-4.6613901271e-02
2.8842549484e-01,2.2793996583e+03,2.3723683275e+03,9.6081187390e-01,3.9188126102e-02,-4.7488960126e-02
2.9403770798e-01,2.2772960463e+03,2.3723683275e+03,9.5992515996e-01,4.0074840040e-02,-4.8283776844e-02
2.9975912413e-01,2.2751616992e+03,2.3723683275e+03,9.5902549061e-01,4.0974509387e-02,-4.9000963208e-02
3.0559186820e-01,2.2729991669e+03,2.3723683275e+03,9.5811394064e-01,4.1886059360e-02,-4.9679901808e-02
3.1153810640e-01,2.2708094238e+03,2.3723683275e+03,9.5719092077e-01,4.2809079226e-02,-5.0344153424e-02
3.1760004712e-01,2.2685929474e+03,2.3723683275e+03,9.5625663228e-01,4.3743367720e-02,-5.1012718202e-02
3.2377994171e-01,2.2663490488e+03,2.3723683275e+03,9.5531078482e-01,4.4689215180e-02,-5.1696827879e-02
3.3008008533e-01,2.2640772278e+03,2.3723683275e+03,9.5435316748e-01,4.5646832523e-02,-5.2393923718e-02
3.3650281780e-01,2.2617770261e+03,2.3723683275e+03,9.5338358713e-01,4.6616412870e-02,-5.3103039373e-02
3.4305052446e-01,2.2594480342e+03,2.3723683275e+03,9.5240187115e-01,4.7598128853e-02,-5.3822555819e-02
3.4972563707e-01,2.2570899412e+03,2.3723683275e+03,9.5140788850e-01,4.8592111496e-02,-5.4548435403e-02
3.5653063472e-01,2.2547026946e+03,2.3723683275e+03,9.5040161702e-01,4.9598382980e-02,-5.5279446626e-02
3.6346804471e-01,2.2522860953e+03,2.3723683275e+03,9.4938297277e-01,5.0617027234e-02,-5.6019446778e-02
3.7054044355e-01,2.2498397600e+03,2.3723683275e+03,9.4835179426e-01,5.1648205744e-02,-5.6770939619e-02
3.7775045785e-01,2.2473632784e+03,2.3723683275e+03,9.4730790845e-01,5.2692091554e-02,-8.2570504579e-02
3.8510076536e-01,2.2426910984e+03,2.3723683275e+03,9.4533849252e-01,5.4661507477e-02,-1.8849203864e-01
3.9259409592e-01,2.2310954801e+03,2.3723683275e+03,9.4045071090e-01,5.9549289102e-02,-1.8364476357e-01
4.0023323247e-01,2.2268731187e+03,2.3723683275e+03,9.3867090234e-01,6.1329097656e-02,-1.4704999077e-01
4.0802101214e-01,2.2184861471e+03,2.3723683275e+03,9.3513562855e-01,6.4864371453e-02,-1.7170657447e-01
4.1596032722e-01,2.2121843563e+03,2.3723683275e+03,9.3247929955e-01,6.7520700452e-02,-1.0135502491e-01
4.2405412633e-01,2.2098366054e+03,2.3723683275e+03,9.3148967627e-01,6.8510323726e-02,-5.5451323332e-02
4.3230541541e-01,2.2074614611e+03,2.3723683275e+03,9.3048850612e-01,6.9511493875e-02,-5.6160600390e-02
4.4071725893e-01,2.2050584414e+03,2.3723683275e+03,9.2947558598e-01,7.0524414021e-02,-5.6886948183e-02
4.4929278097e-01,2.2026267688e+03,2.3723683275e+03,9.2845058805e-01,7.1549411947e-02,-5.7636374091e-02
4.5803516641e-01,2.2001654601e+03,2.3723683275e+03,9.2741309793e-01,7.2586902068e-02,-5.8412690214e-02
4.6694766209e-01,2.1976734255e+03,2.3723683275e+03,9.2636265624e-01,7.3637343757e-02,-5.9216877074e-02
4.7603357803e-01,2.1951496114e+03,2.3723683275e+03,9.2529881889e-01,7.4701181108e-02,-6.0049302412e-02
4.8529628867e-01,2.1925929105e+03,2.3723683275e+03,9.2422111905e-01,7.5778880947e-02,-6.0911086462e-02
4.9473923408e-01,2.1900021882e+03,2.3723683275e+03,9.2312907857e-01,7.6870921425e-02,-6.1798903843e-02
5.0436592131e-01,2.1873766322e+03,2.3723683275e+03,9.2202235495e-01,7.7977645048e-02,-6.2698666618e-02
5.1417992561e-01,2.1847163082e+03,2.3723683275e+03,9.2090097597e-01,7.9099024031e-02,-6.3609574454e-02
5.2418489183e-01,2.1820204802e+03,2.3723683275e+03,9.1976463136e-01,8.0235368636e-02,-6.4591185239e-02
5.3438453571e-01,2.1792842186e+03,2.3723683275e+03,9.1861124317e-01,8.1388756826e-02,-6.5700448515e-02
5.4478264532e-01,2.1765020381e+03,2.3723683275e+03,9.1743849925e-01,8.2561500749e-02,-6.6926236209e-02
5.5538308242e-01,2.1736699995e+03,2.3723683275e+03,9.1624473918e-01,8.3755260816e-02,-6.8232310583e-02
5.6618978393e-01,2.1707857078e+03,2.3723683275e+03,9.1502895340e-01,8.4971046603e-02,-6.9578311266e-02
5.7720676335e-01,2.1678486404e+03,2.3723683275e+03,9.1379092160e-01,8.6209078398e-02,-7.0927621270e-02
5.8843811229e-01,2.1648594853e+03,2.3723683275e+03,9.1253093381e-01,8.7469066191e-02,-7.2265303765e-02
5.9988800199e-01,2.1618189751e+03,2.3723683275e+03,9.1124929885e-01,8.8750701150e-02,-7.3590928585e-02
6.1156068483e-01,2.1587278357e+03,2.3723683275e+03,9.0994632270e-01,9.0053677302e-02,-7.4903622550e-02
6.2346049593e-01,2.1555868739e+03,2.3723683275e+03,9.0862234540e-01,9.1377654596e-02,-7.6200846351e-02
6.3559185480e-01,2.1523970271e+03,2.3723683275e+03,9.0727776213e-01,9.2722237873e-02,-7.7477698300e-02
6.4795926690e-01,2.1491595076e+03,2.3723683275e+03,9.0591308383e-01,9.4086916172e-02,-7.8729767107e-02
6.6056732538e-01,2.1458756143e+03,2.3723683275e+03,9.0452885813e-01,9.5471141875e-02,-7.9955504201e-02
6.7342071277e-01,2.1425466815e+03,2.3723683275e+03,9.0312564731e-01,9.6874352690e-02,-8.1153577147e-02
6.8652420271e-01,2.1391741104e+03,2.3723683275e+03,9.0170404215e-01,9.8295957846e-02,-8.2323038235e-02
6.9988266171e-01,2.1357593046e+03,2.3723683275e+03,9.0026463419e-01,9.9735365805e-02,-8.3461852071e-02
7.1350105098e-01,2.1323038230e+03,2.3723683275e+03,8.9880808061e-01,1.0119191939e-01,-8.4562344157e-02
7.2738442828e-01,2.1288096875e+03,2.3723683275e+03,8.9733523367e-01,1.0266476633e-01,-8.5603400881e-02
7.4153794978e-01,2.1252801716e+03,2.3723683275e+03,8.9584747314e-01,1.0415252686e-01,-8.6564848088e-02
7.5596687196e-01,2.1217189206e+03,2.3723683275e+03,8.9434633569e-01,1.0565366431e-01,-8.7443092503e-02
7.7067655361e-01,2.1181294618e+03,2.3723683275e+03,8.9283330805e-01,1.0716669195e-01,-8.8241743115e-02
7.8567245776e-01,2.1145151031e+03,2.3723683275e+03,8.9130978466e-01,1.0869021534e-01,-8.8966686356e-02
8.0096015376e-01,2.1108788504e+03,2.3723683275e+03,8.8977703249e-01,1.1022296751e-01,-8.9624160169e-02
8.1654531934e-01,2.1072234651e+03,2.3723683275e+03,8.8823621554e-01,1.1176378446e-01,-9.0214644590e-02
8.3243374269e-01,2.1035518769e+03,2.3723683275e+03,8.8668856876e-01,1.1331143124e-01,-9.0736192327e-02
8.4863132461e-01,2.0998669683e+03,2.3723683275e+03,8.8513530715e-01,1.1486469285e-01,-9.1190560859e-02
8.6514408077e-01,2.0961714884e+03,2.3723683275e+03,8.8357758958e-01,1.1642241042e-01,-9.1598250504e-02
8.8197814384e-01,2.0924666285e+03,2.3723683275e+03,8.8201591811e-01,1.1798408189e-01,-9.1969173734e-02
8.9913976586e-01,2.0887543106e+03,2.3723683275e+03,8.8045110297e-01,1.1954889703e-01,-9.2280205067e-02
9.1663532049e-01,2.0850375647e+03,2.3723683275e+03,8.7888442134e-01,1.2111557866e-01,-9.2513720918e-02
9.3447130544e-01,2.0813196945e+03,2.3723683275e+03,8.7731726577e-01,1.2268273423e-01,-9.2651485278e-02
9.5265434482e-01,2.0776051462e+03,2.3723683275e+03,8.7575151046e-01,1.2424848954e-01,-9.2674517447e-02
9.7119119167e-01,2.0738986878e+03,2.3723683275e+03,8.7418916522e-01,1.2581083478e-01,-9.2589844607e-02
9.9008873041e-01,2.0702041399e+03,2.3723683275e+03,8.7263184048e-01,1.2736815952e-01,-9.2447390258e-02
1.0093539794e+00,2.0665222313e+03,2.3723683275e+03,8.7107984342e-01,1.2892015658e-01,-9.2423145007e-02
1.0289940936e+00,2.0628427519e+03,2.3723683275e+03,8.6952887034e-01,1.3047112966e-01,-9.2645645341e-02
1.0490163672e+00,2.0591562768e+03,2.3723683275e+03,8.6797494846e-01,1.3202505154e-01,-9.3075771630e-02
1.0694282363e+00,2.0554558367e+03,2.3723683275e+03,8.6641514005e-01,1.3358485995e-01,-9.3665344298e-02
1.0902372816e+00,2.0517359395e+03,2.3723683275e+03,8.6484713004e-01,1.3515286996e-01,-9.4339880132e-02
1.1114512314e+00,2.0479955892e+03,2.3723683275e+03,8.6327049871e-01,1.3672950129e-01,-9.5024754983e-02
1.1330779645e+00,2.0442352314e+03,2.3723683275e+03,8.6168543379e-01,1.3831456621e-01,-9.5713819706e-02
1.1551255129e+00,2.0404543635e+03,2.3723683275e+03,8.6009172347e-01,1.3990827653e-01,-9.6444207257e-02
1.1776020647e+00,2.0366505179e+03,2.3723683275e+03,8.5848832757e-01,1.4151167243e-01,-9.7259316898e-02
1.2005159675e+00,2.0328198134e+03,2.3723683275e+03,8.5687361016e-01,1.4312638984e-01,-9.8162151826e-02
1.2238757315e+00,2.0289595964e+03,2.3723683275e+03,8.5524645261e-01,1.4475354739e-01,-9.9119560767e-02
1.2476900321e+00,2.0250686295e+03,2.3723683275e+03,8.5360633340e-01,1.4639366660e-01,-1.0010381617e-01
1.2719677139e+00,2.0211464567e+03,2.3723683275e+03,8.5195306027e-01,1.4804693973e-01,-1.0109076223e-01
1.2967177934e+00,2.0171937391e+03,2.3723683275e+03,8.5028691191e-01,1.4971308809e-01,-1.0206709667e-01
1.3219494624e+00,2.0132110593e+03,2.3723683275e+03,8.4860813389e-01,1.5139186611e-01,-1.0303969336e-01
1.3476720919e+00,2.0091985421e+03,2.3723683275e+03,8.4691677882e-01,1.5308322118e-01,-1.0403311167e-01
1.3738952350e+00,2.0051548714e+03,2.3723683275e+03,8.4521229193e-01,1.5478770807e-01,-1.0507182768e-01
1.4006286306e+00,2.0010782969e+03,2.3723683275e+03,8.4349393544e-01,1.5650606456e-01,-1.0615947506e-01
1.4278822075e+00,1.9969672530e+03,2.3723683275e+03,8.4176104944e-01,1.5823895056e-01,-1.0728563307e-01
1.4556660873e+00,1.9928208243e+03,2.3723683275e+03,8.4001324804e-01,1.5998675196e-01,-1.0843796089e-01
1.4839905887e+00,1.9886384204e+03,2.3723683275e+03,8.3825028235e-01,1.6174971765e-01,-1.0960639204e-01
1.5128662312e+00,1.9844199166e+03,2.3723683275e+03,8.3647209989e-01,1.6352790011e-01,-1.1079352728e-01
1.5423037389e+00,1.9801645393e+03,2.3723683275e+03,8.3467837449e-01,1.6532162551e-01,-1.1202444021e-01
1.5723140447e+00,1.9758702690e+03,2.3723683275e+03,8.3286825494e-01,1.6713174506e-01,-1.1338783144e-01
1.6029082941e+00,1.9715296220e+03,2.3723683275e+03,8.3103858670e-01,1.6896141330e-01,-1.3321759218e-01
1.6340978496e+00,1.9657511052e+03,2.3723683275e+03,8.2860282797e-01,1.7139717203e-01,-1.3474480886e-01
1.6658942947e+00,1.9613172365e+03,2.3723683275e+03,8.2673386497e-01,1.7326613503e-01,-2.1013833140e-01
1.6983094384e+00,1.9498943120e+03,2.3723683275e+03,8.2191887719e-01,1.7808112281e-01,-2.6269583531e-01
1.7313553192e+00,1.9415592184e+03,2.3723683275e+03,8.1840547098e-01,1.8159452902e-01,-1.7179003495e-01
1.7650442102e+00,1.9370263091e+03,2.3723683275e+03,8.1649476038e-01,1.8350523962e-01,-1.5563800178e-01
1.7993886232e+00,1.9299473144e+03,2.3723683275e+03,8.1351082460e-01,1.8648917540e-01,-1.5695834177e-01
1.8344013132e+00,1.9253435336e+03,2.3723683275e+03,8.1157024027e-01,1.8842975973e-01,-1.2456897848e-01
1.8700952839e+00,1.9207034769e+03,2.3723683275e+03,8.0961436494e-01,1.9038563506e-01,-1.2584581141e-01
1.9064837915e+00,1.9160274524e+03,2.3723683275e+03,8.0764332848e-01,1.9235667152e-01,-1.2714093000e-01
1.9435803504e+00,1.9113144379e+03,2.3723683275e+03,8.0565669998e-01,1.9434330002e-01,-1.2849518259e-01
1.9813987381e+00,1.9065617535e+03,2.3723683275e+03,8.0365334987e-01,1.9634665013e-01,-1.2992410951e-01
2.0199529998e+00,1.9017672812e+03,2.3723683275e+03,8.0163238528e-01,1.9836761472e-01,-1.3141622009e-01
2.0592574543e+00,1.8969292421e+03,2.3723683275e+03,7.9959305648e-01,2.0040694352e-01,-1.3296314125e-01
2.0993266990e+00,1.8920461817e+03,2.3723683275e+03,7.9753475029e-01,2.0246524971e-01,-1.3454944425e-01
2.1401756152e+00,1.8871174910e+03,2.3723683275e+03,7.9545721003e-01,2.0454278997e-01,-1.3615254888e-01
2.1818193739e+00,1.8821433913e+03,2.3723683275e+03,7.9336052898e-01,2.0663947102e-01,-1.3776559845e-01
2.2242734411e+00,1.8771237908e+03,2.3723683275e+03,7.9124466849e-01,2.0875533151e-01,-1.3940024968e-01
2.2675535840e+00,1.8720580829e+03,2.3723683275e+03,7.8910937277e-01,2.1089062723e-01,-1.4106817638e-01
2.3116758763e+00,1.8669453574e+03,2.3723683275e+03,7.8695425821e-01,2.1304574179e-01,-1.4277962530e-01
2.3566567048e+00,1.8617843039e+03,2.3723683275e+03,7.8477877245e-01,2.1522122755e-01,-1.4454058339e-01
2.4025127749e+00,1.8565736239e+03,2.3723683275e+03,7.8258236815e-01,2.1741763185e-01,-1.4634643326e-01
2.4492611171e+00,1.8513123831e+03,2.3723683275e+03,7.8036465149e-01,2.1963534851e-01,-1.4819341172e-01
2.4969190935e+00,1.8459995956e+03,2.3723683275e+03,7.7812520684e-01,2.2187479316e-01,-1.5008393190e-01
2.5455044036e+00,1.8406341968e+03,2.3723683275e+03,7.7586358554e-01,2.2413641446e-01,-1.5201388028e-01
2.5950350918e+00,1.8352155355e+03,2.3723683275e+03,7.7357951301e-01,2.2642048699e-01,-1.5398769152e-01
2.6455295532e+00,1.8297422768e+03,2.3723683275e+03,7.7127242661e-01,2.2872757339e-01,-1.5601960877e-01
2.6970065411e+00,1.8242128114e+03,2.3723683275e+03,7.6894164799e-01,2.3105835201e-01,-1.5811594663e-01
2.7494851736e+00,1.8186254196e+03,2.3723683275e+03,7.6658645222e-01,2.3341354778e-01,-1.6026506860e-01
2.8029849407e+00,1.8129793696e+03,2.3723683275e+03,7.6420653091e-01,2.3579346909e-01,-1.6245293984e-01
2.8575257118e+00,1.8072739784e+03,2.3723683275e+03,7.6180159606e-01,2.3819840394e-01,-1.6467968034e-01
2.9131277428e+00,1.8015085505e+03,2.3723683275e+03,7.5937135459e-01,2.4062864541e-01,-1.6695273964e-01
2.9698116840e+00,1.7956819323e+03,2.3723683275e+03,7.5691532023e-01,2.4308467977e-01,-1.6928360713e-01
3.0275985871e+00,1.7897926871e+03,2.3723683275e+03,7.5443288732e-01,2.4556711268e-01,-1.7167775985e-01
3.0865099138e+00,1.7838393476e+03,2.3723683275e+03,7.5192343741e-01,2.4807656259e-01,-1.7411668066e-01
3.1465675432e+00,1.7778218157e+03,2.3723683275e+03,7.4938692910e-01,2.5061307090e-01,-1.7659196487e-01
3.2077937802e+00,1.7717392564e+03,2.3723683275e+03,7.4682301051e-01,2.5317698949e-01,-1.7911986309e-01
3.2702113636e+00,1.7655905102e+03,2.3723683275e+03,7.4423119281e-01,2.5576880719e-01,-1.8168607823e-01
3.3338434748e+00,1.7593757733e+03,2.3723683275e+03,7.4161155876e-01,2.5838844124e-01,-1.8429166880e-01
3.3987137462e+00,1.7530938694e+03,2.3723683275e+03,7.3896361244e-01,2.6103638756e-01,-1.8697523996e-01
3.4648462701e+00,1.7467424424e+03,2.3723683275e+03,7.3628636082e-01,2.6371363918e-01,-1.8976156735e-01
3.5322656074e+00,1.7403187401e+03,2.3723683275e+03,7.3357864370e-01,2.6642135630e-01,-1.9269337792e-01
3.6009967972e+00,1.7338176662e+03,2.3723683275e+03,7.3083831298e-01,2.6916168702e-01,-1.9580535798e-01
3.6710653657e+00,1.7272343126e+03,2.3723683275e+03,7.2806329970e-01,2.7193670030e-01,-1.9910619604e-01
3.7424973355e+00,1.7205632086e+03,2.3723683275e+03,7.2525129788e-01,2.7474870212e-01,-2.0267850990e-01
3.8153192361e+00,1.7137942014e+03,2.3723683275e+03,7.2239802796e-01,2.7760197204e-01,-2.0652424177e-01
3.8895581127e+00,1.7069219818e+03,2.3723683275e+03,7.1950125199e-01,2.8049874801e-01,-2.1051052192e-01
3.9652415370e+00,1.6999454404e+03,2.3723683275e+03,7.1656050231e-01,2.8343949769e-01,-2.1457373284e-01
4.0423976173e+00,1.6928636202e+03,2.3723683275e+03,7.1357537555e-01,2.8642462445e-01,-2.1880586954e-01
4.1210550086e+00,1.6856695548e+03,2.3723683275e+03,7.1054293518e-01,2.8945706482e-01,-2.2357522942e-01
4.2012429235e+00,1.6783386615e+03,2.3723683275e+03,7.0745281920e-01,2.9254718080e-01,-2.2999735953e-01
4.2829911432e+00,1.6707927086e+03,2.3723683275e+03,7.0427205135e-01,2.9572794865e-01,-2.3810164284e-01
4.3663300281e+00,1.6630069780e+03,2.3723683275e+03,7.0099021249e-01,2.9900978751e-01,-2.4624713763e-01
4.4512905298e+00,1.6550102903e+03,2.3723683275e+03,6.9761945104e-01,3.0238054896e-01,-2.5312154549e-01
4.5379042017e+00,1.6468616999e+03,2.3723683275e+03,6.9418465962e-01,3.0581534038e-01,-2.5749293929e-01
4.6262032113e+00,1.6386665353e+03,2.3723683275e+03,6.9073023625e-01,3.0926976375e-01,-2.5839102719e-01
4.7162203523e+00,1.6305419736e+03,2.3723683275e+03,6.8730557335e-01,3.1269442665e-01,-2.5557686933e-01
4.8079890560e+00,1.6226040051e+03,2.3723683275e+03,6.8395956321e-01,3.1604043679e-01,-2.4928650467e-01
4.9015434048e+00,1.6149505726e+03,2.3723683275e+03,6.8073349059e-01,3.1926650941e-01,-2.4048924717e-01
4.9969181437e+00,1.6076335119e+03,2.3723683275e+03,6.7764920532e-01,3.2235079468e-01,-2.3236247931e-01
5.0941486942e+00,1.6005519466e+03,2.3723683275e+03,6.7466418600e-01,3.2533581400e-01,-2.2750847963e-01
5.1932711667e+00,1.5935982339e+03,2.3723683275e+03,6.7173305908e-01,3.2826694092e-01,-2.2572660305e-01
5.2943223746e+00,1.5866874600e+03,2.3723683275e+03,6.6882003170e-01,3.3117996830e-01,-2.2665094554e-01
5.3973398474e+00,1.5797377012e+03,2.3723683275e+03,6.6589057142e-01,3.3410942858e-01,-2.2941833947e-01
5.5023618448e+00,1.5727192763e+03,2.3723683275e+03,6.6293216699e-01,3.3706783301e-01,-2.3296153186e-01
5.6094273712e+00,1.5656168784e+03,2.3723683275e+03,6.5993836632e-01,3.4006163368e-01,-2.3694441784e-01
5.7185761896e+00,1.5584219372e+03,2.3723683275e+03,6.5690555684e-01,3.4309444316e-01,-2.4136560194e-01
5.8298488370e+00,1.5511197679e+03,2.3723683275e+03,6.5382754855e-01,3.4617245145e-01,-2.4636682450e-01
5.9432866391e+00,1.5436938596e+03,2.3723683275e+03,6.5069738187e-01,3.4930261813e-01,-2.5227982816e-01
6.0589317257e+00,1.5361105785e+03,2.3723683275e+03,6.4750087946e-01,3.5249912054e-01,-2.5903038116e-01
6.1768270464e+00,1.5283588216e+03,2.3723683275e+03,6.4423336120e-01,3.5576663880e-01,-2.6589487095e-01
6.2970163864e+00,1.5204485482e+03,2.3723683275e+03,6.4089902508e-01,3.5910097492e-01,-2.7241336939e-01
6.4195443830e+00,1.5123958073e+03,2.3723683275e+03,6.3750463611e-01,3.6249536389e-01,-2.7820090784e-01
6.5444565421e+00,1.5042325729e+03,2.3723683275e+03,6.3406367192e-01,3.6593632808e-01,-2.8293854271e-01
6.6717992549e+00,1.4959925234e+03,2.3723683275e+03,6.3059032870e-01,3.6940967130e-01,-2.8656282698e-01
6.8016198154e+00,1.4877099957e+03,2.3723683275e+03,6.2709908005e-01,3.7290091995e-01,-2.8901520727e-01
6.9339664378e+00,1.4794206130e+03,2.3723683275e+03,6.2360494187e-01,3.7639505813e-01,-2.9020336457e-01
7.0688882745e+00,1.4711624626e+03,2.3723683275e+03,6.2012396876e-01,3.7987603124e-01,-2.9016972415e-01
7.2064354342e+00,1.4629671781e+03,2.3723683275e+03,6.1666949482e-01,3.8333050518e-01,-2.8890707754e-01
7.3466590008e+00,1.4548716713e+03,2.3723683275e+03,6.1325707921e-01,3.8674292079e-01,-2.8642263145e-01
7.4896110521e+00,1.4469056807e+03,2.3723683275e+03,6.0989925716e-01,3.9010074284e-01,-2.8414338359e-01
7.6353446792e+00,1.4390254618e+03,2.3723683275e+03,6.0657758962e-01,3.9342241038e-01,-2.8360005174e-01
7.7839140063e+00,1.4311762057e+03,2.3723683275e+03,6.0326897351e-01,3.9673102649e-01,-2.8479229756e-01
7.9353742107e+00,1.4233162478e+03,2.3723683275e+03,5.9995584636e-01,4.0004415364e-01,-2.8755870118e-01
8.0897815435e+00,1.4154017549e+03,2.3723683275e+03,5.9661973164e-01,4.0338026836e-01,-2.9131862556e-01
8.2471933501e+00,1.4074244556e+03,2.3723683275e+03,5.9325714279e-01,4.0674285721e-01,-2.9517135758e-01
8.4076680920e+00,1.3993905146e+03,2.3723683275e+03,5.8987067833e-01,4.1012932167e-01,-2.9898261225e-01
8.5712653680e+00,1.3912990658e+03,2.3723683275e+03,5.8645997322e-01,4.1354002678e-01,-3.0300585620e-01
8.7380459367e+00,1.3831426782e+03,2.3723683275e+03,5.8302189511e-01,4.1697810489e-01,-3.0742842099e-01
8.9080717390e+00,1.3749107941e+03,2.3723683275e+03,5.7955199374e-01,4.2044800626e-01,-3.1243282710e-01
9.0814059209e+00,1.3665868661e+03,2.3723683275e+03,5.7604329406e-01,4.2395670594e-01,-3.1822264136e-01
9.2581128574e+00,1.3581504054e+03,2.3723683275e+03,5.7248715962e-01,4.2751284038e-01,-3.2487636981e-01
9.4382581756e+00,1.3495818017e+03,2.3723683275e+03,5.6887532429e-01,4.3112467571e-01,-3.3248227502e-01
9.6219087802e+00,1.3408571897e+03,2.3723683275e+03,5.6519772842e-01,4.3480227158e-01,-3.4623906703e-01
9.8091328771e+00,1.3316914124e+03,2.3723683275e+03,5.6133417265e-01,4.3866582735e-01,-3.7989998565e-01
1.0000000000e+01,1.3213670367e+03,2.3723683275e+03,5.5698224488e-01,4.4301775512e-01,-4.0386858112e-01
