# QPD Phase-12 plan 12-02 (CALC-25) -- dR/dE_rec, design Ta->Al.
# THE MILESTONE'S DECISIVE SIGNAL DELIVERABLE, from 100 meV upward.
# Response: artifacts/v2.0/response_matrix_TaAl_ext.npz, key
#   R_non_paralyzable, 161 E_rec x 744 E_dep (Phase-10 EXTENDED axis; the
#   v1.0 584-column matrix would truncate the spectrum at 10.14 eV).
# Pipeline order (not negotiable): IA Gaussian broadening on the RECOIL axis
#   -> rebin onto the extended deposit grid -> R(E_rec|E_dep) -> the trigger
#   curve as an ANALYSIS efficiency on top of eps.
# Broadening: APPLIED, broaden=True at the Phase-12 call site. The global
#   ia_broadening.BROADENING_DEFAULT is still False.
# Central column: the LOCKED harmonic VDOS mean omega_bar = 1.7859677040e-02 eV
#   (CONVENTIONS Section J), so 2W = E_R/omega_bar and sigma_E = sqrt(E_R omega_bar)
#   stay exact.
# dRdErec_upper_width_onesided: the ONE-SIDED UPPER moment systematic, built on
#   the ARITHMETIC VDOS mean omega_bar_p = 2.4195526000e-02 eV, a x1.163940 correction on the WIDTH.
#   'UPPER' refers to the WIDTH, not to the rate: a wider kernel moves MORE
#   mass off the bottom of the axis, so in the bottom decade this column sits
#   BELOW the central curve. It is a SEPARATE column: never absorbed into the
#   central curve and the two are never averaged (fp-absorb-systematic). There
#   is NO lower band -- Cauchy-Schwarz forces omega_bar_p >= omega_bar_u.
# P_trig_effective = dRdErec_trigger_weighted / dRdErec_central, exact where the
#   untriggered rate is non-zero and 0 where it is not. It is NOT an
#   interpolation of P_trig onto the reconstructed axis.
# dRdErec_trigger_weighted: R @ (P_trig(E_dep) * N_dep). P_trig is evaluated on
#   the DEPOSIT axis because CONVENTIONS Section I defines P_trig(E_dep) and
#   puts the regime boundary at 1.0 eV of DEPOSITED energy. It MULTIPLIES a
#   quantity that already contains eps through energy_scale.n_qp_yield and the
#   response.calibrate_C slope; it does NOT replace eps (fp-trigger-replaces-eps).
# P_trig parameters: E50 = 1 eV exactly, k = 4, declared scan
#   range (1.0, 12.0). k is fixed by NO project artifact; its
#   sensitivity is discharged in artifacts/v2.0/cevns_subev_trigger.csv.
# Regime boundary: trigger.SUBEV_REGIME_BOUNDARY_eV = 1 eV DEPOSITED, imported from the module
#   constant and never restated as a literal. Its image on this reconstructed
#   axis, read off THIS matrix's own median mapping curve, is 9.944801e-01 eV.
#   Below 1 eV deposited energy the reported observable is the trigger probability P_trig(E_dep), not the differential rate dR/dE_rec: at that scale dR/dE_rec presupposes the lumped eps ~= 0.5 collection efficiency (CONVENTIONS Section E), which is not defensible for a deposit of a few optical-phonon quanta in Ge (USER DECISION 2026-07-22).
# COUNTS BUDGET (counts/kg/day), central curve:
#   input recoil          1.1878812499e+02
#   leaked below floor    5.1468407433e-02  (0.043328%)
#   of which at T < 0     6.7385839834e-04  (0.000567%)
#   leaked above top      0.0000000000e+00
#   on the deposit grid   1.1873000441e+02
#   after folding through R 1.1873000441e+02
#   residual retained+leaked 5.600030e-05  (target <= 1e-3)
#   residual retained ONLY   -4.892794e-04  -- this MUST miss; a clean
#     retained-only closure would be positive evidence of a hidden rescale.
#   residual across the fold 1.196905e-16  (R columns sum to 1)
# The [0, 1e-3 eV) E_rec underflow catch-bin is omitted below, as in v1.0.
# Normalization: data/flux/reactor_flux_v1.0.csv, 3 GW_th at 25 m, surface,
#   unshielded, used UNMODIFIED. NO rescale of any kind is applied here -- not a
#   VNS rescale, not a duty cycle, not a shielding or overburden credit
#   (fp-second-vns-run, fp-inherited-shielding). CONVENTIONS Section D unchanged.
# BOTTOM-BIN CAVEATS (Phase 11; they travel with this data, they are not asides).
#   * 48.98% of the 100 meV bin's kernel falls BELOW the 0.0999350 eV grid floor
#     and 0.87% lands at unphysical T < 0. This is physics plus axis truncation.
#     It is ACCOUNTED and REPORTED and is NEVER renormalized away
#     (fp-renormalize-leakage): the retained-only sum MUST miss.
#   * The shipped kernel is a SYMMETRIC Gaussian against a true lineshape with
#     skewness 0.590 and excess kurtosis 0.381, and 2W is only 5.60 at the floor,
#     so the impulse approximation is satisfied but not comfortably.
#     DO NOT QUOTE THE 100 meV BIN TO BETTER THAN ONE SIGNIFICANT FIGURE.
#   * MODEL-SPECIFIC LICENCE: multiplying R(E_rec|E_dep) by the trigger curve is
#     licensed ONLY for this yield model. Phase 10 measured P(no counts
#     registered) = 2.0e-4 at 0.1 eV and exactly 0 at 0.5/1 eV against 1 - P_trig
#     of 0.998/0.512/0.056, so the two do not double-count -- but that follows
#     from a LINEAR yield assigning 0.018 quasiparticles to a sensor holding
#     6.89 ueV against a ~190 ueV gap. A THRESHOLD yield model would INVERT the
#     verdict and the two would then double-count.
#   * The Phase-10 counting floor is a BEST CASE WITH NO NOISE SOURCES, not a
#     resolution model; this project has no resolution parameter at all
#     (fp-poisson-as-resolution).
#   * The trigger sharpness k is fixed by NO project artifact. Every sub-eV number
#     ships with its k-sensitivity over [1, 12] (CONVENTIONS Section I).
# Units: E_rec in keV; every rate in counts/kg/day/keV; P_trig dimensionless.
E_rec_keV,dRdErec_central,dRdErec_upper_width_onesided,dRdErec_band_1sigma,dRdErec_trigger_weighted,P_trig_effective,regime
1.0592537252e-06,0.0000000000e+00,0.0000000000e+00,0.0000000000e+00,0.0000000000e+00,0.0000000000e+00,subev_P_trig_is_the_reported_observable
1.1885022274e-06,0.0000000000e+00,0.0000000000e+00,0.0000000000e+00,0.0000000000e+00,0.0000000000e+00,subev_P_trig_is_the_reported_observable
1.3335214322e-06,0.0000000000e+00,0.0000000000e+00,0.0000000000e+00,0.0000000000e+00,0.0000000000e+00,subev_P_trig_is_the_reported_observable
1.4962356561e-06,0.0000000000e+00,0.0000000000e+00,0.0000000000e+00,0.0000000000e+00,0.0000000000e+00,subev_P_trig_is_the_reported_observable
1.6788040181e-06,0.0000000000e+00,0.0000000000e+00,0.0000000000e+00,0.0000000000e+00,0.0000000000e+00,subev_P_trig_is_the_reported_observable
1.8836490895e-06,0.0000000000e+00,0.0000000000e+00,0.0000000000e+00,0.0000000000e+00,0.0000000000e+00,subev_P_trig_is_the_reported_observable
2.1134890398e-06,0.0000000000e+00,0.0000000000e+00,0.0000000000e+00,0.0000000000e+00,0.0000000000e+00,subev_P_trig_is_the_reported_observable
2.3713737057e-06,0.0000000000e+00,0.0000000000e+00,0.0000000000e+00,0.0000000000e+00,0.0000000000e+00,subev_P_trig_is_the_reported_observable
2.6607250598e-06,0.0000000000e+00,0.0000000000e+00,0.0000000000e+00,0.0000000000e+00,0.0000000000e+00,subev_P_trig_is_the_reported_observable
2.9853826189e-06,0.0000000000e+00,0.0000000000e+00,0.0000000000e+00,0.0000000000e+00,0.0000000000e+00,subev_P_trig_is_the_reported_observable
3.3496543916e-06,0.0000000000e+00,0.0000000000e+00,0.0000000000e+00,0.0000000000e+00,0.0000000000e+00,subev_P_trig_is_the_reported_observable
3.7583740429e-06,0.0000000000e+00,0.0000000000e+00,0.0000000000e+00,0.0000000000e+00,0.0000000000e+00,subev_P_trig_is_the_reported_observable
4.2169650343e-06,0.0000000000e+00,0.0000000000e+00,0.0000000000e+00,0.0000000000e+00,0.0000000000e+00,subev_P_trig_is_the_reported_observable
4.7315125896e-06,0.0000000000e+00,0.0000000000e+00,0.0000000000e+00,0.0000000000e+00,0.0000000000e+00,subev_P_trig_is_the_reported_observable
5.3088444423e-06,0.0000000000e+00,0.0000000000e+00,0.0000000000e+00,0.0000000000e+00,0.0000000000e+00,subev_P_trig_is_the_reported_observable
5.9566214353e-06,0.0000000000e+00,0.0000000000e+00,0.0000000000e+00,0.0000000000e+00,0.0000000000e+00,subev_P_trig_is_the_reported_observable
6.6834391757e-06,1.1871160133e+02,1.1732008605e+02,2.0471132421e+01,1.9481961187e-01,1.6411168722e-03,subev_P_trig_is_the_reported_observable
7.4989420933e-06,3.0830875074e+02,3.0413807881e+02,5.3328891678e+01,1.2429976650e-01,4.0316652123e-04,subev_P_trig_is_the_reported_observable
8.4139514165e-06,0.0000000000e+00,0.0000000000e+00,0.0000000000e+00,0.0000000000e+00,0.0000000000e+00,subev_P_trig_is_the_reported_observable
9.4406087629e-06,0.0000000000e+00,0.0000000000e+00,0.0000000000e+00,0.0000000000e+00,0.0000000000e+00,subev_P_trig_is_the_reported_observable
1.0592537252e-05,0.0000000000e+00,0.0000000000e+00,0.0000000000e+00,0.0000000000e+00,0.0000000000e+00,subev_P_trig_is_the_reported_observable
1.1885022274e-05,9.2424724724e+02,9.1282534920e+02,1.5940973146e+02,1.4088742535e+00,1.5243477951e-03,subev_P_trig_is_the_reported_observable
1.3335214322e-05,2.1568637882e+03,2.1269937671e+03,3.7307453319e+02,8.7847416968e-01,4.0729237260e-04,subev_P_trig_is_the_reported_observable
1.4962356561e-05,3.5831082015e+01,3.5551602733e+01,6.2000766318e+00,1.0772360003e-02,3.0064288872e-04,subev_P_trig_is_the_reported_observable
1.6788040181e-05,9.2884761394e+00,9.0955274347e+00,1.6073902096e+00,2.2046557091e-03,2.3735386473e-04,subev_P_trig_is_the_reported_observable
1.8836490895e-05,3.0860399549e+02,3.0492029366e+02,5.3280234944e+01,3.6933309181e-01,1.1967864876e-03,subev_P_trig_is_the_reported_observable
2.1134890398e-05,2.5536055533e+02,2.5148499102e+02,4.4140787664e+01,1.5541358973e-01,6.0860452599e-04,subev_P_trig_is_the_reported_observable
2.3713737057e-05,1.0313269154e+03,1.0192017767e+03,1.7784832966e+02,1.7040745468e+00,1.6523126869e-03,subev_P_trig_is_the_reported_observable
2.6607250598e-05,1.6551926792e+03,1.6326604878e+03,2.8622215042e+02,1.0204881393e+00,6.1653736883e-04,subev_P_trig_is_the_reported_observable
2.9853826189e-05,2.4527167768e+02,2.4228373730e+02,4.2322204873e+01,3.6988550614e-01,1.5080644844e-03,subev_P_trig_is_the_reported_observable
3.3496543916e-05,4.8815344619e+02,4.8134146923e+02,8.4348048824e+01,6.9289592060e-01,1.4194223681e-03,subev_P_trig_is_the_reported_observable
3.7583740429e-05,2.1344036742e+03,2.1069748454e+03,3.6856188062e+02,2.8826581588e+00,1.3505684017e-03,subev_P_trig_is_the_reported_observable
4.2169650343e-05,5.0103444838e+02,4.9642137099e+02,8.6458584411e+01,7.3862275013e-01,1.4741955419e-03,subev_P_trig_is_the_reported_observable
4.7315125896e-05,1.2429023611e+03,1.2281551824e+03,2.1442414338e+02,2.3810919712e+00,1.9157514264e-03,subev_P_trig_is_the_reported_observable
5.3088444423e-05,1.1505190783e+03,1.1359839012e+03,1.9872087013e+02,1.9902341378e+00,1.7298575706e-03,subev_P_trig_is_the_reported_observable
5.9566214353e-05,1.2158873379e+03,1.2022698519e+03,2.0979994077e+02,2.3065553403e+00,1.8970140312e-03,subev_P_trig_is_the_reported_observable
6.6834391757e-05,1.0642504454e+03,1.0513343571e+03,1.8376831321e+02,4.3773767570e+00,4.1131077519e-03,subev_P_trig_is_the_reported_observable
7.4989420933e-05,1.2069872819e+03,1.1913801390e+03,2.0832813865e+02,4.6838170742e+00,3.8805852759e-03,subev_P_trig_is_the_reported_observable
8.4139514165e-05,1.3352173062e+03,1.3209086750e+03,2.3043240092e+02,8.6634518857e+00,6.4884209073e-03,subev_P_trig_is_the_reported_observable
9.4406087629e-05,1.3174252949e+03,1.3004882455e+03,2.2745584858e+02,6.6410566642e+00,5.0409360515e-03,subev_P_trig_is_the_reported_observable
1.0592537252e-04,1.4706929725e+03,1.4518171510e+03,2.5387395592e+02,1.3290252751e+01,9.0367282633e-03,subev_P_trig_is_the_reported_observable
1.1885022274e-04,1.6233951205e+03,1.6008396012e+03,2.8022187882e+02,1.4573328586e+01,8.9770681227e-03,subev_P_trig_is_the_reported_observable
1.3335214322e-04,1.8701794340e+03,1.8442636342e+03,3.2273610695e+02,1.9312676734e+01,1.0326643734e-02,subev_P_trig_is_the_reported_observable
1.4962356561e-04,1.7618055742e+03,1.7380403038e+03,3.0395702927e+02,1.4948918625e+01,8.4849990509e-03,subev_P_trig_is_the_reported_observable
1.6788040181e-04,1.9452877386e+03,1.9222147941e+03,3.3542790539e+02,1.7374885610e+01,8.9317817953e-03,subev_P_trig_is_the_reported_observable
1.8836490895e-04,1.8433731417e+03,1.8244099006e+03,3.1769207766e+02,1.2434004623e+01,6.7452456270e-03,subev_P_trig_is_the_reported_observable
2.1134890398e-04,1.8964447437e+03,1.8826321728e+03,3.2655984888e+02,1.2303625084e+01,6.4877319123e-03,subev_P_trig_is_the_reported_observable
2.3713737057e-04,1.9841989488e+03,1.9750431949e+03,3.4138884209e+02,1.3812239039e+01,6.9611159944e-03,subev_P_trig_is_the_reported_observable
2.6607250598e-04,2.1174051909e+03,2.1115704000e+03,3.6406753013e+02,1.9215168932e+01,9.0748662630e-03,subev_P_trig_is_the_reported_observable
2.9853826189e-04,2.1971700593e+03,2.1931197459e+03,3.7763693378e+02,2.6710790837e+01,1.2156906437e-02,subev_P_trig_is_the_reported_observable
3.3496543916e-04,2.1376015350e+03,2.1349092883e+03,3.6733519768e+02,3.7087773553e+01,1.7350181007e-02,subev_P_trig_is_the_reported_observable
3.7583740429e-04,2.1146066450e+03,2.1126663914e+03,3.6340779910e+02,5.5916016967e+01,2.6442750995e-02,subev_P_trig_is_the_reported_observable
4.2169650343e-04,2.0044957734e+03,2.0031403298e+03,3.4451424177e+02,8.0628733879e+01,4.0223948061e-02,subev_P_trig_is_the_reported_observable
4.7315125896e-04,1.9923840902e+03,1.9913152247e+03,3.4233126447e+02,1.2448008321e+02,6.2477954841e-02,subev_P_trig_is_the_reported_observable
5.3088444423e-04,2.1505489977e+03,2.1495093695e+03,3.6915182051e+02,2.0172147719e+02,9.3799991260e-02,subev_P_trig_is_the_reported_observable
5.9566214353e-04,2.2070511010e+03,2.2059697094e+03,3.7816149360e+02,2.9528119921e+02,1.3378992407e-01,subev_P_trig_is_the_reported_observable
6.6834391757e-04,2.1669169464e+03,2.1658435477e+03,3.7015545420e+02,4.1019467619e+02,1.8929875318e-01,subev_P_trig_is_the_reported_observable
7.4989420933e-04,2.1091879299e+03,2.1082084678e+03,3.5859126182e+02,5.5695082491e+02,2.6405936475e-01,subev_P_trig_is_the_reported_observable
8.4139514165e-04,2.0666219136e+03,2.0657671140e+03,3.4890657314e+02,7.3601399361e+02,3.5614351554e-01,subev_P_trig_is_the_reported_observable
9.4406087629e-04,2.1057177304e+03,2.1049301803e+03,3.5224038056e+02,9.6546851855e+02,4.5849854642e-01,subev_P_trig_is_the_reported_observable
1.0592537252e-03,2.0580914559e+03,2.0573242778e+03,3.4053695337e+02,1.1558443374e+03,5.6160980314e-01,dRdErec_is_the_reported_observable
1.1885022274e-03,2.0072345002e+03,2.0063933961e+03,3.2803328388e+02,1.3371276319e+03,6.6615416970e-01,dRdErec_is_the_reported_observable
1.3335214322e-03,2.0370991862e+03,2.0360922987e+03,3.2911946594e+02,1.5417170169e+03,7.5681980896e-01,dRdErec_is_the_reported_observable
1.4962356561e-03,1.9877933512e+03,1.9867862265e+03,3.1817235271e+02,1.6489541111e+03,8.2954000732e-01,dRdErec_is_the_reported_observable
1.6788040181e-03,1.9585411185e+03,1.9578657591e+03,3.1127083786e+02,1.7338021515e+03,8.8525185155e-01,dRdErec_is_the_reported_observable
1.8836490895e-03,2.0006869207e+03,2.0003219177e+03,3.1573109723e+02,1.8512319893e+03,9.2529819137e-01,dRdErec_is_the_reported_observable
2.1134890398e-03,1.9109142592e+03,1.9105126002e+03,2.9881517611e+02,1.8191729509e+03,9.5199088188e-01,dRdErec_is_the_reported_observable
2.3713737057e-03,1.9041267912e+03,1.9036066541e+03,2.9519262171e+02,1.8462692698e+03,9.6961466977e-01,dRdErec_is_the_reported_observable
2.6607250598e-03,1.8297898476e+03,1.8292718821e+03,2.8242216230e+02,1.7942055232e+03,9.8055278072e-01,dRdErec_is_the_reported_observable
2.9853826189e-03,1.8144443782e+03,1.8139346573e+03,2.7909093402e+02,1.7921252856e+03,9.8769921369e-01,dRdErec_is_the_reported_observable
3.3496543916e-03,1.8168490030e+03,1.8163265162e+03,2.7802606888e+02,1.8027369631e+03,9.9223268424e-01,dRdErec_is_the_reported_observable
3.7583740429e-03,1.7702758338e+03,1.7697379976e+03,2.6948814593e+02,1.7617179721e+03,9.9516580324e-01,dRdErec_is_the_reported_observable
4.2169650343e-03,1.6993670437e+03,1.6989465836e+03,2.5730256183e+02,1.6941971496e+03,9.9695775315e-01,dRdErec_is_the_reported_observable
4.7315125896e-03,1.6501780158e+03,1.6500003657e+03,2.4801303456e+02,1.6470200797e+03,9.9808630581e-01,dRdErec_is_the_reported_observable
5.3088444423e-03,1.6843386190e+03,1.6840818367e+03,2.4727848233e+02,1.6823280192e+03,9.9880629713e-01,dRdErec_is_the_reported_observable
5.9566214353e-03,1.5745740003e+03,1.5742293833e+03,2.1807767001e+02,1.5734071005e+03,9.9925891083e-01,dRdErec_is_the_reported_observable
6.6834391757e-03,1.5651143217e+03,1.5648915377e+03,2.0733755559e+02,1.5643880157e+03,9.9953594061e-01,dRdErec_is_the_reported_observable
7.4989420933e-03,1.5054422935e+03,1.5052653957e+03,1.9640094019e+02,1.5050071619e+03,9.9971096102e-01,dRdErec_is_the_reported_observable
8.4139514165e-03,1.4791426301e+03,1.4788775972e+03,1.9118581283e+02,1.4788773074e+03,9.9982062404e-01,dRdErec_is_the_reported_observable
9.4406087629e-03,1.3979226868e+03,1.3977323638e+03,1.7936099028e+02,1.3977661320e+03,9.9988800900e-01,dRdErec_is_the_reported_observable
1.0592537252e-02,1.3753427619e+03,1.3752654332e+03,1.7443299024e+02,1.3752467669e+03,9.9993020286e-01,dRdErec_is_the_reported_observable
1.1885022274e-02,1.3311824054e+03,1.3310460088e+03,1.6207439904e+02,1.3311250190e+03,9.9995689062e-01,dRdErec_is_the_reported_observable
1.3335214322e-02,1.2724486638e+03,1.2723065082e+03,1.4703732198e+02,1.2724146582e+03,9.9997327545e-01,dRdErec_is_the_reported_observable
1.4962356561e-02,1.2233657287e+03,1.2232709958e+03,1.3845874879e+02,1.2233454834e+03,9.9998345116e-01,dRdErec_is_the_reported_observable
1.6788040181e-02,1.1773752398e+03,1.1773064400e+03,1.2811730161e+02,1.1773631977e+03,9.9998977208e-01,dRdErec_is_the_reported_observable
1.8836490895e-02,1.1279112094e+03,1.1278117593e+03,1.1157474855e+02,1.1279041038e+03,9.9999370027e-01,dRdErec_is_the_reported_observable
2.1134890398e-02,1.0756425965e+03,1.0755153311e+03,1.0348678684e+02,1.0756384198e+03,9.9999611710e-01,dRdErec_is_the_reported_observable
2.3713737057e-02,1.0194693218e+03,1.0194455948e+03,9.6349247182e+01,1.0194668898e+03,9.9999761442e-01,dRdErec_is_the_reported_observable
2.6607250598e-02,9.6631349327e+02,9.6627371280e+02,8.5886503251e+01,9.6631207934e+02,9.9999853678e-01,dRdErec_is_the_reported_observable
2.9853826189e-02,9.1537719687e+02,9.1532748155e+02,7.5740791640e+01,9.1537637681e+02,9.9999910413e-01,dRdErec_is_the_reported_observable
3.3496543916e-02,8.6024436737e+02,8.6019641161e+02,6.2816308194e+01,8.6024389711e+02,9.9999945335e-01,dRdErec_is_the_reported_observable
3.7583740429e-02,8.0557735327e+02,8.0554536885e+02,5.7082252521e+01,8.0557708437e+02,9.9999966621e-01,dRdErec_is_the_reported_observable
4.2169650343e-02,7.4985120504e+02,7.4981947514e+02,4.9720413120e+01,7.4985105268e+02,9.9999979681e-01,dRdErec_is_the_reported_observable
4.7315125896e-02,6.9684835828e+02,6.9683057450e+02,4.0482873648e+01,6.9684827219e+02,9.9999987646e-01,dRdErec_is_the_reported_observable
5.3088444423e-02,6.3942086046e+02,6.3940698717e+02,3.3431557884e+01,6.3942081250e+02,9.9999992499e-01,dRdErec_is_the_reported_observable
5.9566214353e-02,5.8675130618e+02,5.8672992537e+02,2.6075177932e+01,5.8675127945e+02,9.9999995445e-01,dRdErec_is_the_reported_observable
6.6834391757e-02,5.3410400710e+02,5.3409429007e+02,2.1148367340e+01,5.3410399236e+02,9.9999997241e-01,dRdErec_is_the_reported_observable
7.4989420933e-02,4.8321525916e+02,4.8320648715e+02,1.6876311516e+01,4.8321525109e+02,9.9999998329e-01,dRdErec_is_the_reported_observable
8.4139514165e-02,4.3054893225e+02,4.3054250513e+02,1.4239402544e+01,4.3054892789e+02,9.9999998989e-01,dRdErec_is_the_reported_observable
9.4406087629e-02,3.8479160529e+02,3.8478607636e+02,1.2560400985e+01,3.8479160293e+02,9.9999999388e-01,dRdErec_is_the_reported_observable
1.0592537252e-01,3.3927570873e+02,3.3927119968e+02,1.1251351682e+01,3.3927570747e+02,9.9999999630e-01,dRdErec_is_the_reported_observable
1.1885022274e-01,2.9258154237e+02,2.9257809086e+02,9.8824959910e+00,2.9258154171e+02,9.9999999776e-01,dRdErec_is_the_reported_observable
1.3335214322e-01,2.5583747224e+02,2.5583475971e+02,8.8062765165e+00,2.5583747189e+02,9.9999999864e-01,dRdErec_is_the_reported_observable
1.4962356561e-01,2.1608181701e+02,2.1607972275e+02,7.5867395263e+00,2.1608181683e+02,9.9999999918e-01,dRdErec_is_the_reported_observable
1.6788040181e-01,1.7734350660e+02,1.7734204652e+02,6.3545735667e+00,1.7734350651e+02,9.9999999950e-01,dRdErec_is_the_reported_observable
1.8836490895e-01,1.5374470726e+02,1.5374371113e+02,5.6275223446e+00,1.5374470721e+02,9.9999999970e-01,dRdErec_is_the_reported_observable
2.1134890398e-01,1.2040671540e+02,1.2040630122e+02,4.5062434780e+00,1.2040671537e+02,9.9999999982e-01,dRdErec_is_the_reported_observable
2.3713737057e-01,9.4572640922e+01,9.4572679731e+01,3.6205597790e+00,9.4572640912e+01,9.9999999989e-01,dRdErec_is_the_reported_observable
2.6607250598e-01,7.8414383621e+01,7.8414903314e+01,3.0740398897e+00,7.8414383616e+01,9.9999999993e-01,dRdErec_is_the_reported_observable
2.9853826189e-01,5.8167063183e+01,5.8167870135e+01,2.3370403042e+00,5.8167063181e+01,9.9999999996e-01,dRdErec_is_the_reported_observable
3.3496543916e-01,4.1600372576e+01,4.1601273764e+01,1.7127564678e+00,4.1600372575e+01,9.9999999997e-01,dRdErec_is_the_reported_observable
3.7583740429e-01,3.2699011693e+01,3.2700000253e+01,1.3803826858e+00,3.2699011693e+01,9.9999999998e-01,dRdErec_is_the_reported_observable
4.2169650343e-01,2.3359326041e+01,2.3360245074e+01,1.0120740855e+00,2.3359326040e+01,9.9999999999e-01,dRdErec_is_the_reported_observable
4.7315125896e-01,1.4743160893e+01,1.4743862053e+01,6.5505063856e-01,1.4743160893e+01,9.9999999999e-01,dRdErec_is_the_reported_observable
5.3088444423e-01,1.0144124484e+01,1.0144682475e+01,4.6162512769e-01,1.0144124484e+01,1.0000000000e+00,dRdErec_is_the_reported_observable
5.9566214353e-01,7.0696538314e+00,7.0700920651e+00,3.2954872719e-01,7.0696538314e+00,1.0000000000e+00,dRdErec_is_the_reported_observable
6.6834391757e-01,3.8036838344e+00,3.8039456450e+00,1.8138103851e-01,3.8036838344e+00,1.0000000000e+00,dRdErec_is_the_reported_observable
7.4989420933e-01,2.0720965912e+00,2.0722515588e+00,1.0069227008e-01,2.0720965912e+00,1.0000000000e+00,dRdErec_is_the_reported_observable
8.4139514165e-01,1.1835357070e+00,1.1836318310e+00,5.8387953268e-02,1.1835357070e+00,1.0000000000e+00,dRdErec_is_the_reported_observable
9.4406087629e-01,4.9197501962e-01,4.9201840944e-01,2.4502964941e-02,4.9197501962e-01,1.0000000000e+00,dRdErec_is_the_reported_observable
1.0592537252e+00,1.6305549577e-01,1.6307091691e-01,8.1501530574e-03,1.6305549577e-01,1.0000000000e+00,dRdErec_is_the_reported_observable
1.1885022274e+00,5.3292270965e-02,5.3297439265e-02,2.6646132551e-03,5.3292270965e-02,1.0000000000e+00,dRdErec_is_the_reported_observable
1.3335214322e+00,1.0359343797e-02,1.0360245794e-02,5.1796718987e-04,1.0359343797e-02,1.0000000000e+00,dRdErec_is_the_reported_observable
1.4962356561e+00,1.5700036507e-03,1.5700993292e-03,7.8500182535e-05,1.5700036507e-03,1.0000000000e+00,dRdErec_is_the_reported_observable
1.6788040181e+00,2.4669394492e-04,2.4670399314e-04,1.2334697246e-05,2.4669394492e-04,1.0000000000e+00,dRdErec_is_the_reported_observable
1.8836490895e+00,6.7119983637e-06,6.7124232109e-06,3.3559991818e-07,6.7119983637e-06,1.0000000000e+00,dRdErec_is_the_reported_observable
2.1134890398e+00,8.8600882846e-10,8.8708211026e-10,4.4300441423e-11,8.8600882846e-10,1.0000000000e+00,dRdErec_is_the_reported_observable
2.3713737057e+00,0.0000000000e+00,0.0000000000e+00,0.0000000000e+00,0.0000000000e+00,0.0000000000e+00,dRdErec_is_the_reported_observable
2.6607250598e+00,0.0000000000e+00,0.0000000000e+00,0.0000000000e+00,0.0000000000e+00,0.0000000000e+00,dRdErec_is_the_reported_observable
2.9853826189e+00,0.0000000000e+00,0.0000000000e+00,0.0000000000e+00,0.0000000000e+00,0.0000000000e+00,dRdErec_is_the_reported_observable
3.3496543916e+00,0.0000000000e+00,0.0000000000e+00,0.0000000000e+00,0.0000000000e+00,0.0000000000e+00,dRdErec_is_the_reported_observable
3.7583740429e+00,0.0000000000e+00,0.0000000000e+00,0.0000000000e+00,0.0000000000e+00,0.0000000000e+00,dRdErec_is_the_reported_observable
4.2169650343e+00,0.0000000000e+00,0.0000000000e+00,0.0000000000e+00,0.0000000000e+00,0.0000000000e+00,dRdErec_is_the_reported_observable
4.7315125896e+00,0.0000000000e+00,0.0000000000e+00,0.0000000000e+00,0.0000000000e+00,0.0000000000e+00,dRdErec_is_the_reported_observable
5.3088444423e+00,0.0000000000e+00,0.0000000000e+00,0.0000000000e+00,0.0000000000e+00,0.0000000000e+00,dRdErec_is_the_reported_observable
5.9566214353e+00,0.0000000000e+00,0.0000000000e+00,0.0000000000e+00,0.0000000000e+00,0.0000000000e+00,dRdErec_is_the_reported_observable
6.6834391757e+00,0.0000000000e+00,0.0000000000e+00,0.0000000000e+00,0.0000000000e+00,0.0000000000e+00,dRdErec_is_the_reported_observable
7.4989420933e+00,0.0000000000e+00,0.0000000000e+00,0.0000000000e+00,0.0000000000e+00,0.0000000000e+00,dRdErec_is_the_reported_observable
8.4139514165e+00,0.0000000000e+00,0.0000000000e+00,0.0000000000e+00,0.0000000000e+00,0.0000000000e+00,dRdErec_is_the_reported_observable
9.4406087629e+00,0.0000000000e+00,0.0000000000e+00,0.0000000000e+00,0.0000000000e+00,0.0000000000e+00,dRdErec_is_the_reported_observable
1.0592537252e+01,0.0000000000e+00,0.0000000000e+00,0.0000000000e+00,0.0000000000e+00,0.0000000000e+00,dRdErec_is_the_reported_observable
1.1885022274e+01,0.0000000000e+00,0.0000000000e+00,0.0000000000e+00,0.0000000000e+00,0.0000000000e+00,dRdErec_is_the_reported_observable
1.3335214322e+01,0.0000000000e+00,0.0000000000e+00,0.0000000000e+00,0.0000000000e+00,0.0000000000e+00,dRdErec_is_the_reported_observable
1.4962356561e+01,0.0000000000e+00,0.0000000000e+00,0.0000000000e+00,0.0000000000e+00,0.0000000000e+00,dRdErec_is_the_reported_observable
1.6788040181e+01,0.0000000000e+00,0.0000000000e+00,0.0000000000e+00,0.0000000000e+00,0.0000000000e+00,dRdErec_is_the_reported_observable
1.8836490895e+01,0.0000000000e+00,0.0000000000e+00,0.0000000000e+00,0.0000000000e+00,0.0000000000e+00,dRdErec_is_the_reported_observable
2.1134890398e+01,0.0000000000e+00,0.0000000000e+00,0.0000000000e+00,0.0000000000e+00,0.0000000000e+00,dRdErec_is_the_reported_observable
2.3713737057e+01,0.0000000000e+00,0.0000000000e+00,0.0000000000e+00,0.0000000000e+00,0.0000000000e+00,dRdErec_is_the_reported_observable
2.6607250598e+01,0.0000000000e+00,0.0000000000e+00,0.0000000000e+00,0.0000000000e+00,0.0000000000e+00,dRdErec_is_the_reported_observable
2.9853826189e+01,0.0000000000e+00,0.0000000000e+00,0.0000000000e+00,0.0000000000e+00,0.0000000000e+00,dRdErec_is_the_reported_observable
3.3496543916e+01,0.0000000000e+00,0.0000000000e+00,0.0000000000e+00,0.0000000000e+00,0.0000000000e+00,dRdErec_is_the_reported_observable
3.7583740429e+01,0.0000000000e+00,0.0000000000e+00,0.0000000000e+00,0.0000000000e+00,0.0000000000e+00,dRdErec_is_the_reported_observable
4.2169650343e+01,0.0000000000e+00,0.0000000000e+00,0.0000000000e+00,0.0000000000e+00,0.0000000000e+00,dRdErec_is_the_reported_observable
4.7315125896e+01,0.0000000000e+00,0.0000000000e+00,0.0000000000e+00,0.0000000000e+00,0.0000000000e+00,dRdErec_is_the_reported_observable
5.3088444423e+01,0.0000000000e+00,0.0000000000e+00,0.0000000000e+00,0.0000000000e+00,0.0000000000e+00,dRdErec_is_the_reported_observable
5.9566214353e+01,0.0000000000e+00,0.0000000000e+00,0.0000000000e+00,0.0000000000e+00,0.0000000000e+00,dRdErec_is_the_reported_observable
6.6834391757e+01,0.0000000000e+00,0.0000000000e+00,0.0000000000e+00,0.0000000000e+00,0.0000000000e+00,dRdErec_is_the_reported_observable
7.4989420933e+01,0.0000000000e+00,0.0000000000e+00,0.0000000000e+00,0.0000000000e+00,0.0000000000e+00,dRdErec_is_the_reported_observable
8.4139514165e+01,0.0000000000e+00,0.0000000000e+00,0.0000000000e+00,0.0000000000e+00,0.0000000000e+00,dRdErec_is_the_reported_observable
9.4406087629e+01,0.0000000000e+00,0.0000000000e+00,0.0000000000e+00,0.0000000000e+00,0.0000000000e+00,dRdErec_is_the_reported_observable
