# QPD Phase-12 plan 12-02 (CALC-25) -- dR/dE_rec, design Al->Hf.
# THE MILESTONE'S DECISIVE SIGNAL DELIVERABLE, from 100 meV upward.
# Response: artifacts/v2.0/response_matrix_AlHf_ext.npz, key
#   R_non_paralyzable, 161 E_rec x 744 E_dep (Phase-10 EXTENDED axis; the
#   v1.0 584-column matrix would truncate the spectrum at 10.14 eV).
# Pipeline order (not negotiable): IA Gaussian broadening on the RECOIL axis
#   -> rebin onto the extended deposit grid -> R(E_rec|E_dep) -> the trigger
#   curve as an ANALYSIS efficiency on top of eps.
# Broadening: APPLIED, broaden=True at the Phase-12 call site. The global
#   ia_broadening.BROADENING_DEFAULT is still False.
# Central column: the LOCKED harmonic VDOS mean omega_bar = 1.7859677040e-02 eV
#   (CONVENTIONS Section J), so 2W = E_R/omega_bar and sigma_E = sqrt(E_R omega_bar)
#   stay exact.
# dRdErec_upper_width_onesided: the ONE-SIDED UPPER moment systematic, built on
#   the ARITHMETIC VDOS mean omega_bar_p = 2.4195526000e-02 eV, a x1.163940 correction on the WIDTH.
#   'UPPER' refers to the WIDTH, not to the rate: a wider kernel moves MORE
#   mass off the bottom of the axis, so in the bottom decade this column sits
#   BELOW the central curve. It is a SEPARATE column: never absorbed into the
#   central curve and the two are never averaged (fp-absorb-systematic). There
#   is NO lower band -- Cauchy-Schwarz forces omega_bar_p >= omega_bar_u.
# P_trig_effective = dRdErec_trigger_weighted / dRdErec_central, exact where the
#   untriggered rate is non-zero and 0 where it is not. It is NOT an
#   interpolation of P_trig onto the reconstructed axis.
# dRdErec_trigger_weighted: R @ (P_trig(E_dep) * N_dep). P_trig is evaluated on
#   the DEPOSIT axis because CONVENTIONS Section I defines P_trig(E_dep) and
#   puts the regime boundary at 1.0 eV of DEPOSITED energy. It MULTIPLIES a
#   quantity that already contains eps through energy_scale.n_qp_yield and the
#   response.calibrate_C slope; it does NOT replace eps (fp-trigger-replaces-eps).
# P_trig parameters: E50 = 0.5 eV exactly, k = 4, declared scan
#   range (1.0, 12.0). k is fixed by NO project artifact; its
#   sensitivity is discharged in artifacts/v2.0/cevns_subev_trigger.csv.
# Regime boundary: trigger.SUBEV_REGIME_BOUNDARY_eV = 1 eV DEPOSITED, imported from the module
#   constant and never restated as a literal. Its image on this reconstructed
#   axis, read off THIS matrix's own median mapping curve, is 4.958550e-01 eV.
#   Below 1 eV deposited energy the reported observable is the trigger probability P_trig(E_dep), not the differential rate dR/dE_rec: at that scale dR/dE_rec presupposes the lumped eps ~= 0.5 collection efficiency (CONVENTIONS Section E), which is not defensible for a deposit of a few optical-phonon quanta in Ge (USER DECISION 2026-07-22).
# COUNTS BUDGET (counts/kg/day), central curve:
#   input recoil          1.1878812499e+02
#   leaked below floor    5.1468407433e-02  (0.043328%)
#   of which at T < 0     6.7385839834e-04  (0.000567%)
#   leaked above top      0.0000000000e+00
#   on the deposit grid   1.1873000441e+02
#   after folding through R 1.1873000441e+02
#   residual retained+leaked 5.600030e-05  (target <= 1e-3)
#   residual retained ONLY   -4.892794e-04  -- this MUST miss; a clean
#     retained-only closure would be positive evidence of a hidden rescale.
#   residual across the fold 0.000000e+00  (R columns sum to 1)
# The [0, 1e-3 eV) E_rec underflow catch-bin is omitted below, as in v1.0.
# Normalization: data/flux/reactor_flux_v1.0.csv, 3 GW_th at 25 m, surface,
#   unshielded, used UNMODIFIED. NO rescale of any kind is applied here -- not a
#   VNS rescale, not a duty cycle, not a shielding or overburden credit
#   (fp-second-vns-run, fp-inherited-shielding). CONVENTIONS Section D unchanged.
# BOTTOM-BIN CAVEATS (Phase 11; they travel with this data, they are not asides).
#   * 48.98% of the 100 meV bin's kernel falls BELOW the 0.0999350 eV grid floor
#     and 0.87% lands at unphysical T < 0. This is physics plus axis truncation.
#     It is ACCOUNTED and REPORTED and is NEVER renormalized away
#     (fp-renormalize-leakage): the retained-only sum MUST miss.
#   * The shipped kernel is a SYMMETRIC Gaussian against a true lineshape with
#     skewness 0.590 and excess kurtosis 0.381, and 2W is only 5.60 at the floor,
#     so the impulse approximation is satisfied but not comfortably.
#     DO NOT QUOTE THE 100 meV BIN TO BETTER THAN ONE SIGNIFICANT FIGURE.
#   * MODEL-SPECIFIC LICENCE: multiplying R(E_rec|E_dep) by the trigger curve is
#     licensed ONLY for this yield model. Phase 10 measured P(no counts
#     registered) = 2.0e-4 at 0.1 eV and exactly 0 at 0.5/1 eV against 1 - P_trig
#     of 0.998/0.512/0.056, so the two do not double-count -- but that follows
#     from a LINEAR yield assigning 0.018 quasiparticles to a sensor holding
#     6.89 ueV against a ~190 ueV gap. A THRESHOLD yield model would INVERT the
#     verdict and the two would then double-count.
#   * The Phase-10 counting floor is a BEST CASE WITH NO NOISE SOURCES, not a
#     resolution model; this project has no resolution parameter at all
#     (fp-poisson-as-resolution).
#   * The trigger sharpness k is fixed by NO project artifact. Every sub-eV number
#     ships with its k-sensitivity over [1, 12] (CONVENTIONS Section I).
# Units: E_rec in keV; every rate in counts/kg/day/keV; P_trig dimensionless.
E_rec_keV,dRdErec_central,dRdErec_upper_width_onesided,dRdErec_band_1sigma,dRdErec_trigger_weighted,P_trig_effective,regime
1.0592537252e-06,0.0000000000e+00,0.0000000000e+00,0.0000000000e+00,0.0000000000e+00,0.0000000000e+00,subev_P_trig_is_the_reported_observable
1.1885022274e-06,0.0000000000e+00,0.0000000000e+00,0.0000000000e+00,0.0000000000e+00,0.0000000000e+00,subev_P_trig_is_the_reported_observable
1.3335214322e-06,0.0000000000e+00,0.0000000000e+00,0.0000000000e+00,0.0000000000e+00,0.0000000000e+00,subev_P_trig_is_the_reported_observable
1.4962356561e-06,0.0000000000e+00,0.0000000000e+00,0.0000000000e+00,0.0000000000e+00,0.0000000000e+00,subev_P_trig_is_the_reported_observable
1.6788040181e-06,0.0000000000e+00,0.0000000000e+00,0.0000000000e+00,0.0000000000e+00,0.0000000000e+00,subev_P_trig_is_the_reported_observable
1.8836490895e-06,0.0000000000e+00,0.0000000000e+00,0.0000000000e+00,0.0000000000e+00,0.0000000000e+00,subev_P_trig_is_the_reported_observable
2.1134890398e-06,0.0000000000e+00,0.0000000000e+00,0.0000000000e+00,0.0000000000e+00,0.0000000000e+00,subev_P_trig_is_the_reported_observable
2.3713737057e-06,0.0000000000e+00,0.0000000000e+00,0.0000000000e+00,0.0000000000e+00,0.0000000000e+00,subev_P_trig_is_the_reported_observable
2.6607250598e-06,3.3150147489e+02,3.2985113259e+02,5.7379896158e+01,1.0599079946e+00,3.1972949592e-03,subev_P_trig_is_the_reported_observable
2.9853826189e-06,2.9008473849e+02,2.8521227034e+02,5.0185793429e+01,1.4767561623e+00,5.0907750956e-03,subev_P_trig_is_the_reported_observable
3.3496543916e-06,0.0000000000e+00,0.0000000000e+00,0.0000000000e+00,0.0000000000e+00,0.0000000000e+00,subev_P_trig_is_the_reported_observable
3.7583740429e-06,0.0000000000e+00,0.0000000000e+00,0.0000000000e+00,0.0000000000e+00,0.0000000000e+00,subev_P_trig_is_the_reported_observable
4.2169650343e-06,0.0000000000e+00,0.0000000000e+00,0.0000000000e+00,0.0000000000e+00,0.0000000000e+00,subev_P_trig_is_the_reported_observable
4.7315125896e-06,3.3399329473e+03,3.3062883867e+03,5.7805911180e+02,1.1554902364e+01,3.4596210603e-03,subev_P_trig_is_the_reported_observable
5.3088444423e-06,1.4331932988e+03,1.4150924105e+03,2.4791797425e+02,8.2306396715e+00,5.7428678171e-03,subev_P_trig_is_the_reported_observable
5.9566214353e-06,2.7147105418e+01,2.6694667612e+01,4.6975022111e+00,1.1470839603e-01,4.2254374551e-03,subev_P_trig_is_the_reported_observable
6.6834391757e-06,6.6512757984e-01,6.7430296267e-01,1.1518013191e-01,1.1224478790e-03,1.6875677885e-03,subev_P_trig_is_the_reported_observable
7.4989420933e-06,8.2696829815e+02,8.1819242496e+02,1.4313001124e+02,2.8024789586e+00,3.3888589984e-03,subev_P_trig_is_the_reported_observable
8.4139514165e-06,1.7025239312e+02,1.6623456339e+02,2.9419148449e+01,1.7065758891e+00,1.0023799712e-02,subev_P_trig_is_the_reported_observable
9.4406087629e-06,2.8822580254e+03,2.8493252468e+03,4.9882099726e+02,1.0510961129e+01,3.6467800719e-03,subev_P_trig_is_the_reported_observable
1.0592537252e-05,1.4109905858e+03,1.3913531927e+03,2.4404801535e+02,8.8011352773e+00,6.2375577596e-03,subev_P_trig_is_the_reported_observable
1.1885022274e-05,3.4930197102e+02,3.4372173105e+02,6.0436053213e+01,1.6099123656e+00,4.6089415441e-03,subev_P_trig_is_the_reported_observable
1.3335214322e-05,6.3040172710e+02,6.2139901133e+02,1.0905912203e+02,3.3395019635e+00,5.2974188044e-03,subev_P_trig_is_the_reported_observable
1.4962356561e-05,3.5794696237e+03,3.5280214901e+03,6.1927440339e+02,1.8185697930e+01,5.0805565743e-03,subev_P_trig_is_the_reported_observable
1.6788040181e-05,6.0498585691e+02,5.9553639620e+02,1.0467816731e+02,2.7711138590e+00,4.5804605634e-03,subev_P_trig_is_the_reported_observable
1.8836490895e-05,1.9686133197e+03,1.9380708697e+03,3.4059825895e+02,9.5764489321e+00,4.8645657510e-03,subev_P_trig_is_the_reported_observable
2.1134890398e-05,1.2118266857e+03,1.1906021035e+03,2.0954147575e+02,9.1368470837e+00,7.5397308803e-03,subev_P_trig_is_the_reported_observable
2.3713737057e-05,1.5970846919e+03,1.5723199962e+03,2.7630065928e+02,8.5858358623e+00,5.3759427449e-03,subev_P_trig_is_the_reported_observable
2.6607250598e-05,9.8592199533e+02,9.6592782742e+02,1.7045229201e+02,8.3670897648e+00,8.4865636475e-03,subev_P_trig_is_the_reported_observable
2.9853826189e-05,1.3003261688e+03,1.2753704239e+03,2.2484328746e+02,1.0104499820e+01,7.7707424971e-03,subev_P_trig_is_the_reported_observable
3.3496543916e-05,9.3449855598e+02,9.1777757338e+02,1.6160326166e+02,7.8667795803e+00,8.4181827034e-03,subev_P_trig_is_the_reported_observable
3.7583740429e-05,1.0961821676e+03,1.0757483706e+03,1.8949307703e+02,1.0967572939e+01,1.0005246632e-02,subev_P_trig_is_the_reported_observable
4.2169650343e-05,1.2514379638e+03,1.2292652089e+03,2.1633588518e+02,1.2967121694e+01,1.0361777466e-02,subev_P_trig_is_the_reported_observable
4.7315125896e-05,1.7067413671e+03,1.6765506556e+03,2.9501731763e+02,1.9178331187e+01,1.1236811597e-02,subev_P_trig_is_the_reported_observable
5.3088444423e-05,1.9274768791e+03,1.8936482478e+03,3.3309640186e+02,2.4912083010e+01,1.2924711720e-02,subev_P_trig_is_the_reported_observable
5.9566214353e-05,2.3682760219e+03,2.3273526017e+03,4.0913633046e+02,3.5877436215e+01,1.5149178509e-02,subev_P_trig_is_the_reported_observable
6.6834391757e-05,2.9343932754e+03,2.8839321439e+03,5.0676487355e+02,5.1299955673e+01,1.7482304129e-02,subev_P_trig_is_the_reported_observable
7.4989420933e-05,3.3689601894e+03,3.3174442298e+03,5.8141498359e+02,7.8785724893e+01,2.3385769040e-02,subev_P_trig_is_the_reported_observable
8.4139514165e-05,3.8598433754e+03,3.8075201223e+03,6.6577766082e+02,1.0902122487e+02,2.8244986717e-02,subev_P_trig_is_the_reported_observable
9.4406087629e-05,4.2632440628e+03,4.2177857105e+03,7.3484247814e+02,1.5613468735e+02,3.6623445679e-02,subev_P_trig_is_the_reported_observable
1.0592537252e-04,4.2150996380e+03,4.1840219377e+03,7.2595465057e+02,2.0684659254e+02,4.9072764658e-02,subev_P_trig_is_the_reported_observable
1.1885022274e-04,4.1883866182e+03,4.1679017768e+03,7.2078733818e+02,2.8799636819e+02,6.8760693424e-02,subev_P_trig_is_the_reported_observable
1.3335214322e-04,4.1883902962e+03,4.1761418100e+03,7.2020557192e+02,4.2845220797e+02,1.0229519640e-01,subev_P_trig_is_the_reported_observable
1.4962356561e-04,4.3236153109e+03,4.3159679235e+03,7.4305659278e+02,6.3283277358e+02,1.4636657706e-01,subev_P_trig_is_the_reported_observable
1.6788040181e-04,4.5719493212e+03,4.5664951161e+03,7.8562503313e+02,9.3312802981e+02,2.0409850684e-01,subev_P_trig_is_the_reported_observable
1.8836490895e-04,4.7438446886e+03,4.7397254565e+03,8.1528973504e+02,1.2972349922e+03,2.7345646355e-01,subev_P_trig_is_the_reported_observable
2.1134890398e-04,4.6317783903e+03,4.6288243098e+03,7.9621375509e+02,1.6571801915e+03,3.5778486186e-01,subev_P_trig_is_the_reported_observable
2.3713737057e-04,4.3356213091e+03,4.3334628051e+03,7.4521597309e+02,1.9741703503e+03,4.5533735757e-01,subev_P_trig_is_the_reported_observable
2.6607250598e-04,4.1859980272e+03,4.1840434870e+03,7.1879999018e+02,2.3862908814e+03,5.7006497995e-01,subev_P_trig_is_the_reported_observable
2.9853826189e-04,4.3462229899e+03,4.3440894888e+03,7.4489385522e+02,2.9248256930e+03,6.7295803731e-01,subev_P_trig_is_the_reported_observable
3.3496543916e-04,4.4857803532e+03,4.4835329965e+03,7.6649757305e+02,3.4045841260e+03,7.5897254389e-01,subev_P_trig_is_the_reported_observable
3.7583740429e-04,4.2970687405e+03,4.2950587014e+03,7.3091535527e+02,3.5661904455e+03,8.2991235674e-01,subev_P_trig_is_the_reported_observable
4.2169650343e-04,4.1233319503e+03,4.1216459338e+03,6.9630285615e+02,3.6583197093e+03,8.8722415595e-01,subev_P_trig_is_the_reported_observable
4.7315125896e-04,4.2578380311e+03,4.2562740735e+03,7.1254041922e+02,3.9387173264e+03,9.2505099952e-01,subev_P_trig_is_the_reported_observable
5.3088444423e-04,4.0837333417e+03,4.0822376586e+03,6.7552340576e+02,3.8833604940e+03,9.5093390510e-01,dRdErec_is_the_reported_observable
5.9566214353e-04,4.0564200377e+03,4.0547336950e+03,6.6246419648e+02,3.9312171464e+03,9.6913463346e-01,dRdErec_is_the_reported_observable
6.6834391757e-04,4.0837904640e+03,4.0817330388e+03,6.5941111703e+02,4.0026866367e+03,9.8014006155e-01,dRdErec_is_the_reported_observable
7.4989420933e-04,4.1041961802e+03,4.1020789123e+03,6.5640303916e+02,4.0532642206e+03,9.8759027167e-01,dRdErec_is_the_reported_observable
8.4139514165e-04,4.0460176984e+03,4.0446916251e+03,6.4262095962e+02,4.0148421080e+03,9.9229474690e-01,dRdErec_is_the_reported_observable
9.4406087629e-04,3.8054426163e+03,3.8048034873e+03,6.0032944854e+02,3.7869049570e+03,9.9512864569e-01,dRdErec_is_the_reported_observable
1.0592537252e-03,3.8416649281e+03,3.8408471504e+03,6.0045939872e+02,3.8298972420e+03,9.9693682652e-01,dRdErec_is_the_reported_observable
1.1885022274e-03,3.8968574741e+03,3.8957831786e+03,6.0385697736e+02,3.8894197620e+03,9.9809135640e-01,dRdErec_is_the_reported_observable
1.3335214322e-03,3.6903265442e+03,3.6892816501e+03,5.6946505814e+02,3.6859195308e+03,9.9880579310e-01,dRdErec_is_the_reported_observable
1.4962356561e-03,3.7226028849e+03,3.7215583449e+03,5.7248990121e+02,3.7198046598e+03,9.9924831490e-01,dRdErec_is_the_reported_observable
1.6788040181e-03,3.5790867897e+03,3.5780560399e+03,5.4744686659e+02,3.5774147365e+03,9.9953282685e-01,dRdErec_is_the_reported_observable
1.8836490895e-03,3.5885737688e+03,3.5874703236e+03,5.4612533984e+02,3.5875236226e+03,9.9970736393e-01,dRdErec_is_the_reported_observable
2.1134890398e-03,3.4987436710e+03,3.4979071870e+03,5.2947657678e+02,3.4981077458e+03,9.9981824183e-01,dRdErec_is_the_reported_observable
2.3713737057e-03,3.4103903601e+03,3.4100746705e+03,5.1210558894e+02,3.4100053481e+03,9.9988710616e-01,dRdErec_is_the_reported_observable
2.6607250598e-03,3.3142173051e+03,3.3136637070e+03,4.8457525990e+02,3.3139840928e+03,9.9992963277e-01,dRdErec_is_the_reported_observable
2.9853826189e-03,3.2512453588e+03,3.2505366080e+03,4.4705229815e+02,3.2511028025e+03,9.9995615334e-01,dRdErec_is_the_reported_observable
3.3496543916e-03,3.1608388053e+03,3.1604268870e+03,4.1727495315e+02,3.1607527103e+03,9.9997276198e-01,dRdErec_is_the_reported_observable
3.7583740429e-03,3.0919059569e+03,3.0915248075e+03,4.0285246677e+02,3.0918536447e+03,9.9998308093e-01,dRdErec_is_the_reported_observable
4.2169650343e-03,3.0003328889e+03,2.9997699782e+03,3.8730565694e+02,3.0003014834e+03,9.9998953269e-01,dRdErec_is_the_reported_observable
4.7315125896e-03,2.9046466227e+03,2.9043289961e+03,3.7232063320e+02,2.9046278409e+03,9.9999353387e-01,dRdErec_is_the_reported_observable
5.3088444423e-03,2.7973729350e+03,2.7971832769e+03,3.5324037403e+02,2.7973617450e+03,9.9999599980e-01,dRdErec_is_the_reported_observable
5.9566214353e-03,2.7251867606e+03,2.7249121035e+03,3.2835277019e+02,2.7251800416e+03,9.9999753448e-01,dRdErec_is_the_reported_observable
6.6834391757e-03,2.5983457506e+03,2.5980447156e+03,2.9823547643e+02,2.5983418077e+03,9.9999848252e-01,dRdErec_is_the_reported_observable
7.4989420933e-03,2.5183309865e+03,2.5181753909e+03,2.8419829335e+02,2.5183286268e+03,9.9999906302e-01,dRdErec_is_the_reported_observable
8.4139514165e-03,2.4134979226e+03,2.4133350655e+03,2.5714744807e+02,2.4134965386e+03,9.9999942655e-01,dRdErec_is_the_reported_observable
9.4406087629e-03,2.3352798492e+03,2.3350657314e+03,2.2826035584e+02,2.3352790289e+03,9.9999964872e-01,dRdErec_is_the_reported_observable
1.0592537252e-02,2.2100150308e+03,2.2097656745e+03,2.1196405331e+02,2.2100145569e+03,9.9999978555e-01,dRdErec_is_the_reported_observable
1.1885022274e-02,2.0950434036e+03,2.0950149687e+03,1.9588491879e+02,2.0950431295e+03,9.9999986916e-01,dRdErec_is_the_reported_observable
1.3335214322e-02,1.9659767247e+03,1.9658889755e+03,1.7115390638e+02,1.9659765676e+03,9.9999992011e-01,dRdErec_is_the_reported_observable
1.4962356561e-02,1.8793195430e+03,1.8792182309e+03,1.5047564339e+02,1.8793194515e+03,9.9999995132e-01,dRdErec_is_the_reported_observable
1.6788040181e-02,1.7697128326e+03,1.7696081149e+03,1.2701159301e+02,1.7697127803e+03,9.9999997047e-01,dRdErec_is_the_reported_observable
1.8836490895e-02,1.6379713741e+03,1.6379394028e+03,1.1507132518e+02,1.6379713448e+03,9.9999998209e-01,dRdErec_is_the_reported_observable
2.1134890398e-02,1.5342615075e+03,1.5341697762e+03,9.7865950032e+01,1.5342614908e+03,9.9999998914e-01,dRdErec_is_the_reported_observable
2.3713737057e-02,1.4026222741e+03,1.4026019049e+03,7.7818666327e+01,1.4026222649e+03,9.9999999342e-01,dRdErec_is_the_reported_observable
2.6607250598e-02,1.2935600047e+03,1.2935263227e+03,6.5793654018e+01,1.2935599995e+03,9.9999999601e-01,dRdErec_is_the_reported_observable
2.9853826189e-02,1.1823469661e+03,1.1823046175e+03,4.9459306760e+01,1.1823469633e+03,9.9999999758e-01,dRdErec_is_the_reported_observable
3.3496543916e-02,1.0739944212e+03,1.0739799784e+03,4.0991739192e+01,1.0739944196e+03,9.9999999854e-01,dRdErec_is_the_reported_observable
3.7583740429e-02,9.5553412926e+02,9.5551624460e+02,3.2586159410e+01,9.5553412842e+02,9.9999999911e-01,dRdErec_is_the_reported_observable
4.2169650343e-02,8.6186175023e+02,8.6184953410e+02,2.8214791107e+01,8.6186174977e+02,9.9999999946e-01,dRdErec_is_the_reported_observable
4.7315125896e-02,7.6429710743e+02,7.6428620691e+02,2.5050104932e+01,7.6429710718e+02,9.9999999967e-01,dRdErec_is_the_reported_observable
5.3088444423e-02,6.5783386519e+02,6.5782547252e+02,2.1939354362e+01,6.5783386506e+02,9.9999999980e-01,dRdErec_is_the_reported_observable
5.9566214353e-02,5.8656216661e+02,5.8655546861e+02,1.9924002574e+01,5.8656216654e+02,9.9999999988e-01,dRdErec_is_the_reported_observable
6.6834391757e-02,4.9895145482e+02,4.9894630488e+02,1.7275369742e+01,4.9895145479e+02,9.9999999993e-01,dRdErec_is_the_reported_observable
7.4989420933e-02,4.1139722323e+02,4.1139337763e+02,1.4528512517e+01,4.1139722321e+02,9.9999999996e-01,dRdErec_is_the_reported_observable
8.4139514165e-02,3.5907343748e+02,3.5907062978e+02,1.2943711734e+01,3.5907343747e+02,9.9999999997e-01,dRdErec_is_the_reported_observable
9.4406087629e-02,2.9331731141e+02,2.9331564192e+02,1.0803967233e+01,2.9331731141e+02,9.9999999998e-01,dRdErec_is_the_reported_observable
1.0592537252e-01,2.2540112473e+02,2.2540054985e+02,8.4871491426e+00,2.2540112473e+02,9.9999999999e-01,dRdErec_is_the_reported_observable
1.1885022274e-01,1.8827722236e+02,1.8827757186e+02,7.2525808954e+00,1.8827722236e+02,9.9999999999e-01,dRdErec_is_the_reported_observable
1.3335214322e-01,1.5101368797e+02,1.5101497590e+02,5.9594709605e+00,1.5101368797e+02,1.0000000000e+00,dRdErec_is_the_reported_observable
1.4962356561e-01,1.0644748113e+02,1.0644917586e+02,4.3047362076e+00,1.0644748113e+02,1.0000000000e+00,dRdErec_is_the_reported_observable
1.6788040181e-01,7.9973164652e+01,7.9975056583e+01,3.3130120873e+00,7.9973164652e+01,1.0000000000e+00,dRdErec_is_the_reported_observable
1.8836490895e-01,6.3779973151e+01,6.3782056625e+01,2.7105311394e+00,6.3779973151e+01,1.0000000000e+00,dRdErec_is_the_reported_observable
2.1134890398e-01,4.2063729168e+01,4.2065477141e+01,1.8348008501e+00,4.2063729168e+01,1.0000000000e+00,dRdErec_is_the_reported_observable
2.3713737057e-01,2.7173971162e+01,2.7175316578e+01,1.2147194917e+00,2.7173971162e+01,1.0000000000e+00,dRdErec_is_the_reported_observable
2.6607250598e-01,1.9843048415e+01,1.9844177704e+01,9.0883558419e-01,1.9843048415e+01,1.0000000000e+00,dRdErec_is_the_reported_observable
2.9853826189e-01,1.2356678173e+01,1.2357468362e+01,5.7976302739e-01,1.2356678173e+01,1.0000000000e+00,dRdErec_is_the_reported_observable
3.3496543916e-01,6.4891626481e+00,6.4896194041e+00,3.1112950825e-01,6.4891626481e+00,1.0000000000e+00,dRdErec_is_the_reported_observable
3.7583740429e-01,3.9599727930e+00,3.9602762932e+00,1.9335457128e-01,3.9599727930e+00,1.0000000000e+00,dRdErec_is_the_reported_observable
4.2169650343e-01,1.8823948939e+00,1.8825518321e+00,9.3211813846e-02,1.8823948939e+00,1.0000000000e+00,dRdErec_is_the_reported_observable
4.7315125896e-01,7.0156874305e-01,7.0163204125e-01,3.5000251430e-02,7.0156874305e-01,1.0000000000e+00,dRdErec_is_the_reported_observable
5.3088444423e-01,2.8286541546e-01,2.8289254645e-01,1.4141890604e-02,2.8286541546e-01,1.0000000000e+00,dRdErec_is_the_reported_observable
5.9566214353e-01,5.3926158143e-02,5.3931310076e-02,2.6963079071e-03,5.3926158143e-02,1.0000000000e+00,dRdErec_is_the_reported_observable
6.6834391757e-01,1.2486376104e-02,1.2487353398e-02,6.2431880518e-04,1.2486376104e-02,1.0000000000e+00,dRdErec_is_the_reported_observable
7.4989420933e-01,1.3434257862e-03,1.3434920577e-03,6.7171289310e-05,1.3434257862e-03,1.0000000000e+00,dRdErec_is_the_reported_observable
8.4139514165e-01,1.6293208074e-04,1.6293855004e-04,8.1466040369e-06,1.6293208074e-04,1.0000000000e+00,dRdErec_is_the_reported_observable
9.4406087629e-01,8.1711521770e-07,8.1723581703e-07,4.0855760886e-08,8.1711521770e-07,1.0000000000e+00,dRdErec_is_the_reported_observable
1.0592537252e+00,0.0000000000e+00,0.0000000000e+00,0.0000000000e+00,0.0000000000e+00,0.0000000000e+00,dRdErec_is_the_reported_observable
1.1885022274e+00,0.0000000000e+00,0.0000000000e+00,0.0000000000e+00,0.0000000000e+00,0.0000000000e+00,dRdErec_is_the_reported_observable
1.3335214322e+00,0.0000000000e+00,0.0000000000e+00,0.0000000000e+00,0.0000000000e+00,0.0000000000e+00,dRdErec_is_the_reported_observable
1.4962356561e+00,0.0000000000e+00,0.0000000000e+00,0.0000000000e+00,0.0000000000e+00,0.0000000000e+00,dRdErec_is_the_reported_observable
1.6788040181e+00,0.0000000000e+00,0.0000000000e+00,0.0000000000e+00,0.0000000000e+00,0.0000000000e+00,dRdErec_is_the_reported_observable
1.8836490895e+00,0.0000000000e+00,0.0000000000e+00,0.0000000000e+00,0.0000000000e+00,0.0000000000e+00,dRdErec_is_the_reported_observable
2.1134890398e+00,0.0000000000e+00,0.0000000000e+00,0.0000000000e+00,0.0000000000e+00,0.0000000000e+00,dRdErec_is_the_reported_observable
2.3713737057e+00,0.0000000000e+00,0.0000000000e+00,0.0000000000e+00,0.0000000000e+00,0.0000000000e+00,dRdErec_is_the_reported_observable
2.6607250598e+00,0.0000000000e+00,0.0000000000e+00,0.0000000000e+00,0.0000000000e+00,0.0000000000e+00,dRdErec_is_the_reported_observable
2.9853826189e+00,0.0000000000e+00,0.0000000000e+00,0.0000000000e+00,0.0000000000e+00,0.0000000000e+00,dRdErec_is_the_reported_observable
3.3496543916e+00,0.0000000000e+00,0.0000000000e+00,0.0000000000e+00,0.0000000000e+00,0.0000000000e+00,dRdErec_is_the_reported_observable
3.7583740429e+00,0.0000000000e+00,0.0000000000e+00,0.0000000000e+00,0.0000000000e+00,0.0000000000e+00,dRdErec_is_the_reported_observable
4.2169650343e+00,0.0000000000e+00,0.0000000000e+00,0.0000000000e+00,0.0000000000e+00,0.0000000000e+00,dRdErec_is_the_reported_observable
4.7315125896e+00,0.0000000000e+00,0.0000000000e+00,0.0000000000e+00,0.0000000000e+00,0.0000000000e+00,dRdErec_is_the_reported_observable
5.3088444423e+00,0.0000000000e+00,0.0000000000e+00,0.0000000000e+00,0.0000000000e+00,0.0000000000e+00,dRdErec_is_the_reported_observable
5.9566214353e+00,0.0000000000e+00,0.0000000000e+00,0.0000000000e+00,0.0000000000e+00,0.0000000000e+00,dRdErec_is_the_reported_observable
6.6834391757e+00,0.0000000000e+00,0.0000000000e+00,0.0000000000e+00,0.0000000000e+00,0.0000000000e+00,dRdErec_is_the_reported_observable
7.4989420933e+00,0.0000000000e+00,0.0000000000e+00,0.0000000000e+00,0.0000000000e+00,0.0000000000e+00,dRdErec_is_the_reported_observable
8.4139514165e+00,0.0000000000e+00,0.0000000000e+00,0.0000000000e+00,0.0000000000e+00,0.0000000000e+00,dRdErec_is_the_reported_observable
9.4406087629e+00,0.0000000000e+00,0.0000000000e+00,0.0000000000e+00,0.0000000000e+00,0.0000000000e+00,dRdErec_is_the_reported_observable
1.0592537252e+01,0.0000000000e+00,0.0000000000e+00,0.0000000000e+00,0.0000000000e+00,0.0000000000e+00,dRdErec_is_the_reported_observable
1.1885022274e+01,0.0000000000e+00,0.0000000000e+00,0.0000000000e+00,0.0000000000e+00,0.0000000000e+00,dRdErec_is_the_reported_observable
1.3335214322e+01,0.0000000000e+00,0.0000000000e+00,0.0000000000e+00,0.0000000000e+00,0.0000000000e+00,dRdErec_is_the_reported_observable
1.4962356561e+01,0.0000000000e+00,0.0000000000e+00,0.0000000000e+00,0.0000000000e+00,0.0000000000e+00,dRdErec_is_the_reported_observable
1.6788040181e+01,0.0000000000e+00,0.0000000000e+00,0.0000000000e+00,0.0000000000e+00,0.0000000000e+00,dRdErec_is_the_reported_observable
1.8836490895e+01,0.0000000000e+00,0.0000000000e+00,0.0000000000e+00,0.0000000000e+00,0.0000000000e+00,dRdErec_is_the_reported_observable
2.1134890398e+01,0.0000000000e+00,0.0000000000e+00,0.0000000000e+00,0.0000000000e+00,0.0000000000e+00,dRdErec_is_the_reported_observable
2.3713737057e+01,0.0000000000e+00,0.0000000000e+00,0.0000000000e+00,0.0000000000e+00,0.0000000000e+00,dRdErec_is_the_reported_observable
2.6607250598e+01,0.0000000000e+00,0.0000000000e+00,0.0000000000e+00,0.0000000000e+00,0.0000000000e+00,dRdErec_is_the_reported_observable
2.9853826189e+01,0.0000000000e+00,0.0000000000e+00,0.0000000000e+00,0.0000000000e+00,0.0000000000e+00,dRdErec_is_the_reported_observable
3.3496543916e+01,0.0000000000e+00,0.0000000000e+00,0.0000000000e+00,0.0000000000e+00,0.0000000000e+00,dRdErec_is_the_reported_observable
3.7583740429e+01,0.0000000000e+00,0.0000000000e+00,0.0000000000e+00,0.0000000000e+00,0.0000000000e+00,dRdErec_is_the_reported_observable
4.2169650343e+01,0.0000000000e+00,0.0000000000e+00,0.0000000000e+00,0.0000000000e+00,0.0000000000e+00,dRdErec_is_the_reported_observable
4.7315125896e+01,0.0000000000e+00,0.0000000000e+00,0.0000000000e+00,0.0000000000e+00,0.0000000000e+00,dRdErec_is_the_reported_observable
5.3088444423e+01,0.0000000000e+00,0.0000000000e+00,0.0000000000e+00,0.0000000000e+00,0.0000000000e+00,dRdErec_is_the_reported_observable
5.9566214353e+01,0.0000000000e+00,0.0000000000e+00,0.0000000000e+00,0.0000000000e+00,0.0000000000e+00,dRdErec_is_the_reported_observable
6.6834391757e+01,0.0000000000e+00,0.0000000000e+00,0.0000000000e+00,0.0000000000e+00,0.0000000000e+00,dRdErec_is_the_reported_observable
7.4989420933e+01,0.0000000000e+00,0.0000000000e+00,0.0000000000e+00,0.0000000000e+00,0.0000000000e+00,dRdErec_is_the_reported_observable
8.4139514165e+01,0.0000000000e+00,0.0000000000e+00,0.0000000000e+00,0.0000000000e+00,0.0000000000e+00,dRdErec_is_the_reported_observable
9.4406087629e+01,0.0000000000e+00,0.0000000000e+00,0.0000000000e+00,0.0000000000e+00,0.0000000000e+00,dRdErec_is_the_reported_observable
