# CEvNS dR/dT with impulse-approximation quantum broadening (plan 11-04, CALC-15).
# Recoil (nuclear) energy axis on the unified phonon scale, NO quenching; never keVee.
# 480 log bins from the extended-grid floor 0.0999350 eV to 3200.0 eV.
# dR/dT RECOMPUTED from cevns.differential_rate, NOT extrapolated from the
# frozen artifacts/stage1/cevns_dRdT.csv, whose support stops at 5 eV.
# Kernel: Gaussian of width sigma_E(T) = sqrt(T * omega_bar), applied on the
# RECOIL axis UPSTREAM of fold.rebin_cevns_to_edep_grid and of R(E_rec|E_dep).
# CENTRAL column uses the LOCKED omega_bar = 1.7859677040e-02 eV (harmonic VDOS mean,
# CONVENTIONS.md Section J).
# The *_upper column is the ONE-SIDED moment systematic: sigma_E is really
# governed by the ARITHMETIC VDOS mean omega_bar_p = 2.4195531663e-02 eV (plan 11-02,
# independently confirmed by plan 11-03's exact second central moment of
# S(q,omega)). The correction is x1.163941 on the width and can only make the
# broadening LARGER, so it is carried as an upper band and is NOT absorbed
# into the central value (fp-absorb-systematic). There is no lower band.
# Counts are NOT rescaled after the convolution: mass leaving the axis is
# reported in ia_broadening_leakage_budget.csv (fp-rescale-to-conserve).
# The rate is NEVER multiplied by exp(-2W) (fp-dw-suppression).
T_eV,dRdT_unbroadened,dRdT_broadened,dRdT_broadened_upper,dRdT_band_unbroadened,dRdT_band_broadened
1.0102079350e-01,2.3498658969e+03,1.3779187344e+03,1.4000898697e+03,4.0823098443e+02,2.3861993618e+02
1.0322790012e-01,2.3490359782e+03,1.4238589445e+03,1.4389803365e+03,4.0802644297e+02,2.4656136305e+02
1.0548322769e-01,2.3481879274e+03,1.4701110909e+03,1.4781856828e+03,4.0781743269e+02,2.5455504005e+02
1.0778782976e-01,2.3473213485e+03,1.5165309854e+03,1.5176150703e+03,4.0760385597e+02,2.6257585988e+02
1.1014278287e-01,2.3464358365e+03,1.5629636027e+03,1.5571702289e+03,4.0738561303e+02,2.7059683542e+02
1.1254918710e-01,2.3455309780e+03,1.6092440524e+03,1.5967457677e+03,4.0716260193e+02,2.7858926925e+02
1.1500816655e-01,2.3446063502e+03,1.6551988553e+03,1.6362296317e+03,4.0693471850e+02,2.8652297596e+02
1.1752086989e-01,2.3436615211e+03,1.7006475362e+03,1.6755037173e+03,4.0670185628e+02,2.9436655937e+02
1.2008847088e-01,2.3426960494e+03,1.7454045354e+03,1.7144446545e+03,4.0646390650e+02,3.0208774536e+02
1.2271216893e-01,2.3417094842e+03,1.7892814348e+03,1.7529247642e+03,4.0622075801e+02,3.0965376906e+02
1.2539318964e-01,2.3407013646e+03,1.8320894778e+03,1.7908131925e+03,4.0597229722e+02,3.1703181329e+02
1.2813278541e-01,2.3396712196e+03,1.8736423524e+03,1.8279772204e+03,4.0571840808e+02,3.2418949247e+02
1.3093223598e-01,2.3386185681e+03,1.9137591882e+03,1.8642837407e+03,4.0545897198e+02,3.3109537401e+02
1.3379284907e-01,2.3375429184e+03,1.9522677081e+03,1.8996008904e+03,4.0519386774e+02,3.3771952607e+02
1.3671596095e-01,2.3364437679e+03,1.9890074531e+03,1.9337998143e+03,4.0492297153e+02,3.4403407837e+02
1.3970293711e-01,2.3353206032e+03,2.0238329907e+03,1.9667565354e+03,4.0464615679e+02,3.5001377992e+02
1.4275517285e-01,2.3341728998e+03,2.0566170020e+03,1.9983538922e+03,4.0436329422e+02,3.5563653559e+02
1.4587409397e-01,2.3330001214e+03,2.0872531333e+03,2.0284835024e+03,4.0407425169e+02,3.6088390184e+02
1.4906115741e-01,2.3318017202e+03,2.1156584963e+03,2.0570477011e+03,4.0377889418e+02,3.6574152128e+02
1.5231785195e-01,2.3305771364e+03,2.1417756986e+03,2.0839613964e+03,4.0347708373e+02,3.7019947559e+02
1.5564569889e-01,2.3293257981e+03,2.1655742967e+03,2.1091537830e+03,4.0316867934e+02,3.7425253814e+02
1.5904625278e-01,2.3280471206e+03,2.1870515757e+03,2.1325698491e+03,4.0285353697e+02,3.7790030965e+02
1.6252110211e-01,2.3267405066e+03,2.2062325843e+03,2.1541716142e+03,4.0253150939e+02,3.8114722448e+02
1.6607187009e-01,2.3254053459e+03,2.2231693799e+03,2.1739390381e+03,4.0220244618e+02,3.8400241976e+02
1.6970021541e-01,2.3240410148e+03,2.2379394757e+03,2.1918705472e+03,4.0186619363e+02,3.8647946594e+02
1.7340783297e-01,2.3226468758e+03,2.2506435180e+03,2.2079831358e+03,4.0152259467e+02,3.8859596376e+02
1.7719645472e-01,2.3212222779e+03,2.2614022647e+03,2.2223120124e+03,4.0117148879e+02,3.9037302001e+02
1.8106785043e-01,2.3197665555e+03,2.2703529753e+03,2.2349097787e+03,4.0081271199e+02,3.9183462113e+02
1.8502382857e-01,2.3182790286e+03,2.2776453584e+03,2.2458451471e+03,4.0044609666e+02,3.9300693022e+02
1.8906623709e-01,2.3167590024e+03,2.2834372509e+03,2.2552012247e+03,4.0007147157e+02,3.9391753757e+02
1.9319696432e-01,2.3152057668e+03,2.2878902220e+03,2.2630734123e+03,3.9968866172e+02,3.9459469847e+02
1.9741793985e-01,2.3136185963e+03,2.2911653019e+03,2.2695669870e+03,3.9929748827e+02,3.9506659276e+02
2.0173113544e-01,2.3119967495e+03,2.2934190250e+03,2.2747944569e+03,3.9889776852e+02,3.9536063931e+02
2.0613856591e-01,2.3103394688e+03,2.2947999576e+03,2.2788727872e+03,3.9848931574e+02,3.9550289481e+02
2.1064229011e-01,2.3086459801e+03,2.2954458460e+03,2.2819206088e+03,3.9807193914e+02,3.9551756042e+02
2.1524441187e-01,2.3069154922e+03,2.2954814761e+03,2.2840555208e+03,3.9764544374e+02,3.9542661206e+02
2.1994708098e-01,2.3051471969e+03,2.2950172857e+03,2.2853915951e+03,3.9720963034e+02,3.9524956150e+02
2.2475249421e-01,2.3033402681e+03,2.2941487217e+03,2.2860371785e+03,3.9676429534e+02,3.9500334660e+02
2.2966289631e-01,2.3014938618e+03,2.2929562846e+03,2.2860930697e+03,3.9630923072e+02,3.9470234069e+02
2.3468058108e-01,2.2996071154e+03,2.2915061638e+03,2.2856511274e+03,3.9584422393e+02,3.9435846426e+02
2.3980789245e-01,2.2976791477e+03,2.2898513404e+03,2.2847933353e+03,3.9536905773e+02,3.9398137709e+02
2.4504722554e-01,2.2957090581e+03,2.2880330166e+03,2.2835913263e+03,3.9488351018e+02,3.9357872661e+02
2.5040102779e-01,2.2936959263e+03,2.2860822335e+03,2.2821063381e+03,3.9438735446e+02,3.9315642772e+02
2.5587180015e-01,2.2916388119e+03,2.2840215456e+03,2.2803895513e+03,3.9388035881e+02,3.9271895163e+02
2.6146209818e-01,2.2895367540e+03,2.2818666463e+03,2.2784827428e+03,3.9336228641e+02,3.9226960449e+02
2.6717453328e-01,2.2873887707e+03,2.2796278610e+03,2.2764191748e+03,3.9283289525e+02,3.9181078168e+02
2.7301177390e-01,2.2851938587e+03,2.2773114577e+03,2.2742246390e+03,3.9229193805e+02,3.9134418837e+02
2.7897654681e-01,2.2829509926e+03,2.2749207494e+03,2.2719185734e+03,3.9173916212e+02,3.9087102206e+02
2.8507163833e-01,2.2806596289e+03,2.2724569881e+03,2.2695151844e+03,3.9117978151e+02,3.9039211667e+02
2.9129989567e-01,2.2783209909e+03,2.2699200682e+03,2.2670245139e+03,3.9062612727e+02,3.8990805111e+02
2.9766422824e-01,2.2759417324e+03,2.2673090657e+03,2.2644534112e+03,3.9011251482e+02,3.8941922707e+02
3.0416760903e-01,2.2735260437e+03,2.2646226475e+03,2.2618063831e+03,3.8962808646e+02,3.8892592185e+02
3.1081307595e-01,2.2710755701e+03,2.2618593827e+03,2.2590863127e+03,3.8915364181e+02,3.8842832190e+02
3.1760373332e-01,2.2685916043e+03,2.2590179861e+03,2.2562950461e+03,3.8868156638e+02,3.8792654272e+02
3.2454275326e-01,2.2660731461e+03,2.2560975162e+03,2.2534338599e+03,3.8820270823e+02,3.8742063931e+02
3.3163337721e-01,2.2635194894e+03,2.2530975453e+03,2.2505038227e+03,3.8771693829e+02,3.8691061106e+02
3.3887891741e-01,2.2609300203e+03,2.2500183120e+03,2.2475060701e+03,3.8722418941e+02,3.8639640347e+02
3.4628275848e-01,2.2583041465e+03,2.2468608603e+03,2.2444420098e+03,3.8672442969e+02,3.8587790882e+02
3.5384835899e-01,2.2556416607e+03,2.2436271645e+03,2.2413134717e+03,3.8621769298e+02,3.8535496683e+02
3.6157925307e-01,2.2529423622e+03,2.2403202366e+03,2.2381228142e+03,3.8570399383e+02,3.8482736618e+02
3.6947905204e-01,2.2502057971e+03,2.2369442076e+03,2.2348729952e+03,3.8518325621e+02,3.8429484722e+02
3.7755144617e-01,2.2474314038e+03,2.2335043743e+03,2.2315676117e+03,3.8465536872e+02,3.8375710599e+02
3.8580020630e-01,2.2424561513e+03,2.2300072007e+03,2.2282109105e+03,3.8412016209e+02,3.8321379950e+02
3.9422918570e-01,2.2305762737e+03,2.2264602647e+03,2.2248077683e+03,3.8357745928e+02,3.8266455194e+02
4.0284232180e-01,2.2260590510e+03,2.2228721416e+03,2.2213636422e+03,3.8302707195e+02,3.8210896152e+02
4.1164363807e-01,2.2174015098e+03,2.2192522180e+03,2.2178844868e+03,3.8246880586e+02,3.8154660747e+02
4.2063724587e-01,2.2108255303e+03,2.2156104364e+03,2.2143766392e+03,3.8190246063e+02,3.8097705681e+02
4.2982734640e-01,2.2081728619e+03,2.2119569734e+03,2.2108466713e+03,3.8132782339e+02,3.8039987034e+02
4.3921823264e-01,2.2054853597e+03,2.2083018634e+03,2.2073012131e+03,3.8074465443e+02,3.7981460756e+02
4.4881429136e-01,2.2027619854e+03,2.2046545839e+03,2.2037467508e+03,3.8015269706e+02,3.7922083019e+02
4.5862000518e-01,2.2000014140e+03,2.2010236292e+03,2.2001894086e+03,3.7955170079e+02,3.7861810411e+02
4.6863995466e-01,2.1972021079e+03,2.1974160987e+03,2.1966347236e+03,3.7894144177e+02,3.7800599970e+02
4.7887882042e-01,2.1943625746e+03,2.1938373356e+03,2.1930874266e+03,3.7832172625e+02,3.7738409066e+02
4.8934138536e-01,2.1914812290e+03,2.1902906450e+03,2.1895512426e+03,3.7769233997e+02,3.7675195146e+02
5.0003253687e-01,2.1885566242e+03,2.1867771234e+03,2.1860287255e+03,3.7705306691e+02,3.7610915370e+02
5.1095726911e-01,2.1855881001e+03,2.1832956177e+03,2.1825211407e+03,3.7640370559e+02,3.7545526157e+02
5.2212068536e-01,2.1825753350e+03,2.1798428256e+03,2.1790284074e+03,3.7574411414e+02,3.7478982666e+02
5.3352800042e-01,2.1795136883e+03,2.1764135326e+03,2.1755491080e+03,3.7507406207e+02,3.7411238227e+02
5.4518454298e-01,2.1763945869e+03,2.1730009694e+03,2.1720805698e+03,3.7439304055e+02,3.7342243716e+02
5.5709575818e-01,2.1732127363e+03,2.1695972585e+03,2.1686190132e+03,3.7370002750e+02,3.7271946878e+02
5.6926721012e-01,2.1699648758e+03,2.1661939109e+03,2.1651597625e+03,3.7299333231e+02,3.7200291559e+02
5.8170458446e-01,2.1666508719e+03,2.1627823287e+03,2.1616975014e+03,3.7227169924e+02,3.7127216829e+02
5.9441369108e-01,2.1632717268e+03,2.1593542700e+03,2.1582265578e+03,3.7153409841e+02,3.7052655947e+02
6.0740046682e-01,2.1598284597e+03,2.1559022402e+03,2.1547411964e+03,3.7077961253e+02,3.6976535136e+02
6.2067097818e-01,2.1563221557e+03,2.1524197844e+03,2.1512358975e+03,3.7000817091e+02,3.6898772130e+02
6.3423142424e-01,2.1527540749e+03,2.1489016699e+03,2.1477056025e+03,3.6921992125e+02,3.6819274490e+02
6.4808813951e-01,2.1491258536e+03,2.1453439595e+03,2.1441459124e+03,3.6841503471e+02,3.6737937701e+02
6.6224759689e-01,2.1454393229e+03,2.1417439926e+03,2.1405532269e+03,3.6759382854e+02,3.6654643117e+02
6.7671641069e-01,2.1416963716e+03,2.1381002924e+03,2.1369248237e+03,3.6675656100e+02,3.6569255875e+02
6.9150133976e-01,2.1378989767e+03,2.1344124276e+03,2.1332588770e+03,3.6590351542e+02,3.6481622976e+02
7.0660929059e-01,2.1340491525e+03,2.1306808500e+03,2.1295544259e+03,3.6503497452e+02,3.6391571817e+02
7.2204732058e-01,2.1301494013e+03,2.1269067291e+03,2.1258113020e+03,3.6415124462e+02,3.6298909524e+02
7.3782264130e-01,2.1262033034e+03,2.1230917973e+03,2.1220300290e+03,3.6325262565e+02,3.6203423525e+02
7.5394262191e-01,2.1222161657e+03,2.1192382115e+03,2.1182117067e+03,3.6233944489e+02,3.6104883862e+02
7.7041479254e-01,2.1181929619e+03,2.1153484345e+03,2.1143578900e+03,3.6141202440e+02,3.6003047700e+02
7.8724684786e-01,2.1141383468e+03,2.1114251330e+03,2.1104704700e+03,3.6046886522e+02,3.5897666474e+02
8.0444665065e-01,2.1100565484e+03,2.1074710891e+03,2.1065515630e+03,3.5950422931e+02,3.5788495931e+02
8.2202223546e-01,2.1059514977e+03,2.1034891200e+03,2.1026034087e+03,3.5850903047e+02,3.5675309086e+02
8.3998181240e-01,2.1018273678e+03,2.0994820033e+03,2.0986282780e+03,3.5747957546e+02,3.5557911752e+02
8.5833377094e-01,2.0976882058e+03,2.0954524038e+03,2.0946283909e+03,3.5641343585e+02,3.5436159896e+02
8.7708668386e-01,2.0935366287e+03,2.0914028018e+03,2.0906058403e+03,3.5526646713e+02,3.5309977576e+02
8.9624931122e-01,2.0893749753e+03,2.0873354224e+03,2.0865625231e+03,3.5390318301e+02,3.5179373815e+02
9.1583060448e-01,2.0852070115e+03,2.0832521660e+03,2.0825000768e+03,3.5236094689e+02,3.5044456435e+02
9.3583971068e-01,2.0810374683e+03,2.0791545449e+03,2.0784198207e+03,3.5071378289e+02,3.4905440769e+02
9.5628597668e-01,2.0768725546e+03,2.0750436256e+03,2.0743227026e+03,3.4898540613e+02,3.4762651399e+02
9.7717895358e-01,2.0727190365e+03,2.0709199822e+03,2.0702092522e+03,3.4725618445e+02,3.4616515562e+02
9.9852840113e-01,2.0685809504e+03,2.0667836628e+03,2.0660795399e+03,3.4553304989e+02,3.4467547782e+02
1.0203442923e+00,2.0644547885e+03,2.0626341718e+03,2.0619331422e+03,3.4382273681e+02,3.4316326358e+02
1.0426368180e+00,2.0603246327e+03,2.0584704671e+03,2.0577691131e+03,3.4213184426e+02,3.4163463578e+02
1.0654163918e+00,2.0561789254e+03,2.0542909722e+03,2.0535859585e+03,3.4046554283e+02,3.4009572547e+02
1.0886936547e+00,2.0520101354e+03,2.0500935962e+03,2.0493816123e+03,3.3882928573e+02,3.3855234265e+02
1.1124794802e+00,2.0478156073e+03,2.0458757532e+03,2.0451534080e+03,3.3722970353e+02,3.3700968766e+02
1.1367849794e+00,2.0435958680e+03,2.0416343684e+03,2.0408980429e+03,3.3567366987e+02,3.3547213713e+02
1.1616215062e+00,2.0393501184e+03,2.0373658546e+03,2.0366115280e+03,3.3416429401e+02,3.3394312830e+02
1.1870006626e+00,2.0350737494e+03,2.0330660416e+03,2.0322891209e+03,3.3268955360e+02,3.3242515182e+02
1.2129343038e+00,2.0307621161e+03,2.0287300431e+03,2.0279252408e+03,3.3123205278e+02,3.3091984712e+02
1.2394345443e+00,2.0264125569e+03,2.0243520505e+03,2.0235133698e+03,3.2977951993e+02,3.2942818015e+02
1.2665137632e+00,2.0220236784e+03,2.0199250542e+03,2.0190459525e+03,3.2832306813e+02,3.2795067210e+02
1.2941846100e+00,2.0175961931e+03,2.0154405133e+03,2.0145143167e+03,3.2686086326e+02,3.2648764234e+02
1.3224600107e+00,2.0131309536e+03,2.0108880173e+03,2.0099086488e+03,3.2537709123e+02,3.2503942878e+02
1.3513531736e+00,2.0086281329e+03,2.0062550173e+03,2.0052180683e+03,3.2386176991e+02,3.2360655521e+02
1.3808775955e+00,2.0040858016e+03,2.0015267397e+03,2.0004308535e+03,3.2225908220e+02,3.2218982467e+02
1.4110470682e+00,1.9995014919e+03,1.9966864227e+03,1.9955348742e+03,3.2079326978e+02,3.2079032959e+02
1.4418756849e+00,1.9948733748e+03,1.9917160300e+03,1.9905182734e+03,3.1944464413e+02,3.1940937927e+02
1.4733778465e+00,1.9902002953e+03,1.9865975706e+03,1.9853704186e+03,3.1814217280e+02,3.1804835057e+02
1.5055682686e+00,1.9854818374e+03,1.9813150776e+03,1.9800830974e+03,3.1687728243e+02,3.1670846813e+02
1.5384619885e+00,1.9807173019e+03,1.9758571654e+03,1.9746518760e+03,3.1560074198e+02,3.1539051615e+02
1.5720743718e+00,1.9759044088e+03,1.9702198886e+03,1.9690774673e+03,3.1423132848e+02,3.1409448221e+02
1.6064211199e+00,1.9710333206e+03,1.9644094236e+03,1.9633668920e+03,3.1259324196e+02,3.1281914105e+02
1.6415182772e+00,1.9647128647e+03,1.9584439238e+03,1.9575341733e+03,3.1121195143e+02,3.1156161015e+02
1.6773822387e+00,1.9539268289e+03,1.9523538668e+03,1.9516003090e+03,3.1017548038e+02,3.1031695017e+02
1.7140297575e+00,1.9477464983e+03,1.9461803683e+03,1.9455923273e+03,3.0906113846e+02,3.0907793168e+02
1.7514779530e+00,1.9388460645e+03,1.9399713251e+03,1.9395413729e+03,3.0814140896e+02,3.0783512263e+02
1.7897443181e+00,1.9312245458e+03,1.9337757934e+03,1.9334799511e+03,3.0721064045e+02,3.0657744349e+02
1.8288467285e+00,1.9260704626e+03,1.9276375749e+03,1.9274386701e+03,3.0626865781e+02,3.0529326464e+02
1.8688034500e+00,1.9208704769e+03,1.9215893511e+03,1.9214429837e+03,3.0531560628e+02,3.0397198521e+02
1.9096331477e+00,1.9156253010e+03,1.9156487158e+03,1.9155105093e+03,3.0435165392e+02,3.0260586047e+02
1.9513548943e+00,1.9103332092e+03,1.9098170204e+03,1.9096494290e+03,3.0305288277e+02,3.0119169568e+02
1.9939881795e+00,1.9049906700e+03,1.9040811971e+03,1.9038582742e+03,3.0047312755e+02,2.9973196524e+02
2.0375529184e+00,1.8995948651e+03,1.8984179055e+03,1.8981270982e+03,2.9839167425e+02,2.9823499856e+02
2.0820694617e+00,1.8941432560e+03,1.8927987667e+03,1.8924397324e+03,2.9649604364e+02,2.9671410195e+02
2.1275586043e+00,1.8886345766e+03,1.8871953168e+03,1.8867765980e+03,2.9503940789e+02,2.9518579489e+02
2.1740415956e+00,1.8830685725e+03,1.8815826297e+03,1.8811174753e+03,2.9356908326e+02,2.9366761769e+02
2.2215401494e+00,1.8774454321e+03,1.8759411620e+03,1.8754437269e+03,2.9208519371e+02,2.9217608966e+02
2.2700764535e+00,1.8717643589e+03,1.8702569734e+03,1.8697396864e+03,2.9058762155e+02,2.9072529607e+02
2.3196731809e+00,1.8660240530e+03,1.8645208642e+03,1.8639931777e+03,2.8907647103e+02,2.8932628545e+02
2.3703534997e+00,1.8602226340e+03,1.8587270634e+03,1.8581953353e+03,2.8759923146e+02,2.8798709420e+02
2.4221410843e+00,1.8543584463e+03,1.8528719589e+03,1.8523400030e+03,2.8627005936e+02,2.8671294811e+02
2.4750601263e+00,1.8484301242e+03,1.8469531255e+03,1.8464229851e+03,2.8507537420e+02,2.8550614242e+02
2.5291353457e+00,1.8424362523e+03,1.8409687041e+03,1.8404413545e+03,2.8395134141e+02,2.8436529673e+02
2.5843920028e+00,1.8363756441e+03,1.8349170644e+03,1.8343929197e+03,2.8288417144e+02,2.8328404722e+02
2.6408559098e+00,1.8302468026e+03,1.8287966503e+03,1.8282758705e+03,2.8180380572e+02,2.8224965363e+02
2.6985534426e+00,1.8240474269e+03,1.8226059244e+03,1.8220885730e+03,2.8070970919e+02,2.8124232460e+02
2.7575115536e+00,1.8177751617e+03,1.8163433564e+03,1.8158294646e+03,2.8001614558e+02,2.8023615287e+02
2.8177577839e+00,1.8114289308e+03,1.8100074261e+03,1.8094970057e+03,2.8062176581e+02,2.7920224844e+02
2.8793202764e+00,1.8050081238e+03,1.8035966261e+03,1.8030896554e+03,2.8045070713e+02,2.7811390010e+02
2.9422277889e+00,1.7985110132e+03,1.7971094573e+03,1.7966058519e+03,2.7810921988e+02,2.7695255233e+02
3.0065097074e+00,1.7919361281e+03,1.7905444103e+03,1.7900439837e+03,2.7659565585e+02,2.7571254006e+02
3.0721960600e+00,1.7852811695e+03,1.7838999282e+03,1.7834023462e+03,2.7451234530e+02,2.7440249077e+02
3.1393175308e+00,1.7785455394e+03,1.7771743436e+03,1.7766790769e+03,2.7285068521e+02,2.7304239781e+02
3.2079054744e+00,1.7717282064e+03,1.7703657862e+03,1.7698720678e+03,2.7141741765e+02,2.7165721889e+02
3.2779919304e+00,1.7648277495e+03,1.7634720578e+03,1.7629788545e+03,2.7018415232e+02,2.7026946831e+02
3.3496096382e+00,1.7578441241e+03,1.7564904800e+03,1.7559964852e+03,2.6893438742e+02,2.6889365906e+02
3.4227920527e+00,1.7507753356e+03,1.7494177248e+03,1.7489213755e+03,2.6766769654e+02,2.6753436132e+02
3.4975733598e+00,1.7436181836e+03,1.7422496424e+03,1.7417491613e+03,2.6638335392e+02,2.6618778904e+02
3.5739884921e+00,1.7363667832e+03,1.7349810977e+03,1.7344745658e+03,2.6507995943e+02,2.6484534711e+02
3.6520731454e+00,1.7290145924e+03,1.7276058177e+03,1.7270913083e+03,2.6375593611e+02,2.6349720539e+02
3.7318637956e+00,1.7215542236e+03,1.7201162570e+03,1.7195921034e+03,2.6240949586e+02,2.6213462392e+02
3.8133977154e+00,1.7139724382e+03,1.7125035179e+03,1.7119688319e+03,2.6103740666e+02,2.6075077447e+02
3.8967129917e+00,1.7062611795e+03,1.7047574584e+03,1.7042130141e+03,2.5963774582e+02,2.5934054414e+02
3.9818485437e+00,1.6984184511e+03,1.6968672599e+03,1.6963167500e+03,2.5821012278e+02,2.5790002943e+02
4.0688441409e+00,1.6904438120e+03,1.6888228565e+03,1.6882742833e+03,2.5675454400e+02,2.5642627445e+02
4.1577404216e+00,1.6823172002e+03,1.6806176045e+03,1.6800842393e+03,2.5526611401e+02,2.5491752172e+02
4.2485789121e+00,1.6739796068e+03,1.6722522310e+03,1.6717523460e+03,2.5373020354e+02,2.5337396976e+02
4.3414020457e+00,1.6653458209e+03,1.6637394253e+03,1.6632940990e+03,2.5212563622e+02,2.5179878631e+02
4.4362531832e+00,1.6564277594e+03,1.6551076125e+03,1.6547364902e+03,2.5045552128e+02,2.5019889752e+02
4.5331766324e+00,1.6473046522e+03,1.6464019391e+03,1.6461177730e+03,2.4873979095e+02,2.4858489537e+02
4.6322176692e+00,1.6381152451e+03,1.6376807925e+03,1.6374844795e+03,2.4701319637e+02,2.4696933489e+02
4.7334225589e+00,1.6290244547e+03,1.6290074515e+03,1.6288856005e+03,2.4531682895e+02,2.4536274294e+02
4.8368385773e+00,1.6201957070e+03,1.6204383830e+03,1.6203648321e+03,2.4369140227e+02,2.4376681598e+02
4.9425140333e+00,1.6117486412e+03,1.6120114317e+03,1.6119527023e+03,2.4216666055e+02,2.4216466854e+02
5.0504982912e+00,1.6036903921e+03,1.6037377658e+03,1.6036607678e+03,2.4074432798e+02,2.4050909555e+02
5.1608417937e+00,1.5958524909e+03,1.5956003785e+03,1.5954796268e+03,2.3938246701e+02,2.3871235343e+02
5.2735960859e+00,1.5880952920e+03,1.5875595009e+03,1.5873813028e+03,2.3804641063e+02,2.3664490826e+02
5.3888138386e+00,1.5803101801e+03,1.5795625592e+03,1.5793251015e+03,2.3670931007e+02,2.3415344055e+02
5.5065488737e+00,1.5724406278e+03,1.5715547898e+03,1.5712649879e+03,2.3528301993e+02,2.3110477024e+02
5.6268561888e+00,1.5644648782e+03,1.5634871263e+03,1.5631563719e+03,2.3213038103e+02,2.2744804944e+02
5.7497919834e+00,1.5563717473e+03,1.5553200549e+03,1.5549609274e+03,2.2524520948e+02,2.2326737375e+02
5.8754136844e+00,1.5481371150e+03,1.5470243761e+03,1.5466492103e+03,2.1770244571e+02,2.1878778401e+02
6.0037799738e+00,1.5397279086e+03,1.5385808686e+03,1.5382017267e+03,2.1232997668e+02,2.1431620705e+02
6.1349508153e+00,1.5311144994e+03,1.5299803791e+03,1.5296093196e+03,2.0735381082e+02,2.1014011659e+02
6.2689874829e+00,1.5222933151e+03,1.5212245802e+03,1.5208733590e+03,2.0490948428e+02,2.0643886606e+02
6.4059525894e+00,1.5132874922e+03,1.5123266025e+03,1.5120056536e+03,2.0243359736e+02,2.0325507517e+02
6.5459101155e+00,1.5041379846e+03,1.5033105692e+03,1.5030276661e+03,1.9995687871e+02,2.0053038295e+02
6.6889254395e+00,1.4948924449e+03,1.4942095706e+03,1.4939686449e+03,1.9754296003e+02,1.9816870534e+02
6.8350653684e+00,1.4855990973e+03,1.4850622095e+03,1.4848625628e+03,1.9556194161e+02,1.9608357662e+02
6.9843981687e+00,1.4763094632e+03,1.4759080649e+03,1.4757440406e+03,1.9383886248e+02,1.9421192408e+02
7.1369935985e+00,1.4670747999e+03,1.4667823768e+03,1.4666436795e+03,1.9228142382e+02,1.9250567512e+02
7.2929229397e+00,1.4579505125e+03,1.4577104303e+03,1.4575834732e+03,1.9084914556e+02,1.9092135118e+02
7.4522590319e+00,1.4489603488e+03,1.4487027721e+03,1.4485732612e+03,1.8943359190e+02,1.8941769029e+02
7.6150763058e+00,1.4401047777e+03,1.4397530752e+03,1.4396093133e+03,1.8802443529e+02,1.8795901075e+02
7.7814508184e+00,1.4313055789e+03,1.4308402171e+03,1.4306757736e+03,1.8661241065e+02,1.8651834431e+02
7.9514602885e+00,1.4224876619e+03,1.4219344129e+03,1.4217487032e+03,1.8518828912e+02,1.8507750523e+02
8.1251841328e+00,1.4135992217e+03,1.4130048915e+03,1.4128012420e+03,1.8374810761e+02,1.8362496295e+02
8.3027035031e+00,1.4046343231e+03,1.4040254673e+03,1.4038077438e+03,1.8228876786e+02,1.8215366169e+02
8.4841013241e+00,1.3955983856e+03,1.3949755731e+03,1.3947451998e+03,1.8080334593e+02,1.8066028011e+02
8.6694623325e+00,1.3864860142e+03,1.3858369260e+03,1.3855916880e+03,1.7927439741e+02,1.7914609900e+02
8.8588731161e+00,1.3772852219e+03,1.3765880324e+03,1.3763232229e+03,1.7770377957e+02,1.7761836184e+02
9.0524221547e+00,1.3679746338e+03,1.3671994708e+03,1.3669116311e+03,1.7611655703e+02,1.7609028860e+02
9.2501998609e+00,1.3585274139e+03,1.3576334541e+03,1.3573267508e+03,1.7455009301e+02,1.7457834391e+02
9.4522986228e+00,1.3489148496e+03,1.3478523817e+03,1.3475459401e+03,1.7304573485e+02,1.7309702634e+02
9.6588128472e+00,1.3387399090e+03,1.3378408095e+03,1.3375711236e+03,1.7162103210e+02,1.7165320898e+02
9.8698390032e+00,1.3288267425e+03,1.3276374231e+03,1.3274470564e+03,1.7024993936e+02,1.7024224494e+02
1.0085475668e+01,1.3172697863e+03,1.3173552117e+03,1.3172668425e+03,1.6890654675e+02,1.6884626051e+02
1.0305823571e+01,1.3067587666e+03,1.3071569656e+03,1.3071512112e+03,1.6757005224e+02,1.6743345071e+02
1.0530985645e+01,1.2967257254e+03,1.2971820859e+03,1.2972043131e+03,1.6622887723e+02,1.6595863313e+02
1.0761067070e+01,1.2874967045e+03,1.2874764392e+03,1.2874714023e+03,1.6480223932e+02,1.6436868005e+02
1.0996175323e+01,1.2782484148e+03,1.2779856187e+03,1.2779278589e+03,1.6311490166e+02,1.6261551324e+02
1.1236420231e+01,1.2689733352e+03,1.2686092675e+03,1.2685047377e+03,1.6110132012e+02,1.6067113135e+02
1.1481914021e+01,1.2596611323e+03,1.2592598696e+03,1.2591275731e+03,1.5890244233e+02,1.5853250182e+02
1.1732771369e+01,1.2503035356e+03,1.2498854581e+03,1.2497419808e+03,1.5653336695e+02,1.5621088879e+02
1.1989109460e+01,1.2408885447e+03,1.2404630063e+03,1.2403190617e+03,1.5410005253e+02,1.5371621988e+02
1.2251048036e+01,1.2313965552e+03,1.2309872724e+03,1.2308501154e+03,1.5146961609e+02,1.5105424905e+02
1.2518709457e+01,1.2218254936e+03,1.2214659640e+03,1.2213403579e+03,1.4856370676e+02,1.4824311339e+02
1.2792218756e+01,1.2122138422e+03,1.2119168420e+03,1.2118034608e+03,1.4549337649e+02,1.4533741347e+02
1.3071703698e+01,1.2026142729e+03,1.2023605184e+03,1.2022546699e+03,1.4231439739e+02,1.4243977924e+02
1.3357294840e+01,1.1930706595e+03,1.1928092289e+03,1.1927022842e+03,1.3925025237e+02,1.3968559131e+02
1.3649125588e+01,1.1835636285e+03,1.1832576220e+03,1.1831406886e+03,1.3664207442e+02,1.3720049837e+02
1.3947332268e+01,1.1740461091e+03,1.1736810774e+03,1.1735486788e+03,1.3458681858e+02,1.3505101223e+02
1.4252054179e+01,1.1644717778e+03,1.1640420075e+03,1.1638944210e+03,1.3293260505e+02,1.3322116999e+02
1.4563433668e+01,1.1547829714e+03,1.1543015668e+03,1.1541457681e+03,1.3152637285e+02,1.3163104199e+02
1.4881616189e+01,1.1449138845e+03,1.1444345157e+03,1.1442831995e+03,1.3020047683e+02,1.3018044671e+02
1.5206750376e+01,1.1348553805e+03,1.1344435168e+03,1.1343113487e+03,1.2883826855e+02,1.2878888008e+02
1.5538988108e+01,1.1246667931e+03,1.1243659411e+03,1.1242639224e+03,1.2745208294e+02,1.2741359239e+02
1.5878484585e+01,1.1144379549e+03,1.1142674038e+03,1.1141979811e+03,1.2606012264e+02,1.2604418029e+02
1.6225398395e+01,1.1042938583e+03,1.1042223242e+03,1.1041779805e+03,1.2468758485e+02,1.2468221231e+02
1.6579891592e+01,1.0943330891e+03,1.0942889078e+03,1.0942556367e+03,1.2335442022e+02,1.2331054728e+02
1.6942129773e+01,1.0845651326e+03,1.0844910766e+03,1.0844549749e+03,1.2206280126e+02,1.2184629741e+02
1.7312282148e+01,1.0749399855e+03,1.0748170214e+03,1.0747695061e+03,1.2080306274e+02,1.2008207072e+02
1.7690521629e+01,1.0654055944e+03,1.0652321273e+03,1.0651709589e+03,1.1892440377e+02,1.1768162461e+02
1.8077024901e+01,1.0559049141e+03,1.0556953787e+03,1.0556226541e+03,1.1657703401e+02,1.1437445183e+02
1.8471972514e+01,1.0464034027e+03,1.0461709371e+03,1.0460905138e+03,1.0996814908e+02,1.1033660246e+02
1.8875548959e+01,1.0368745870e+03,1.0366331604e+03,1.0365487226e+03,1.0503511574e+02,1.0627829116e+02
1.9287942760e+01,1.0273085665e+03,1.0270665444e+03,1.0269803600e+03,1.0171398378e+02,1.0291620169e+02
1.9709346558e+01,1.0177036567e+03,1.0174620860e+03,1.0173744478e+03,9.9974097968e+01,1.0044754430e+02
2.0139957204e+01,1.0080618298e+03,1.0078115631e+03,1.0077213711e+03,9.8483833321e+01,9.8624463528e+01
2.0579975850e+01,9.9836893191e+02,9.9810290751e+02,9.9800974064e+02,9.7030953807e+01,9.7136034601e+01
2.1029608042e+01,9.8860329782e+02,9.8832163155e+02,9.8822829937e+02,9.5746313323e+01,9.5810340583e+01
2.1489063817e+01,9.7873311641e+02,9.7846167479e+02,9.7837243215e+02,9.4554500601e+01,9.4580076436e+01
2.1958557802e+01,9.6873656458e+02,9.6853363849e+02,9.6844310196e+02,9.3408154220e+01,9.3407431356e+01
2.2438309312e+01,9.5873204663e+02,9.5853401429e+02,9.5842264668e+02,9.2287044284e+01,9.2260407305e+01
2.2928542453e+01,9.4897343855e+02,9.4838912036e+02,9.4824859704e+02,9.1153448040e+01,9.1112700042e+01
2.3429486228e+01,9.3839477717e+02,9.3798905015e+02,9.3784000320e+02,8.9999074039e+01,8.9944130228e+01
2.3941374645e+01,9.2773453955e+02,9.2729457486e+02,9.2716754640e+02,8.8802350808e+01,8.8740845480e+01
2.4464446822e+01,9.1670014914e+02,9.1637308594e+02,9.1630171060e+02,8.7550861820e+01,8.7496714339e+01
2.4998947102e+01,9.0533890614e+02,9.0541762106e+02,9.0542122733e+02,8.6259801838e+01,8.6209624727e+01
2.5545125167e+01,8.9431939423e+02,8.9470907663e+02,8.9475123982e+02,8.4953623456e+01,8.4863247070e+01
2.6103236153e+01,8.8440764242e+02,8.8439770502e+02,8.8441603274e+02,8.3593674891e+01,8.3406957988e+01
2.6673540772e+01,8.7446477437e+02,8.7438402146e+02,8.7436205782e+02,8.1999621758e+01,8.1772432393e+01
2.7256305431e+01,8.6466470547e+02,8.6449864079e+02,8.6445918887e+02,8.0089599905e+01,7.9928554726e+01
2.7851802358e+01,8.5474882506e+02,8.5466534167e+02,8.5462784347e+02,7.8029827052e+01,7.7909225713e+01
2.8460309726e+01,8.4497281842e+02,8.4488907091e+02,8.4485585110e+02,7.5814868777e+01,7.5794271377e+01
2.9082111790e+01,8.3527906696e+02,8.3518434140e+02,8.3515083722e+02,7.3636350814e+01,7.3689706760e+01
2.9717499011e+01,8.2564415910e+02,8.2554530240e+02,8.2551018765e+02,7.1563890244e+01,7.1713763130e+01
3.0366768200e+01,8.1606086354e+02,8.1596027518e+02,8.1592371885e+02,6.9760327659e+01,6.9975809997e+01
3.1030222650e+01,8.0652563357e+02,8.0641856103e+02,8.0637968154e+02,6.8366790880e+01,6.8528566087e+01
3.1708172280e+01,7.9702516507e+02,7.9690537221e+02,7.9686281457e+02,6.7256400836e+01,6.7315533724e+01
3.2400933784e+01,7.8753538975e+02,7.8739918461e+02,7.8735286443e+02,6.6323842514e+01,6.6148358700e+01
3.3108830770e+01,7.7802210685e+02,7.7787734914e+02,7.7782986537e+02,6.5101927633e+01,6.4664140496e+01
3.3832193920e+01,7.6846164194e+02,7.6832924161e+02,7.6828493563e+02,6.3660531848e+01,6.2347772836e+01
3.4571361139e+01,7.5887502858e+02,7.5876582877e+02,7.5872740837e+02,5.8789018944e+01,5.9176755020e+01
3.5326677715e+01,7.4930160168e+02,7.4921258943e+02,7.4917856082e+02,5.5438158875e+01,5.6091492217e+01
3.6098496480e+01,7.3978202794e+02,7.3968825140e+02,7.3965398364e+02,5.3334708766e+01,5.3881587186e+01
3.6887177974e+01,7.3029673605e+02,7.3018758090e+02,7.3014902265e+02,5.2347052059e+01,5.2516734576e+01
3.7693090615e+01,7.2081428954e+02,7.2068320679e+02,7.2063885674e+02,5.1580531365e+01,5.1594916782e+01
3.8516610870e+01,7.1128769358e+02,7.1113867982e+02,7.1109029782e+02,5.0813574785e+01,5.0803172516e+01
3.9358123431e+01,7.0167384531e+02,7.0152647416e+02,7.0147867792e+02,5.0039512922e+01,5.0027210361e+01
4.0218021394e+01,6.9197377643e+02,6.9184494228e+02,6.9180261642e+02,4.9257482688e+01,4.9247119733e+01
4.1096706445e+01,6.8222178445e+02,6.8212127183e+02,6.8208737151e+02,4.8471409678e+01,4.8464005918e+01
4.1994589044e+01,6.7247261392e+02,6.7240128003e+02,6.7237629039e+02,4.7687746788e+01,4.7679817834e+01
4.2912088621e+01,6.6278273233e+02,6.6273507188e+02,6.6271762569e+02,4.6912733091e+01,4.6881629574e+01
4.3849633767e+01,6.5319662790e+02,6.5316548408e+02,6.5315420544e+02,4.6100838048e+01,4.6017661964e+01
4.4807662440e+01,6.4374580186e+02,6.4372756391e+02,6.4372679122e+02,4.5146331311e+01,4.4988979372e+01
4.5786622165e+01,6.3442697050e+02,6.3448596674e+02,6.3450433134e+02,4.3844469150e+01,4.3705585212e+01
4.6786970243e+01,6.2538947301e+02,6.2556235641e+02,6.2557061753e+02,4.2264441566e+01,4.2168122658e+01
4.7809173969e+01,6.1714727290e+02,6.1688261900e+02,6.1683307163e+02,4.0526150276e+01,4.0447012548e+01
4.8853710845e+01,6.0828138644e+02,6.0805369908e+02,6.0797842229e+02,3.8564157795e+01,3.8711517694e+01
4.9921068808e+01,5.9911845280e+02,5.9888061582e+02,5.9881775731e+02,3.7027212320e+01,3.7261471666e+01
5.1011746454e+01,5.8951741554e+02,5.8944651959e+02,5.8941422971e+02,3.6190187111e+01,3.6182190793e+01
5.2126253271e+01,5.7999265532e+02,5.7996889803e+02,5.7995776010e+02,3.5285923562e+01,3.5168272538e+01
5.3265109880e+01,5.7061241226e+02,5.7060579232e+02,5.7060120643e+02,3.4250994485e+01,3.3766962869e+01
5.4428848278e+01,5.6141567270e+02,5.6140608129e+02,5.6140174866e+02,3.1636463146e+01,3.1873344000e+01
5.5618012082e+01,5.5238567299e+02,5.5236842584e+02,5.5236209263e+02,2.9975046240e+01,3.0147586578e+01
5.6833156787e+01,5.4349762193e+02,5.4347280520e+02,5.4346431003e+02,2.8718946382e+01,2.8954758095e+01
5.8074850026e+01,5.3472717541e+02,5.3469725140e+02,5.3468728629e+02,2.8209462289e+01,2.8229275939e+01
5.9343671832e+01,5.2605654827e+02,5.2602517448e+02,5.2601454530e+02,2.7696611479e+01,2.7692601293e+01
6.0640214911e+01,5.1747935449e+02,5.1744655044e+02,5.1743547868e+02,2.7184575245e+01,2.7170180284e+01
6.1965084919e+01,5.0898817757e+02,5.0895337014e+02,5.0894169027e+02,2.6647715748e+01,2.6602463832e+01
6.3318900743e+01,5.0057403835e+02,5.0053614069e+02,5.0052350670e+02,2.6022960776e+01,2.5869505307e+01
6.4702294793e+01,4.9222488031e+02,4.9218209464e+02,4.9216803823e+02,2.4902033081e+01,2.4841387522e+01
6.6115913295e+01,4.8392302494e+02,4.8387398432e+02,4.8385828245e+02,2.3745584165e+01,2.3437269446e+01
6.7560416595e+01,4.7564570316e+02,4.7559226195e+02,4.7557520744e+02,2.1482877459e+01,2.1628783973e+01
6.9036479465e+01,4.6737688665e+02,4.6731962043e+02,4.6730137075e+02,1.9848902182e+01,2.0007557316e+01
7.0544791419e+01,4.5910239522e+02,4.5904008436e+02,4.5902087014e+02,1.8730034939e+01,1.8914498029e+01
7.2086057038e+01,4.5080149898e+02,4.5074044084e+02,4.5072185909e+02,1.8267446907e+01,1.8305917022e+01
7.3660996294e+01,4.4247513301e+02,4.4242357462e+02,4.4240780549e+02,1.7908753974e+01,1.7914407078e+01
7.5270344889e+01,4.3415266118e+02,4.3411536066e+02,4.3410385891e+02,1.7572259926e+01,1.7569143995e+01
7.6914854602e+01,4.2587948859e+02,4.2585826905e+02,4.2585128320e+02,1.7232818473e+01,1.7213852033e+01
7.8595293633e+01,4.1770895954e+02,4.1769823590e+02,4.1769417747e+02,1.6864535898e+01,1.6723034277e+01
8.0312446968e+01,4.0967522784e+02,4.0966457137e+02,4.0966094901e+02,1.5949250229e+01,1.5956967512e+01
8.2067116743e+01,4.0177337386e+02,4.0175956607e+02,4.0175513191e+02,1.5117056785e+01,1.5126824275e+01
8.3860122617e+01,3.9398826030e+02,3.9397026976e+02,3.9396471480e+02,1.4341167965e+01,1.4341664152e+01
8.5692302161e+01,3.8630087722e+02,3.8627963591e+02,3.8627312966e+02,1.3562961301e+01,1.3652325580e+01
8.7564511242e+01,3.7869604977e+02,3.7867217648e+02,3.7866491971e+02,1.3176695948e+01,1.3162687109e+01
8.9477624427e+01,3.7116082973e+02,3.7113478057e+02,3.7112702640e+02,1.2717392537e+01,1.2738921636e+01
9.1432535390e+01,3.6368354019e+02,3.6365778849e+02,3.6365015731e+02,1.2360600497e+01,1.2375454996e+01
9.3430157332e+01,3.5626266911e+02,3.5623934635e+02,3.5623244271e+02,1.2073056067e+01,1.2064918360e+01
9.5471423403e+01,3.4890538125e+02,3.4888576036e+02,3.4887990406e+02,1.1755456851e+01,1.1745477649e+01
9.7557287142e+01,3.4162436080e+02,3.4160783813e+02,3.4160284781e+02,1.1402738465e+01,1.1399753404e+01
9.9688722922e+01,3.3442996147e+02,3.3441422163e+02,3.3440956443e+02,1.1045150409e+01,1.1051085842e+01
1.0186672640e+02,3.2732235556e+02,3.2730683104e+02,3.2730227292e+02,1.0722354857e+01,1.0726969968e+01
1.0409231499e+02,3.2029960661e+02,3.2028403518e+02,3.2027951074e+02,1.0425678631e+01,1.0435300978e+01
1.0636652834e+02,3.1335863347e+02,3.1334334894e+02,3.1333891297e+02,1.0178931299e+01,1.0185933171e+01
1.0869042880e+02,3.0649803296e+02,3.0648298770e+02,3.0647863413e+02,9.9697884320e+00,9.9675555645e+00
1.1106510194e+02,2.9971620073e+02,2.9970122202e+02,2.9969690911e+02,9.7530381372e+00,9.7559320533e+00
1.1349165703e+02,2.9301074675e+02,2.9299583592e+02,2.9299156395e+02,9.5553945037e+00,9.5553134054e+00
1.1597122760e+02,2.8637932119e+02,2.8636473561e+02,2.8636056442e+02,9.3611608096e+00,9.3612949760e+00
1.1850497194e+02,2.7982088747e+02,2.7980683154e+02,2.7980281197e+02,9.1717507261e+00,9.1716157826e+00
1.2109407364e+02,2.7333547143e+02,2.7332197022e+02,2.7331811166e+02,8.9856700020e+00,8.9854520700e+00
1.2373974213e+02,2.6692326201e+02,2.6691034474e+02,2.6690664944e+02,8.8024664535e+00,8.8019684137e+00
1.2644321331e+02,2.6058466159e+02,2.6057230513e+02,2.6056876608e+02,8.6205957149e+00,8.6200863159e+00
1.2920575004e+02,2.5432000112e+02,2.5430825235e+02,2.5430487744e+02,8.4399579311e+00,8.4394614169e+00
1.3202864279e+02,2.4812992051e+02,2.4811884982e+02,2.4811565165e+02,8.2605577732e+00,8.2600752606e+00
1.3491321022e+02,2.4201550681e+02,2.4200508107e+02,2.4200204771e+02,8.0824038609e+00,8.0819534328e+00
1.3786079980e+02,2.3597772541e+02,2.3596785523e+02,2.3596495945e+02,7.9056081190e+00,7.9051810709e+00
1.4087278845e+02,2.3001710090e+02,2.3000771923e+02,2.3000493722e+02,7.7302335031e+00,7.7298301707e+00
1.4395058315e+02,2.2413383769e+02,2.2412486048e+02,2.2412216977e+02,7.5563473122e+00,7.5559682116e+00
1.4709562165e+02,2.1832769383e+02,2.1831923054e+02,2.1831665467e+02,7.3840214666e+00,7.3836690064e+00
1.5030937308e+02,2.1259912922e+02,2.1259127194e+02,2.1258883218e+02,7.2133446868e+00,7.2130096021e+00
1.5359333869e+02,2.0694921487e+02,2.0694190204e+02,2.0693958241e+02,7.0443511407e+00,7.0440328090e+00
1.5694905252e+02,2.0137869724e+02,2.0137189596e+02,2.0136968389e+02,6.8770730229e+00,6.8767732407e+00
1.6037808212e+02,1.9588817954e+02,1.9588182652e+02,1.9587970384e+02,6.7115548550e+00,6.7112825006e+00
1.6388202932e+02,1.9047791659e+02,1.9047201421e+02,1.9046997963e+02,6.5479006632e+00,6.5476335937e+00
1.6746253090e+02,1.8514823346e+02,1.8514280714e+02,1.8514086623e+02,6.3860713216e+00,6.3858180673e+00
1.7112125943e+02,1.7989967977e+02,1.7989470251e+02,1.7989284793e+02,6.2260858942e+00,6.2258485253e+00
1.7485992402e+02,1.7473268110e+02,1.7472812202e+02,1.7472634510e+02,6.0679787730e+00,6.0677464326e+00
1.7868027112e+02,1.6964750975e+02,1.6964336106e+02,1.6964165965e+02,5.9117106395e+00,5.9114878424e+00
1.8258408532e+02,1.6464444285e+02,1.6464069421e+02,1.6463906607e+02,5.7572748046e+00,5.7570590774e+00
1.8657319022e+02,1.5972374419e+02,1.5972037605e+02,1.5971881692e+02,5.6046476021e+00,5.6044367693e+00
1.9064944926e+02,1.5488559703e+02,1.5488260638e+02,1.5488111700e+02,5.4537896694e+00,5.4536006201e+00
1.9481476657e+02,1.5013022571e+02,1.5012761790e+02,1.5012620274e+02,5.3047879747e+00,5.3046250202e+00
1.9907108792e+02,1.4545796051e+02,1.4545579929e+02,1.4545447972e+02,5.1577647121e+00,5.1576220078e+00
2.0342040156e+02,1.4086969983e+02,1.4086793569e+02,1.4086670118e+02,5.0128002903e+00,5.0126712033e+00
2.0786473919e+02,1.3636603520e+02,1.3636464319e+02,1.3636348944e+02,4.8699256877e+00,4.8698072637e+00
2.1240617690e+02,1.3194744221e+02,1.3194639995e+02,1.3194532369e+02,4.7291502751e+00,4.7290405692e+00
2.1704683613e+02,1.2761429918e+02,1.2761356329e+02,1.2761255474e+02,4.5904691605e+00,4.5903698970e+00
2.2178888468e+02,1.2336670693e+02,1.2336623966e+02,1.2336529042e+02,4.4538936541e+00,4.4538047424e+00
2.2663453772e+02,1.1920452704e+02,1.1920429436e+02,1.1920339721e+02,4.3194362752e+00,4.3193603379e+00
2.3158605878e+02,1.1512740455e+02,1.1512740604e+02,1.1512656490e+02,4.1871349610e+00,4.1870713481e+00
2.3664576090e+02,1.1113506269e+02,1.1113532179e+02,1.1113454927e+02,4.0570247437e+00,4.0569730917e+00
2.4181600760e+02,1.0722752878e+02,1.0722807064e+02,1.0722738069e+02,3.9291404645e+00,3.9290950960e+00
2.4709921407e+02,1.0340516798e+02,1.0340597268e+02,1.0340536411e+02,3.8034663725e+00,3.8034312069e+00
2.5249784826e+02,9.9668265388e+01,9.9669301124e+01,9.9668768107e+01,3.6800268730e+00,3.6799990002e+00
2.5801443204e+02,9.6016905883e+01,9.6018137215e+01,9.6017672139e+01,3.5588206530e+00,3.5588032807e+00
2.6365154238e+02,9.2450927423e+01,9.2452339638e+01,9.2451942041e+01,3.4398818527e+00,3.4398741250e+00
2.6941181255e+02,8.8970124929e+01,8.8971701318e+01,8.8971369864e+01,3.3232396258e+00,3.3232401765e+00
2.7529793335e+02,8.5574226968e+01,8.5575939779e+01,8.5575668599e+01,3.2089124900e+00,3.2089201808e+00
2.8131265436e+02,8.2262770263e+01,8.2264607006e+01,8.2264395641e+01,3.0969102806e+00,3.0969221718e+00
2.8745878526e+02,7.9035260516e+01,7.9037194478e+01,7.9037036511e+01,2.9872132311e+00,2.9872313977e+00
2.9373919709e+02,7.5891004277e+01,7.5893013753e+01,7.5892904174e+01,2.8798284579e+00,2.8798517020e+00
3.0015682362e+02,7.2829154539e+01,7.2831248031e+01,7.2831194034e+01,2.7747526007e+00,2.7747805780e+00
3.0671466274e+02,6.9849070475e+01,6.9851248577e+01,6.9851254349e+01,2.6719816415e+00,2.6720151369e+00
3.1341577780e+02,6.6950230381e+01,6.6952492097e+01,6.6952561206e+01,2.5715251711e+00,2.5715628989e+00
3.2026329911e+02,6.4132218226e+01,6.4134556478e+01,6.4134689796e+01,2.4733804020e+00,2.4734232101e+00
3.2726042536e+02,6.1394648401e+01,6.1397047864e+01,6.1397242292e+01,2.3775599033e+00,2.3776071572e+00
3.3441042512e+02,5.8737052094e+01,5.8739497280e+01,5.8739749148e+01,2.2840722783e+00,2.2841242391e+00
3.4171663838e+02,5.6158866107e+01,5.6161343275e+01,5.6161649225e+01,2.1929346385e+00,2.1929892280e+00
3.4918247811e+02,5.3659448134e+01,5.3661947158e+01,5.3662305109e+01,2.1041388399e+00,2.1041955621e+00
3.5681143182e+02,5.1238121779e+01,5.1240634177e+01,5.1241042492e+01,2.0176733664e+00,2.0177321128e+00
3.6460706323e+02,4.8894195811e+01,4.8896697417e+01,4.8897146098e+01,1.9335290512e+00,1.9335887559e+00
3.7257301393e+02,4.6626704203e+01,4.6629176327e+01,4.6629657201e+01,1.8516836680e+00,1.8517449250e+00
3.8071300507e+02,4.4434468134e+01,4.4436909732e+01,4.4437423204e+01,1.7721284886e+00,1.7721915292e+00
3.8903083908e+02,4.2316377052e+01,4.2318779548e+01,4.2319321830e+01,1.6948631518e+00,1.6949268469e+00
3.9753040148e+02,4.0271254195e+01,4.0273615906e+01,4.0274186610e+01,1.6198719044e+00,1.6199355584e+00
4.0621566268e+02,3.8297972487e+01,3.8300287613e+01,3.8300883871e+01,1.5471300146e+00,1.5471939503e+00
4.1509067985e+02,3.6395373911e+01,3.6397636006e+01,3.6398254224e+01,1.4766223700e+00,1.4766862032e+00
4.2415959876e+02,3.4562246781e+01,3.4564447551e+01,3.4565082641e+01,1.4083301579e+00,1.4083932801e+00
4.3342665581e+02,3.2797274791e+01,3.2799408667e+01,3.2800056689e+01,1.3422256252e+00,1.3422881465e+00
4.4289617991e+02,3.1099077136e+01,3.1101140590e+01,3.1101798488e+01,1.2782864243e+00,1.2783481456e+00
4.5257259458e+02,2.9466239668e+01,2.9468227562e+01,2.9468890953e+01,1.2164890794e+00,1.2165492553e+00
4.6246041998e+02,2.7897265821e+01,2.7899178089e+01,2.7899845508e+01,1.1567958686e+00,1.1568542167e+00
4.7256427500e+02,2.6390682437e+01,2.6392517479e+01,2.6393186309e+01,1.0991641495e+00,1.0992210312e+00
4.8288887948e+02,2.4944995912e+01,2.4946756344e+01,2.4947426644e+01,1.0435618395e+00,1.0436171451e+00
4.9343905636e+02,2.3558793257e+01,2.3560480781e+01,2.3561152010e+01,9.8995605532e-01,9.9000966998e-01
5.0421973396e+02,2.2230719446e+01,2.2232334856e+01,2.2233005806e+01,9.3831261755e-01,9.3836488531e-01
5.1523594826e+02,2.0959450972e+01,2.0960991973e+01,2.0961659091e+01,8.8860884441e-01,8.8865942065e-01
5.2649284528e+02,1.9743599141e+01,1.9745067242e+01,1.9745729554e+01,8.4081412122e-01,8.4086287654e-01
5.3799568347e+02,1.8581812736e+01,1.8583204595e+01,1.8583857343e+01,7.9489528982e-01,7.9494187038e-01
5.4974983616e+02,1.7472615329e+01,1.7473929876e+01,1.7474569707e+01,7.5080859963e-01,7.5085263289e-01
5.6176079408e+02,1.6414457406e+01,1.6415696944e+01,1.6416322998e+01,7.0849721590e-01,7.0853915282e-01
5.7403416793e+02,1.5405819923e+01,1.5406985392e+01,1.5407595686e+01,6.6791882572e-01,6.6795908159e-01
5.8657569097e+02,1.4445159798e+01,1.4446252838e+01,1.4446845883e+01,6.2904628925e-01,6.2908455798e-01
5.9939122174e+02,1.3530926824e+01,1.3531949400e+01,1.3532523951e+01,5.9184094125e-01,5.9187734278e-01
6.1248674677e+02,1.2661569451e+01,1.2662523858e+01,1.2663078950e+01,5.5626833283e-01,5.5630249720e-01
6.2586838340e+02,1.1835542703e+01,1.1836433294e+01,1.1836969871e+01,5.2227698012e-01,5.2230903802e-01
6.3954238259e+02,1.1051399325e+01,1.1052227675e+01,1.1052744274e+01,4.8981852715e-01,4.8984876641e-01
6.5351513190e+02,1.0307664701e+01,1.0308433427e+01,1.0308929554e+01,4.5885581044e-01,4.5888424352e-01
6.6779315844e+02,9.6028805807e+00,9.6035942488e+00,9.6040714181e+00,4.2935035242e-01,4.2937710633e-01
6.8238313191e+02,8.9357105836e+00,8.9363703837e+00,8.9368269423e+00,4.0126816454e-01,4.0129315852e-01
6.9729186775e+02,8.3047627409e+00,8.3053701006e+00,8.3058045828e+00,3.7456829518e-01,3.7459144606e-01
7.1252633028e+02,7.7085892941e+00,7.7091475882e+00,7.7095605852e+00,3.4920110102e-01,3.4922249672e-01
7.2809363600e+02,7.1457996187e+00,7.1463128710e+00,7.1467058779e+00,3.2511750743e-01,3.2513703914e-01
7.4400105689e+02,6.6151147169e+00,6.6155853014e+00,6.6159582246e+00,3.0225538134e-01,3.0227366262e-01
7.6025602378e+02,6.1152673843e+00,6.1156964594e+00,6.1160478918e+00,2.8058992131e-01,2.8060686007e-01
7.7686612989e+02,5.6449080816e+00,5.6452985615e+00,5.6456291592e+00,2.6008633390e-01,2.6010194148e-01
7.9383913430e+02,5.2027330179e+00,5.2030883279e+00,5.2033995684e+00,2.4070608181e-01,2.4072045722e-01
8.1118296564e+02,4.7875409364e+00,4.7878637695e+00,4.7881564844e+00,2.2241374096e-01,2.2242687564e-01
8.2890572575e+02,4.3981886817e+00,4.3984807597e+00,4.3987547183e+00,2.0516742790e-01,2.0517936800e-01
8.4701569348e+02,4.0335079574e+00,4.0337712577e+00,4.0340266514e+00,1.8892280541e-01,1.8893364375e-01
8.6552132856e+02,3.6923297007e+00,3.6925664742e+00,3.6928039990e+00,1.7363762698e-01,1.7364741793e-01
8.8443127554e+02,3.3735198121e+00,3.3737331984e+00,3.3739549970e+00,1.5926788039e-01,1.5927676961e-01
9.0375436786e+02,3.0761046103e+00,3.0762965896e+00,3.0765034633e+00,1.4577892945e-01,1.4578706909e-01
9.2349963192e+02,2.7991619764e+00,2.7993335303e+00,2.7995249639e+00,1.3314901291e-01,1.3315636220e-01
9.4367629136e+02,2.5416953615e+00,2.5418478380e+00,2.5420239099e+00,1.2134475999e-01,1.2135139678e-01
9.6429377131e+02,2.3026770724e+00,2.3028120223e+00,2.3029732343e+00,1.1033662550e-01,1.1034251661e-01
9.8536170285e+02,2.0810825403e+00,2.0812019390e+00,2.0813496413e+00,1.0008139010e-01,1.0008659321e-01
1.0068899275e+03,1.8759793793e+00,1.8760850795e+00,1.8762206667e+00,9.0535116577e-02,9.0539735737e-02
1.0288885016e+03,1.6865419309e+00,1.6866350940e+00,1.6867590036e+00,8.1662621255e-02,8.1666760878e-02
1.0513677016e+03,1.5119464365e+00,1.5120282269e+00,1.5121410304e+00,7.3440727416e-02,7.3444404199e-02
1.0743380281e+03,1.3513840384e+00,1.3514555544e+00,1.3515578429e+00,6.5841903363e-02,6.5845167150e-02
1.0978102112e+03,1.2040618495e+00,1.2041241983e+00,1.2042167232e+00,5.8841626167e-02,5.8844457667e-02
1.1217952157e+03,1.0692251207e+00,1.0692793390e+00,1.0693628743e+00,5.2400629783e-02,5.2403119985e-02
1.1463042455e+03,9.4616438517e-01,9.4621126480e-01,9.4628624396e-01,4.6493930642e-02,4.6496097878e-02
1.1713487496e+03,8.3416627152e-01,8.3420661970e-01,8.3427362328e-01,4.1092406541e-02,4.1094283069e-02
1.1969404272e+03,7.3253527556e-01,7.3256982512e-01,7.3262940271e-01,3.6167027577e-02,3.6168653926e-02
1.2230912328e+03,6.4058978531e-01,6.4061926436e-01,6.4067208044e-01,3.1692962334e-02,3.1694362462e-02
1.2498133824e+03,5.5768579628e-01,5.5771087700e-01,5.5775760411e-01,2.7644666455e-02,2.7645856887e-02
1.2771193586e+03,4.8322591993e-01,4.8324715191e-01,4.8328830326e-01,2.3992832722e-02,2.3993852923e-02
1.3050219169e+03,4.1663439557e-01,4.1665224728e-01,4.1668824519e-01,2.0716140435e-02,2.0717004059e-02
1.3335340915e+03,3.5734071101e-01,3.5735560655e-01,3.5738685580e-01,1.7790195341e-02,1.7790919469e-02
1.3626692014e+03,3.0477700101e-01,3.0478935629e-01,3.0481633310e-01,1.5189487851e-02,1.5190091930e-02
1.3924408563e+03,2.5839932181e-01,2.5840952294e-01,2.5843272250e-01,1.2889794659e-02,1.2890296007e-02
1.4228629637e+03,2.1770134781e-01,2.1770971407e-01,2.1772954122e-01,1.0868247110e-02,1.0868658565e-02
1.4539497345e+03,1.8219865954e-01,1.8220546652e-01,1.8222228243e-01,9.1011468286e-03,9.1014834137e-03
1.4857156905e+03,1.5142306080e-01,1.5142854651e-01,1.5144267440e-01,7.5671475695e-03,7.5674195633e-03
1.5181756704e+03,1.2491699911e-01,1.2492139064e-01,1.2493319013e-01,6.2443703470e-03,6.2445886246e-03
1.5513448373e+03,1.0225540753e-01,1.0225888794e-01,1.0226864660e-01,5.1123506920e-03,5.1125241438e-03
1.5852386857e+03,8.3029624534e-02,8.3032354645e-02,8.3040345415e-02,4.1513877566e-03,4.1515240985e-03
1.6198730482e+03,6.6851136882e-02,6.6853257576e-02,6.6859740296e-02,3.3425507001e-03,3.3426566866e-03
1.6552641038e+03,5.3357442780e-02,5.3359067336e-02,5.3364253560e-02,2.6678721390e-03,2.6679533636e-03
1.6914283847e+03,4.2200466411e-02,4.2201699518e-02,4.2205813749e-02,2.1100233205e-03,2.1100849759e-03
1.7283827844e+03,3.3066241345e-02,3.3067165503e-02,3.3070389315e-02,1.6533120672e-03,1.6533582752e-03
1.7661445653e+03,2.5665740242e-02,2.5666423051e-02,2.5668914003e-02,1.2832870121e-03,1.2833211526e-03
1.8047313673e+03,1.9733808417e-02,1.9734306560e-02,1.9736208166e-02,9.8669042084e-04,9.8671532802e-04
1.8441612154e+03,1.5034318347e-02,1.5034676239e-02,1.5036106354e-02,7.5171591735e-04,7.5173381196e-04
1.8844525284e+03,1.1356153873e-02,1.1356406290e-02,1.1357462092e-02,5.6780769363e-04,5.6782031452e-04
1.9256241278e+03,8.5102526080e-03,8.5104276038e-03,8.5111938920e-03,4.2551263040e-04,4.2552138019e-04
1.9676952461e+03,6.3323626756e-03,6.3324817152e-03,6.3330273331e-03,3.1661813378e-04,3.1662408576e-04
2.0106855359e+03,4.6811699602e-03,4.6812496437e-03,4.6816319631e-03,2.3405849801e-04,2.3406248219e-04
2.0546150795e+03,3.4393202717e-03,3.4393728440e-03,3.4396369244e-03,1.7196601359e-04,1.7196864220e-04
2.0995043975e+03,2.5116126243e-03,2.5116469443e-03,2.5118275300e-03,1.2558063122e-04,1.2558234721e-04
2.1453744594e+03,1.8231613912e-03,1.8231835669e-03,1.8233058694e-03,9.1158069560e-05,9.1159178347e-05
2.1922466923e+03,1.3156436682e-03,1.3156578459e-03,1.3157398504e-03,6.5782183408e-05,6.5782892295e-05
2.2401429917e+03,9.4393388623e-04,9.4394284505e-04,9.4399721317e-04,4.7196694311e-05,4.7197142252e-05
2.2890857316e+03,6.7324058688e-04,6.7324618103e-04,6.7328181201e-04,3.3662029344e-05,3.3662309051e-05
2.3390977745e+03,4.7696300579e-04,4.7696646058e-04,4.7698956117e-04,2.3848150289e-05,2.3848323029e-05
2.3902024826e+03,3.3500818189e-04,3.3501029984e-04,3.3502517467e-04,1.6750409095e-05,1.6750514992e-05
2.4424237287e+03,2.3252703972e-04,2.3252833237e-04,2.3253787619e-04,1.1626351986e-05,1.1626416619e-05
2.4957859067e+03,1.5871160795e-04,1.5871239575e-04,1.5871851854e-04,7.9355803976e-06,7.9356197873e-06
2.5503139439e+03,1.0580001020e-04,1.0580048972e-04,1.0580441995e-04,5.2900005102e-06,5.2900244858e-06
2.6060333119e+03,6.8223919265e-05,6.8224210271e-05,6.8226731265e-05,3.4111959633e-06,3.4112105135e-06
2.6629700391e+03,4.1965402243e-05,4.1965577804e-05,4.1967189737e-05,2.0982701121e-06,2.0982788902e-06
2.7211507224e+03,2.4100891512e-05,2.4100996380e-05,2.4102020486e-05,1.2050445756e-06,1.2050498190e-06
2.7806025397e+03,1.2485871585e-05,1.2485933271e-05,1.2486577075e-05,6.2429357926e-07,6.2429666353e-07
2.8413532628e+03,5.5363922055e-06,5.5364268583e-06,5.5368151703e-06,2.7681961027e-07,2.7682134292e-07
2.9034312704e+03,1.9699803352e-06,1.9699970165e-06,1.9701976399e-06,9.8499016761e-08,9.8499850823e-08
2.9668655609e+03,5.0451549867e-07,5.0452178531e-07,5.0460277056e-07,2.5225774934e-08,2.5226089265e-08
3.0316857665e+03,5.4621326096e-08,5.4623203662e-08,5.4649228318e-08,2.7310663048e-09,2.7311601831e-09
3.0979221667e+03,0.0000000000e+00,2.0282953340e-13,3.2094560361e-12,0.0000000000e+00,1.0141476670e-14
3.1656057026e+03,0.0000000000e+00,0.0000000000e+00,0.0000000000e+00,0.0000000000e+00,0.0000000000e+00
