# Phase-15 Plan 15-02: extended-versus-frozen regression above 10.14 eV,
# ROADMAP Phase 15 SC1. Per-bin relative difference over the 584 frozen v1.0
# bins for both electron-recoil channels, plus the SC1 scalar invariants.
#
# Under the exact-re-drive route the per-bin difference should be identically 0
# in the COMPUTATION; what remains is the frozen CSVs' own %.6e round-trip, so a
# residual of order 1e-7 is the file format, not the physics. The decisive
# statement is n_identical_at_6_sig_figs = 584/584 for both channels.
#
# columns: channel, bin_index_v1[index], E_dep_keV[keV], frozen_dRdEdep[counts/kg/day/keV], ext_dRdEdep[counts/kg/day/keV], rel_diff[dimensionless], is_max_for_channel[bool]
#
# SCALAR INVARIANTS
# muon_integral_rate_Hz = 1.365914 [Hz (ABSOLUTE through-wafer, not per kg)] ; target 1.3659 +/- 0.0003 ; PASS
# muon_max_rel_diff_above_10.14eV = 4.376023e-07 [dimensionless] ; target < 1e-2 ; PASS
# muon_bins_identical_at_6_sig_figs = 584/584 [count] ; target 584/584 ; PASS
# compton_max_rel_diff_above_10.14eV = 4.632438e-07 [dimensionless] ; target < 1e-2 ; PASS
# compton_bins_identical_at_6_sig_figs = 584/584 [count] ; target 584/584 ; PASS
# compton_edge_K40 = 1243.3573 [keV] ; target 1243.3573 +/- 0.5 ; PASS
# compton_edge_Bi214 = 1541.3115 [keV] ; target 1541.3115 +/- 0.5 ; PASS
# compton_edge_Tl208 = 2381.7571 [keV] ; target 2381.7571 +/- 0.5 ; PASS
# compton_energy_closure = 2.1028e+05 [counts/kg/day] ; target 2.1028e+05 ; PASS
# compton_bound_incoherent_rate_Hz = 2.6747e-01 [Hz] ; target 2.6747e-01 (RATE OF RECORD) ; PASS
#
channel,bin_index_v1[index],E_dep_keV[keV],frozen_dRdEdep[counts/kg/day/keV],ext_dRdEdep[counts/kg/day/keV],rel_diff[dimensionless],is_max_for_channel[bool]
muon,0,1.014497000e-02,1.601101e+01,1.601101e+01,9.074851e-08,False
muon,1,1.044125000e-02,1.434733e+01,1.434733e+01,1.364516e-07,False
muon,2,1.074619000e-02,1.192750e+01,1.192750e+01,6.716227e-08,False
muon,3,1.106003000e-02,4.234099e+00,4.234099e+00,2.605766e-09,False
muon,4,1.138303000e-02,1.664429e+01,1.664429e+01,2.435592e-07,False
muon,5,1.171547000e-02,2.502149e+01,2.502149e+01,1.389568e-07,False
muon,6,1.205762000e-02,3.412613e+00,3.412613e+00,6.048817e-08,False
muon,7,1.240976000e-02,2.874132e+01,2.874132e+01,1.281857e-07,False
muon,8,1.277218000e-02,3.278588e+01,3.278588e+01,9.529131e-08,False
muon,9,1.314519000e-02,2.785409e+01,2.785409e+01,1.544982e-07,False
muon,10,1.352909000e-02,6.345581e+01,6.345581e+01,1.424055e-08,False
muon,11,1.392420000e-02,8.231476e+00,8.231476e+00,5.496552e-08,False
muon,12,1.433085000e-02,1.334255e+02,1.334255e+02,3.564832e-09,False
muon,13,1.474938000e-02,5.851704e+01,5.851704e+01,1.255233e-08,False
muon,14,1.518013000e-02,1.917139e+01,1.917139e+01,2.976458e-08,False
muon,15,1.562346000e-02,1.635081e+01,1.635081e+01,2.031477e-07,False
muon,16,1.607974000e-02,1.543657e+02,1.543657e+02,1.613054e-08,False
muon,17,1.654935000e-02,1.520181e+01,1.520181e+01,2.164448e-07,False
muon,18,1.703267000e-02,1.505568e+01,1.505568e+01,1.135758e-07,False
muon,19,1.753010000e-02,7.088409e+00,7.088409e+00,2.626417e-08,False
muon,20,1.804206000e-02,4.808581e+00,4.808581e+00,9.908305e-08,False
muon,21,1.856897000e-02,3.526313e+01,3.526313e+01,1.373348e-07,False
muon,22,1.911128000e-02,8.183720e+00,8.183720e+00,3.899039e-08,False
muon,23,1.966942000e-02,1.583223e+01,1.583223e+01,1.448564e-07,False
muon,24,2.024385000e-02,2.252291e+01,2.252291e+01,1.691321e-07,False
muon,25,2.083507000e-02,1.667114e+01,1.667114e+01,1.724675e-07,False
muon,26,2.144355000e-02,1.500027e+01,1.500027e+01,1.644196e-07,False
muon,27,2.206981000e-02,1.895757e+01,1.895757e+01,2.199869e-07,False
muon,28,2.271435000e-02,4.168166e+01,4.168166e+01,6.309935e-08,False
muon,29,2.337771000e-02,6.263630e+01,6.263630e+01,1.601816e-08,False
muon,30,2.406045000e-02,1.823935e+01,1.823935e+01,6.131736e-08,False
muon,31,2.476313000e-02,1.451631e+01,1.451631e+01,3.268300e-07,False
muon,32,2.548633000e-02,7.718998e+00,7.718998e+00,1.722339e-08,False
muon,33,2.623065000e-02,1.725088e+01,1.725088e+01,1.878706e-07,False
muon,34,2.699671000e-02,1.621980e+01,1.621980e+01,2.901018e-07,False
muon,35,2.778514000e-02,1.757619e+01,1.757619e+01,7.515117e-08,False
muon,36,2.859660000e-02,1.347592e+01,1.347592e+01,2.963979e-07,False
muon,37,2.943175000e-02,2.490863e+01,2.490863e+01,1.085347e-07,False
muon,38,3.029130000e-02,9.075004e+00,9.075004e+00,5.087839e-08,False
muon,39,3.117595000e-02,2.115995e+01,2.115995e+01,1.523268e-07,False
muon,40,3.208643000e-02,2.351856e+01,2.351856e+01,9.593693e-08,False
muon,41,3.302351000e-02,2.251410e+01,2.251410e+01,1.294800e-07,False
muon,42,3.398795000e-02,4.235405e+01,4.235405e+01,6.892026e-08,False
muon,43,3.498056000e-02,3.119023e+01,3.119023e+01,1.245841e-07,False
muon,44,3.600215000e-02,1.355086e+01,1.355086e+01,2.232603e-07,False
muon,45,3.705359000e-02,1.471242e+01,1.471242e+01,2.550929e-07,False
muon,46,3.813573000e-02,4.084958e+01,4.084958e+01,1.031628e-07,False
muon,47,3.924947000e-02,2.062873e+01,2.062873e+01,2.110626e-07,False
muon,48,4.039574000e-02,4.028732e+01,4.028732e+01,1.006150e-07,False
muon,49,4.157548000e-02,1.709731e+02,1.709731e+02,2.589197e-07,False
muon,50,4.278968000e-02,1.321004e+01,1.321004e+01,1.020803e-09,False
muon,51,4.403934000e-02,1.435868e+01,1.435868e+01,2.154237e-07,False
muon,52,4.532550000e-02,1.684833e+01,1.684833e+01,2.351562e-07,False
muon,53,4.664922000e-02,2.451672e+01,2.451672e+01,1.105878e-07,False
muon,54,4.801159000e-02,4.069683e+01,4.069683e+01,7.349683e-08,False
muon,55,4.941376000e-02,1.315672e+01,1.315672e+01,2.140735e-07,False
muon,56,5.085687000e-02,5.669688e+01,5.669688e+01,3.081572e-08,False
muon,57,5.234213000e-02,1.929186e+01,1.929186e+01,1.647056e-08,False
muon,58,5.387077000e-02,1.143945e+01,1.143945e+01,1.380477e-07,False
muon,59,5.544405000e-02,3.346943e+01,3.346943e+01,4.782757e-08,False
muon,60,5.706328000e-02,2.751193e+01,2.751193e+01,1.023354e-07,False
muon,61,5.872979000e-02,8.122131e+01,8.122131e+01,3.571283e-08,False
muon,62,6.044498000e-02,5.865436e+01,5.865436e+01,4.929882e-08,False
muon,63,6.221026000e-02,1.660424e+01,1.660424e+01,8.235271e-08,False
muon,64,6.402709000e-02,3.818198e+01,3.818198e+01,1.910205e-08,False
muon,65,6.589698000e-02,2.963241e+01,2.963241e+01,1.288323e-08,False
muon,66,6.782148000e-02,5.713385e+00,5.713385e+00,7.796838e-08,False
muon,67,6.980219000e-02,8.063102e+01,8.063102e+01,1.734203e-08,False
muon,68,7.184074000e-02,4.731459e+01,4.731459e+01,3.763116e-08,False
muon,69,7.393883000e-02,1.092381e+01,1.092381e+01,1.496246e-07,False
muon,70,7.609819000e-02,6.122447e+01,6.122447e+01,2.146005e-08,False
muon,71,7.832062000e-02,9.681394e+00,9.681394e+00,1.813293e-08,False
muon,72,8.060795000e-02,3.800588e+01,3.800588e+01,1.042785e-07,False
muon,73,8.296208000e-02,1.934245e+01,1.934245e+01,1.983519e-07,False
muon,74,8.538496000e-02,1.234309e+01,1.234309e+01,2.959578e-07,False
muon,75,8.787861000e-02,3.597251e+01,3.597251e+01,1.060880e-08,False
muon,76,9.044507000e-02,4.528233e+01,4.528233e+01,1.155807e-08,False
muon,77,9.308650000e-02,1.717114e+01,1.717114e+01,2.113032e-07,False
muon,78,9.580506000e-02,3.142278e+01,3.142278e+01,1.468895e-07,False
muon,79,9.860302000e-02,5.138859e+01,5.138859e+01,9.628087e-08,False
muon,80,1.014827000e-01,3.362869e+01,3.362869e+01,4.563412e-08,False
muon,81,1.044465000e-01,2.072426e+01,2.072426e+01,2.127036e-07,False
muon,82,1.074968000e-01,3.074397e+01,3.074397e+01,8.555083e-08,False
muon,83,1.106362000e-01,1.238764e+01,1.238764e+01,2.825115e-07,False
muon,84,1.138673000e-01,3.340807e+01,3.340807e+01,5.476609e-08,False
muon,85,1.171928000e-01,5.974489e+01,5.974489e+01,6.385896e-08,False
muon,86,1.206153000e-01,9.779816e+00,9.779816e+00,1.781616e-08,False
muon,87,1.241379000e-01,3.045233e+01,3.045233e+01,9.616512e-08,False
muon,88,1.277633000e-01,2.792823e+01,2.792823e+01,1.672359e-09,False
muon,89,1.314946000e-01,4.047674e+01,4.047674e+01,2.551761e-08,False
muon,90,1.353348000e-01,1.443513e+01,1.443513e+01,2.387728e-07,False
muon,91,1.392873000e-01,3.573136e+01,3.573136e+01,1.093334e-07,False
muon,92,1.433551000e-01,4.793923e+01,4.793923e+01,3.807269e-08,False
muon,93,1.475417000e-01,1.919699e+01,1.919699e+01,7.049975e-08,False
muon,94,1.518507000e-01,3.858678e+01,3.858678e+01,9.712562e-08,False
muon,95,1.562854000e-01,6.601223e+01,6.601223e+01,6.259246e-08,False
muon,96,1.608497000e-01,1.856671e+01,1.856671e+01,1.495309e-07,False
muon,97,1.655472000e-01,1.870689e+01,1.870689e+01,1.252162e-07,False
muon,98,1.703820000e-01,4.105897e+01,4.105897e+01,5.164758e-08,False
muon,99,1.753580000e-01,1.652501e+01,1.652501e+01,4.608686e-09,False
muon,100,1.804792000e-01,1.774931e+01,1.774931e+01,2.679559e-07,False
muon,101,1.857501000e-01,3.192015e+01,3.192015e+01,9.104354e-08,False
muon,102,1.911749000e-01,4.686003e+01,4.686003e+01,1.410135e-08,False
muon,103,1.967581000e-01,1.646859e+01,1.646859e+01,1.508644e-07,False
muon,104,2.025043000e-01,4.048357e+01,4.048357e+01,1.089497e-08,False
muon,105,2.084184000e-01,5.826316e+01,5.826316e+01,7.070442e-08,False
muon,106,2.145052000e-01,1.518932e+01,1.518932e+01,1.652232e-07,False
muon,107,2.207698000e-01,2.730899e+01,2.730899e+01,1.650016e-07,False
muon,108,2.272173000e-01,3.203418e+01,3.203418e+01,1.320729e-07,False
muon,109,2.338531000e-01,3.263223e+01,3.263223e+01,9.317369e-08,False
muon,110,2.406827000e-01,2.562657e+01,2.562657e+01,2.479735e-08,False
muon,111,2.477118000e-01,2.376388e+01,2.376388e+01,1.280929e-07,False
muon,112,2.549461000e-01,4.169182e+01,4.169182e+01,7.321604e-08,False
muon,113,2.623918000e-01,2.932424e+01,2.932424e+01,1.492537e-07,False
muon,114,2.700548000e-01,3.542232e+01,3.542232e+01,7.786609e-08,False
muon,115,2.779417000e-01,1.556965e+01,1.556965e+01,3.126182e-07,False
muon,116,2.860589000e-01,2.155688e+01,2.155688e+01,1.968835e-07,False
muon,117,2.944132000e-01,1.685201e+01,1.685201e+01,8.187473e-08,False
muon,118,3.030114000e-01,2.933341e+01,2.933341e+01,4.884350e-08,False
muon,119,3.118608000e-01,4.351567e+01,4.351567e+01,8.703397e-08,False
muon,120,3.209686000e-01,1.664067e+01,1.664067e+01,1.980103e-08,False
muon,121,3.303424000e-01,6.891605e+01,6.891605e+01,6.473952e-09,False
muon,122,3.399899000e-01,4.497286e+01,4.497286e+01,6.793282e-08,False
muon,123,3.499192000e-01,3.657610e+01,3.657610e+01,1.035715e-07,False
muon,124,3.601385000e-01,1.724082e+01,1.724082e+01,1.042502e-07,False
muon,125,3.706563000e-01,3.664765e+01,3.664765e+01,3.568004e-08,False
muon,126,3.814812000e-01,1.771765e+01,1.771765e+01,6.108674e-08,False
muon,127,3.926222000e-01,2.024756e+01,2.024756e+01,1.580028e-07,False
muon,128,4.040886000e-01,2.762952e+01,2.762952e+01,1.617548e-07,False
muon,129,4.158899000e-01,5.046347e+01,5.046347e+01,7.852304e-08,False
muon,130,4.280359000e-01,2.876381e+01,2.876381e+01,1.687792e-07,False
muon,131,4.405365000e-01,2.515706e+01,2.515706e+01,1.881574e-07,False
muon,132,4.534023000e-01,2.481185e+01,2.481185e+01,1.269888e-07,False
muon,133,4.666437000e-01,1.920996e+01,1.920996e+01,2.441528e-07,False
muon,134,4.802719000e-01,1.250916e+01,1.250916e+01,2.575366e-07,False
muon,135,4.942981000e-01,2.993183e+01,2.993183e+01,9.576250e-08,False
muon,136,5.087340000e-01,4.117915e+01,4.117915e+01,3.886079e-08,False
muon,137,5.235914000e-01,3.220263e+01,3.220263e+01,1.525590e-07,False
muon,138,5.388827000e-01,2.317156e+01,2.317156e+01,1.178757e-07,False
muon,139,5.546206000e-01,6.050226e+01,6.050226e+01,1.502956e-08,False
muon,140,5.708182000e-01,1.631348e+01,1.631348e+01,4.034784e-08,False
muon,141,5.874888000e-01,2.483109e+01,2.483109e+01,1.062649e-08,False
muon,142,6.046462000e-01,2.156150e+01,2.156150e+01,7.273669e-08,False
muon,143,6.223047000e-01,4.230856e+01,4.230856e+01,9.850956e-08,False
muon,144,6.404789000e-01,2.859493e+01,2.859493e+01,8.238366e-08,False
muon,145,6.591839000e-01,3.692586e+01,3.692586e+01,8.243329e-08,False
muon,146,6.784352000e-01,4.851475e+01,4.851475e+01,8.078932e-08,False
muon,147,6.982487000e-01,3.150967e+01,3.150967e+01,1.416147e-07,False
muon,148,7.186409000e-01,4.181218e+01,4.181218e+01,7.594417e-10,False
muon,149,7.396286000e-01,2.103551e+01,2.103551e+01,2.167173e-08,False
muon,150,7.612292000e-01,2.283130e+01,2.283130e+01,5.285538e-08,False
muon,151,7.834607000e-01,1.693956e+01,1.693956e+01,6.129729e-08,False
muon,152,8.063414000e-01,1.621505e+01,1.621505e+01,2.029397e-07,False
muon,153,8.298904000e-01,3.122725e+01,3.122725e+01,3.070156e-08,False
muon,154,8.541271000e-01,2.841797e+01,2.841797e+01,1.085705e-07,False
muon,155,8.790716000e-01,3.555621e+01,3.555621e+01,1.451979e-09,False
muon,156,9.047446000e-01,5.628682e+01,5.628682e+01,1.287124e-08,False
muon,157,9.311674000e-01,2.888192e+01,2.888192e+01,4.010570e-08,False
muon,158,9.583619000e-01,1.959472e+01,1.959472e+01,1.871730e-07,False
muon,159,9.863506000e-01,2.102585e+01,2.102585e+01,1.934678e-07,False
muon,160,1.015157000e+00,2.263111e+01,2.263111e+01,1.076918e-07,False
muon,161,1.044804000e+00,3.589451e+01,3.589451e+01,6.651192e-08,False
muon,162,1.075317000e+00,3.388512e+01,3.388512e+01,1.110288e-07,False
muon,163,1.106722000e+00,2.612348e+01,2.612348e+01,1.596737e-07,False
muon,164,1.139043000e+00,2.724000e+01,2.724000e+01,2.980784e-08,False
muon,165,1.172308000e+00,4.477140e+01,4.477140e+01,1.785098e-08,False
muon,166,1.206545000e+00,1.981139e+01,1.981139e+01,1.812585e-07,False
muon,167,1.241782000e+00,3.137442e+01,3.137442e+01,1.219605e-07,False
muon,168,1.278048000e+00,2.489552e+01,2.489552e+01,8.086633e-08,False
muon,169,1.315373000e+00,3.301319e+01,3.301319e+01,4.179329e-08,False
muon,170,1.353788000e+00,2.688986e+01,2.688986e+01,4.744292e-08,False
muon,171,1.393325000e+00,4.057605e+01,4.057605e+01,2.114853e-08,False
muon,172,1.434017000e+00,2.921586e+01,2.921586e+01,9.166163e-08,False
muon,173,1.475897000e+00,2.810525e+01,2.810525e+01,6.946510e-08,False
muon,174,1.519000000e+00,2.984740e+01,2.984740e+01,9.485593e-08,False
muon,175,1.563362000e+00,3.876421e+01,3.876421e+01,1.122577e-07,False
muon,176,1.609019000e+00,3.068861e+01,3.068861e+01,3.141953e-08,False
muon,177,1.656010000e+00,2.356658e+01,2.356658e+01,7.284936e-08,False
muon,178,1.704374000e+00,2.479232e+01,2.479232e+01,4.198648e-08,False
muon,179,1.754149000e+00,2.651898e+01,2.651898e+01,1.809950e-07,False
muon,180,1.805379000e+00,2.459417e+01,2.459417e+01,3.196893e-08,False
muon,181,1.858104000e+00,3.006503e+01,3.006503e+01,1.513431e-07,False
muon,182,1.912370000e+00,2.125447e+01,2.125447e+01,2.279247e-07,False
muon,183,1.968220000e+00,2.566328e+01,2.566328e+01,1.157287e-07,False
muon,184,2.025701000e+00,3.373491e+01,3.373491e+01,5.631028e-09,False
muon,185,2.084861000e+00,1.577361e+01,1.577361e+01,2.322543e-07,False
muon,186,2.145749000e+00,3.167639e+01,3.167639e+01,5.976335e-08,False
muon,187,2.208415000e+00,3.222388e+01,3.222388e+01,4.161993e-08,False
muon,188,2.272911000e+00,2.807648e+01,2.807648e+01,1.584455e-07,False
muon,189,2.339291000e+00,2.610557e+01,2.610557e+01,1.606274e-07,False
muon,190,2.407609000e+00,3.174446e+01,3.174446e+01,2.590596e-08,False
muon,191,2.477923000e+00,2.828087e+01,2.828087e+01,8.136267e-08,False
muon,192,2.550290000e+00,2.544055e+01,2.544055e+01,1.278826e-07,False
muon,193,2.624770000e+00,2.497581e+01,2.497581e+01,1.915034e-07,False
muon,194,2.701426000e+00,2.700118e+01,2.700118e+01,9.338495e-08,False
muon,195,2.780320000e+00,1.765417e+01,1.765417e+01,1.595322e-07,False
muon,196,2.861519000e+00,2.959873e+01,2.959873e+01,6.980453e-10,False
muon,197,2.945088000e+00,2.946625e+01,2.946625e+01,1.541731e-07,False
muon,198,3.031099000e+00,3.265362e+01,3.265362e+01,1.439977e-07,False
muon,199,3.119621000e+00,2.828176e+01,2.828176e+01,1.929897e-08,False
muon,200,3.210729000e+00,2.259991e+01,2.259991e+01,4.055698e-08,False
muon,201,3.304497000e+00,2.243099e+01,2.243099e+01,1.672306e-07,False
muon,202,3.401004000e+00,2.588348e+01,2.588348e+01,6.407053e-08,False
muon,203,3.500329000e+00,2.270669e+01,2.270669e+01,1.232123e-07,False
muon,204,3.602555000e+00,3.018377e+01,3.018377e+01,1.157761e-08,False
muon,205,3.707767000e+00,3.179160e+01,3.179160e+01,1.141910e-07,False
muon,206,3.816051000e+00,2.714076e+01,2.714076e+01,9.977694e-08,False
muon,207,3.927498000e+00,2.854862e+01,2.854862e+01,1.032159e-07,False
muon,208,4.042199000e+00,2.064238e+01,2.064238e+01,5.143184e-08,False
muon,209,4.160251000e+00,2.349694e+01,2.349694e+01,6.710731e-08,False
muon,210,4.281750000e+00,2.849473e+01,2.849473e+01,1.105681e-07,False
muon,211,4.406797000e+00,2.579667e+01,2.579667e+01,5.719089e-08,False
muon,212,4.535496000e+00,2.746410e+01,2.746410e+01,1.453283e-07,False
muon,213,4.667954000e+00,2.774548e+01,2.774548e+01,7.777890e-08,False
muon,214,4.804280000e+00,3.086924e+01,3.086924e+01,2.931374e-09,False
muon,215,4.944588000e+00,2.379862e+01,2.379862e+01,1.866062e-07,False
muon,216,5.088993000e+00,2.402075e+01,2.402075e+01,2.039503e-07,False
muon,217,5.237615000e+00,3.033015e+01,3.033015e+01,3.727829e-08,False
muon,218,5.390578000e+00,2.700957e+01,2.700957e+01,1.118919e-07,False
muon,219,5.548009000e+00,2.449062e+01,2.449062e+01,1.904885e-07,False
muon,220,5.710037000e+00,3.258286e+01,3.258286e+01,6.820459e-08,False
muon,221,5.876797000e+00,2.807805e+01,2.807805e+01,9.857928e-10,False
muon,222,6.048427000e+00,2.280232e+01,2.280232e+01,2.188792e-08,False
muon,223,6.225069000e+00,3.001240e+01,3.001240e+01,1.715352e-08,False
muon,224,6.406871000e+00,2.064472e+01,2.064472e+01,1.293157e-07,False
muon,225,6.593981000e+00,2.160754e+01,2.160754e+01,1.909885e-07,False
muon,226,6.786557000e+00,2.039542e+01,2.039542e+01,8.158412e-08,False
muon,227,6.984756000e+00,3.000170e+01,3.000170e+01,9.779149e-09,False
muon,228,7.188744000e+00,2.035233e+01,2.035233e+01,5.702939e-08,False
muon,229,7.398689000e+00,2.478446e+01,2.478446e+01,6.333147e-08,False
muon,230,7.614765000e+00,2.886412e+01,2.886412e+01,1.492271e-07,False
muon,231,7.837152000e+00,2.538342e+01,2.538342e+01,5.049824e-08,False
muon,232,8.066034000e+00,2.350160e+01,2.350160e+01,2.579895e-08,False
muon,233,8.301600000e+00,2.358601e+01,2.358601e+01,1.230456e-07,False
muon,234,8.544046000e+00,2.654842e+01,2.654842e+01,5.396389e-08,False
muon,235,8.793573000e+00,2.180813e+01,2.180813e+01,1.874821e-07,False
muon,236,9.050386000e+00,2.826886e+01,2.826886e+01,1.107797e-07,False
muon,237,9.314700000e+00,2.309491e+01,2.309491e+01,1.560270e-07,False
muon,238,9.586733000e+00,2.494920e+01,2.494920e+01,1.837651e-07,False
muon,239,9.866711000e+00,2.414456e+01,2.414456e+01,6.137067e-08,False
muon,240,1.015487000e+01,2.394021e+01,2.394021e+01,1.124783e-07,False
muon,241,1.045144000e+01,2.176041e+01,2.176041e+01,1.035312e-07,False
muon,242,1.075667000e+01,2.373308e+01,2.373308e+01,1.910430e-07,False
muon,243,1.107081000e+01,2.499872e+01,2.499872e+01,1.775607e-07,False
muon,244,1.139413000e+01,2.416882e+01,2.416882e+01,8.079471e-08,False
muon,245,1.172689000e+01,2.536127e+01,2.536127e+01,1.214418e-07,False
muon,246,1.206937000e+01,2.254587e+01,2.254587e+01,1.167164e-07,False
muon,247,1.242186000e+01,2.576325e+01,2.576325e+01,1.936978e-07,False
muon,248,1.278463000e+01,2.034515e+01,2.034515e+01,1.081898e-07,False
muon,249,1.315800000e+01,2.239720e+01,2.239720e+01,9.869440e-08,False
muon,250,1.354228000e+01,2.739653e+01,2.739653e+01,6.516787e-08,False
muon,251,1.393778000e+01,2.739293e+01,2.739293e+01,7.526166e-08,False
muon,252,1.434483000e+01,2.328774e+01,2.328774e+01,1.221344e-07,False
muon,253,1.476376000e+01,2.690046e+01,2.690046e+01,1.085651e-07,False
muon,254,1.519494000e+01,2.576998e+01,2.576998e+01,1.025569e-08,False
muon,255,1.563870000e+01,2.589430e+01,2.589430e+01,1.611545e-07,False
muon,256,1.609542000e+01,2.390190e+01,2.390190e+01,1.672812e-07,False
muon,257,1.656548000e+01,2.530376e+01,2.530376e+01,3.057046e-08,False
muon,258,1.704927000e+01,2.643599e+01,2.643599e+01,2.206893e-08,False
muon,259,1.754719000e+01,2.272626e+01,2.272626e+01,1.005710e-07,False
muon,260,1.805965000e+01,2.213821e+01,2.213821e+01,8.065658e-08,False
muon,261,1.858708000e+01,2.243476e+01,2.243476e+01,1.772549e-07,False
muon,262,1.912991000e+01,2.337640e+01,2.337640e+01,8.623623e-08,False
muon,263,1.968860000e+01,2.267769e+01,2.267769e+01,1.662004e-07,False
muon,264,2.026359000e+01,2.373475e+01,2.373475e+01,1.534096e-07,False
muon,265,2.085539000e+01,2.393345e+01,2.393345e+01,1.628617e-07,False
muon,266,2.146446000e+01,2.456287e+01,2.456287e+01,1.226702e-07,False
muon,267,2.209133000e+01,2.432606e+01,2.432606e+01,1.193823e-07,False
muon,268,2.273650000e+01,2.189915e+01,2.189915e+01,1.739173e-07,False
muon,269,2.340051000e+01,2.554394e+01,2.554394e+01,3.578600e-08,False
muon,270,2.408391000e+01,2.260510e+01,2.260510e+01,1.647391e-07,False
muon,271,2.478728000e+01,2.336885e+01,2.336885e+01,6.262443e-08,False
muon,272,2.551118000e+01,2.355977e+01,2.355977e+01,1.585680e-07,False
muon,273,2.625623000e+01,2.387161e+01,2.387161e+01,3.433764e-08,False
muon,274,2.702304000e+01,2.244668e+01,2.244668e+01,5.621591e-08,False
muon,275,2.781224000e+01,2.507297e+01,2.507297e+01,9.135090e-08,False
muon,276,2.862448000e+01,2.289103e+01,2.289103e+01,1.991649e-07,False
muon,277,2.946045000e+01,2.353478e+01,2.353478e+01,5.503040e-09,False
muon,278,3.032084000e+01,2.264701e+01,2.264701e+01,1.134450e-07,False
muon,279,3.120635000e+01,2.347210e+01,2.347210e+01,3.506312e-08,False
muon,280,3.211772000e+01,2.297335e+01,2.297335e+01,2.067778e-07,False
muon,281,3.305571000e+01,2.269208e+01,2.269208e+01,8.771356e-08,False
muon,282,3.402109000e+01,2.191035e+01,2.191035e+01,4.794195e-08,False
muon,283,3.501467000e+01,2.289948e+01,2.289948e+01,1.395103e-07,False
muon,284,3.603726000e+01,2.309770e+01,2.309770e+01,1.563832e-07,False
muon,285,3.708972000e+01,2.436312e+01,2.436312e+01,1.832825e-07,False
muon,286,3.817291000e+01,2.185695e+01,2.185695e+01,7.581450e-09,False
muon,287,3.928774000e+01,2.273851e+01,2.273851e+01,2.180162e-08,False
muon,288,4.043513000e+01,2.014035e+01,2.014035e+01,2.920822e-09,False
muon,289,4.161602000e+01,2.052676e+01,2.052676e+01,3.360071e-08,False
muon,290,4.283141000e+01,2.108028e+01,2.108028e+01,8.211960e-08,False
muon,291,4.408229000e+01,2.246663e+01,2.246663e+01,1.844864e-07,False
muon,292,4.536970000e+01,2.077802e+01,2.077802e+01,5.707542e-08,False
muon,293,4.669471000e+01,2.211155e+01,2.211155e+01,2.499798e-08,False
muon,294,4.805841000e+01,2.214948e+01,2.214948e+01,1.815204e-07,False
muon,295,4.946194000e+01,2.217995e+01,2.217995e+01,1.231513e-07,False
muon,296,5.090646000e+01,2.037648e+01,2.037648e+01,1.605202e-07,False
muon,297,5.239317000e+01,2.253793e+01,2.253793e+01,1.453216e-08,False
muon,298,5.392330000e+01,2.209092e+01,2.209092e+01,1.568107e-07,False
muon,299,5.549811000e+01,2.283217e+01,2.283217e+01,1.115749e-07,False
muon,300,5.711892000e+01,2.198159e+01,2.198159e+01,2.268632e-07,False
muon,301,5.878706000e+01,2.275158e+01,2.275158e+01,1.997456e-08,False
muon,302,6.050392000e+01,2.237403e+01,2.237403e+01,1.022422e-07,False
muon,303,6.227092000e+01,2.175359e+01,2.175359e+01,1.480053e-07,False
muon,304,6.408952000e+01,2.341010e+01,2.341010e+01,8.608272e-08,False
muon,305,6.596124000e+01,2.243811e+01,2.243811e+01,1.401358e-07,False
muon,306,6.788762000e+01,2.329108e+01,2.329108e+01,5.612116e-08,False
muon,307,6.987026000e+01,2.361228e+01,2.361228e+01,8.534680e-09,False
muon,308,7.191080000e+01,2.161706e+01,2.161706e+01,2.099271e-07,False
muon,309,7.401093000e+01,2.208782e+01,2.208782e+01,2.035421e-07,False
muon,310,7.617240000e+01,2.292402e+01,2.292402e+01,1.633563e-07,False
muon,311,7.839699000e+01,2.226381e+01,2.226381e+01,5.897606e-08,False
muon,312,8.068655000e+01,2.165271e+01,2.165271e+01,2.046840e-07,False
muon,313,8.304298000e+01,2.148761e+01,2.148761e+01,2.051735e-07,False
muon,314,8.546822000e+01,2.209856e+01,2.209856e+01,1.226952e-08,False
muon,315,8.796430000e+01,2.237992e+01,2.237992e+01,1.197024e-07,False
muon,316,9.053327000e+01,2.238296e+01,2.238296e+01,1.936574e-07,False
muon,317,9.317727000e+01,2.166022e+01,2.166022e+01,5.197472e-08,False
muon,318,9.589848000e+01,2.181853e+01,2.181853e+01,1.403102e-07,False
muon,319,9.869917000e+01,2.258942e+01,2.258942e+01,1.594908e-07,False
muon,320,1.015817000e+02,2.104734e+01,2.104734e+01,3.337644e-08,False
muon,321,1.045483000e+02,2.186410e+01,2.186410e+01,2.194747e-07,False
muon,322,1.076016000e+02,2.069636e+01,2.069636e+01,1.526218e-07,False
muon,323,1.107441000e+02,1.992650e+01,1.992650e+01,1.806683e-07,False
muon,324,1.139783000e+02,2.177802e+01,2.177802e+01,6.901543e-08,False
muon,325,1.173070000e+02,1.952230e+01,1.952230e+01,1.070705e-07,False
muon,326,1.207330000e+02,2.244387e+01,2.244387e+01,1.310623e-07,False
muon,327,1.242589000e+02,2.147026e+01,2.147026e+01,1.426163e-07,False
muon,328,1.278879000e+02,2.027672e+01,2.027672e+01,2.902635e-08,False
muon,329,1.316228000e+02,2.169356e+01,2.169356e+01,1.175984e-07,False
muon,330,1.354668000e+02,2.046514e+01,2.046514e+01,4.997074e-08,False
muon,331,1.394231000e+02,2.061938e+01,2.061938e+01,2.066510e-07,False
muon,332,1.434949000e+02,2.030603e+01,2.030603e+01,2.065721e-07,False
muon,333,1.476856000e+02,2.192616e+01,2.192616e+01,3.884048e-08,False
muon,334,1.519987000e+02,2.051160e+01,2.051160e+01,4.251863e-09,False
muon,335,1.564378000e+02,2.117891e+01,2.117891e+01,8.628494e-08,False
muon,336,1.610065000e+02,2.023163e+01,2.023163e+01,1.223619e-07,False
muon,337,1.657087000e+02,2.073423e+01,2.073423e+01,1.450830e-07,False
muon,338,1.705481000e+02,2.135529e+01,2.135529e+01,2.090786e-07,False
muon,339,1.755290000e+02,2.069140e+01,2.069140e+01,1.964681e-07,False
muon,340,1.806552000e+02,2.114305e+01,2.114305e+01,1.469777e-07,False
muon,341,1.859312000e+02,2.069915e+01,2.069915e+01,3.334686e-08,False
muon,342,1.913613000e+02,2.055104e+01,2.055104e+01,9.511556e-08,False
muon,343,1.969499000e+02,2.065673e+01,2.065673e+01,1.649181e-07,False
muon,344,2.027018000e+02,2.036327e+01,2.036327e+01,1.199918e-07,False
muon,345,2.086216000e+02,2.165370e+01,2.165370e+01,1.585378e-07,False
muon,346,2.147144000e+02,2.045609e+01,2.045609e+01,1.174504e-07,False
muon,347,2.209850000e+02,2.057988e+01,2.057988e+01,2.227274e-07,False
muon,348,2.274388000e+02,2.031624e+01,2.031624e+01,8.013280e-08,False
muon,349,2.340811000e+02,1.984268e+01,1.984268e+01,1.037144e-07,False
muon,350,2.409174000e+02,2.015092e+01,2.015092e+01,1.585775e-07,False
muon,351,2.479533000e+02,2.089221e+01,2.089221e+01,1.793080e-07,False
muon,352,2.551947000e+02,2.080472e+01,2.080472e+01,1.157396e-07,False
muon,353,2.626476000e+02,2.125347e+01,2.125347e+01,2.260584e-08,False
muon,354,2.703182000e+02,2.074010e+01,2.074010e+01,1.278606e-07,False
muon,355,2.782127000e+02,1.996405e+01,1.996405e+01,1.362622e-08,False
muon,356,2.863378000e+02,2.017891e+01,2.017891e+01,2.320156e-07,False
muon,357,2.947003000e+02,2.019579e+01,2.019579e+01,1.456645e-07,False
muon,358,3.033069000e+02,1.945723e+01,1.945723e+01,7.288818e-08,False
muon,359,3.121649000e+02,1.993348e+01,1.993348e+01,1.873539e-07,False
muon,360,3.212816000e+02,1.997490e+01,1.997490e+01,2.073285e-07,False
muon,361,3.306645000e+02,1.990238e+01,1.990238e+01,1.826335e-07,False
muon,362,3.403215000e+02,2.015902e+01,2.015902e+01,1.516073e-07,False
muon,363,3.502605000e+02,2.007590e+01,2.007590e+01,1.286649e-07,False
muon,364,3.604897000e+02,2.004144e+01,2.004144e+01,1.971705e-07,False
muon,365,3.710177000e+02,1.976409e+01,1.976409e+01,1.640634e-07,False
muon,366,3.818532000e+02,1.951518e+01,1.951518e+01,1.841843e-07,False
muon,367,3.930051000e+02,1.960811e+01,1.960811e+01,1.619927e-07,False
muon,368,4.044827000e+02,1.981694e+01,1.981694e+01,1.059678e-07,False
muon,369,4.162955000e+02,1.981314e+01,1.981314e+01,2.510300e-08,False
muon,370,4.284533000e+02,1.959198e+01,1.959198e+01,7.329726e-08,False
muon,371,4.409661000e+02,1.948302e+01,1.948302e+01,1.545630e-07,False
muon,372,4.538444000e+02,1.992953e+01,1.992953e+01,4.232964e-08,False
muon,373,4.670988000e+02,1.995122e+01,1.995122e+01,4.880878e-08,False
muon,374,4.807403000e+02,1.938581e+01,1.938581e+01,1.944910e-07,False
muon,375,4.947801000e+02,1.936161e+01,1.936161e+01,8.947190e-08,False
muon,376,5.092301000e+02,1.948293e+01,1.948293e+01,4.087403e-09,False
muon,377,5.241020000e+02,1.948929e+01,1.948929e+01,1.247973e-07,False
muon,378,5.394082000e+02,1.911971e+01,1.911971e+01,8.877316e-08,False
muon,379,5.551615000e+02,1.986135e+01,1.986135e+01,1.913146e-07,False
muon,380,5.713748000e+02,1.959110e+01,1.959110e+01,9.109553e-08,False
muon,381,5.880616000e+02,1.956053e+01,1.956053e+01,2.118759e-07,False
muon,382,6.052358000e+02,1.905017e+01,1.905017e+01,1.125793e-07,False
muon,383,6.229115000e+02,1.951953e+01,1.951953e+01,1.361856e-07,False
muon,384,6.411035000e+02,1.934086e+01,1.934086e+01,1.210840e-07,False
muon,385,6.598267000e+02,1.926250e+01,1.926250e+01,1.515964e-07,False
muon,386,6.790968000e+02,1.947842e+01,1.947842e+01,3.793054e-08,False
muon,387,6.989296000e+02,1.929372e+01,1.929372e+01,3.467134e-08,False
muon,388,7.193416000e+02,1.921531e+01,1.921531e+01,1.070665e-07,False
muon,389,7.403498000e+02,1.906915e+01,1.906915e+01,2.382849e-07,False
muon,390,7.619715000e+02,1.937312e+01,1.937312e+01,8.846648e-08,False
muon,391,7.842246000e+02,1.906365e+01,1.906365e+01,1.880832e-07,False
muon,392,8.071277000e+02,1.920709e+01,1.920709e+01,1.389383e-07,False
muon,393,8.306996000e+02,1.899511e+01,1.899511e+01,1.015382e-07,False
muon,394,8.549600000e+02,1.907809e+01,1.907809e+01,2.324748e-07,False
muon,395,8.799288000e+02,1.907741e+01,1.907741e+01,1.654691e-07,False
muon,396,9.056269000e+02,1.889923e+01,1.889923e+01,2.334307e-07,False
muon,397,9.320754000e+02,1.897781e+01,1.897781e+01,2.577669e-07,False
muon,398,9.592964000e+02,1.918676e+01,1.918676e+01,5.225587e-08,False
muon,399,9.873124000e+02,2.059897e+01,2.059897e+01,6.649471e-08,False
muon,400,1.016147000e+03,2.861557e+01,2.861557e+01,1.530977e-07,False
muon,401,1.045823000e+03,5.165712e+01,5.165712e+01,4.328398e-08,False
muon,402,1.076366000e+03,1.037983e+02,1.037983e+02,1.779125e-07,False
muon,403,1.107801000e+03,1.942530e+02,1.942530e+02,1.798436e-07,False
muon,404,1.140154000e+03,3.284633e+02,3.284633e+02,2.925498e-08,False
muon,405,1.173452000e+03,4.937276e+02,4.937276e+02,2.146764e-08,False
muon,406,1.207722000e+03,6.683231e+02,6.683231e+02,5.441069e-08,False
muon,407,1.242993000e+03,8.281985e+02,8.281985e+02,4.460633e-08,False
muon,408,1.279294000e+03,9.580762e+02,9.580762e+02,4.591439e-09,False
muon,409,1.316656000e+03,1.046749e+03,1.046749e+03,4.035300e-07,False
muon,410,1.355108000e+03,1.093312e+03,1.093312e+03,7.879859e-08,False
muon,411,1.394684000e+03,1.105820e+03,1.105820e+03,1.268754e-07,False
muon,412,1.435415000e+03,1.090886e+03,1.090886e+03,4.376023e-07,True
muon,413,1.477336000e+03,1.058820e+03,1.058820e+03,2.375291e-07,False
muon,414,1.520481000e+03,1.009966e+03,1.009966e+03,2.875687e-07,False
muon,415,1.564886000e+03,9.496192e+02,9.496192e+02,3.739384e-08,False
muon,416,1.610588000e+03,8.871412e+02,8.871412e+02,1.397525e-08,False
muon,417,1.657625000e+03,8.213306e+02,8.213306e+02,2.353368e-08,False
muon,418,1.706036000e+03,7.572269e+02,7.572269e+02,1.686021e-08,False
muon,419,1.755860000e+03,6.952684e+02,6.952684e+02,3.370025e-08,False
muon,420,1.807139000e+03,6.332305e+02,6.332305e+02,4.741111e-08,False
muon,421,1.859916000e+03,5.774670e+02,5.774670e+02,4.800434e-08,False
muon,422,1.914235000e+03,5.240126e+02,5.240126e+02,3.107296e-08,False
muon,423,1.970139000e+03,4.741059e+02,4.741059e+02,3.813018e-08,False
muon,424,2.027677000e+03,4.292182e+02,4.292182e+02,5.831504e-08,False
muon,425,2.086894000e+03,3.874430e+02,3.874430e+02,1.057805e-07,False
muon,426,2.147841000e+03,3.493309e+02,3.493309e+02,4.725195e-08,False
muon,427,2.210569000e+03,3.142923e+02,3.142923e+02,1.083438e-07,False
muon,428,2.275128000e+03,2.819850e+02,2.819850e+02,7.734020e-08,False
muon,429,2.341572000e+03,2.545430e+02,2.545430e+02,3.913673e-08,False
muon,430,2.409957000e+03,2.288206e+02,2.288206e+02,2.134534e-07,False
muon,431,2.480339000e+03,2.049136e+02,2.049136e+02,1.110322e-07,False
muon,432,2.552777000e+03,1.840806e+02,1.840806e+02,2.319683e-07,False
muon,433,2.627330000e+03,1.647717e+02,1.647717e+02,2.605726e-07,False
muon,434,2.704060000e+03,1.480715e+02,1.480715e+02,1.544944e-07,False
muon,435,2.783031000e+03,1.326408e+02,1.326408e+02,1.093013e-07,False
muon,436,2.864309000e+03,1.193540e+02,1.193540e+02,5.801669e-08,False
muon,437,2.947960000e+03,1.066411e+02,1.066411e+02,1.748443e-07,False
muon,438,3.034055000e+03,9.609075e+01,9.609075e+01,6.649977e-10,False
muon,439,3.122663000e+03,8.617825e+01,8.617825e+01,5.166539e-08,False
muon,440,3.213860000e+03,7.760781e+01,7.760781e+01,3.318717e-08,False
muon,441,3.307719000e+03,6.981551e+01,6.981551e+01,6.537386e-09,False
muon,442,3.404320000e+03,6.241364e+01,6.241364e+01,4.971256e-08,False
muon,443,3.503743000e+03,5.654162e+01,5.654162e+01,8.345957e-08,False
muon,444,3.606068000e+03,5.062554e+01,5.062554e+01,1.603540e-08,False
muon,445,3.711383000e+03,4.567900e+01,4.567900e+01,9.711377e-08,False
muon,446,3.819772000e+03,4.095567e+01,4.095567e+01,2.596304e-08,False
muon,447,3.931328000e+03,3.693426e+01,3.693426e+01,7.298736e-08,False
muon,448,4.046141000e+03,3.345955e+01,3.345955e+01,4.651178e-09,False
muon,449,4.164307000e+03,3.003551e+01,3.003551e+01,4.424392e-08,False
muon,450,4.285925000e+03,2.708302e+01,2.708302e+01,7.077214e-08,False
muon,451,4.411094000e+03,2.442313e+01,2.442313e+01,1.941215e-07,False
muon,452,4.539919000e+03,2.222907e+01,2.222907e+01,1.871173e-07,False
muon,453,4.672506000e+03,2.021367e+01,2.021367e+01,1.141616e-08,False
muon,454,4.808965000e+03,1.803127e+01,1.803127e+01,1.221282e-07,False
muon,455,4.949409000e+03,1.652408e+01,1.652408e+01,2.966641e-07,False
muon,456,5.093955000e+03,1.493115e+01,1.493115e+01,1.762736e-07,False
muon,457,5.242723000e+03,1.358619e+01,1.358619e+01,1.895693e-07,False
muon,458,5.395835000e+03,1.231654e+01,1.231654e+01,3.631893e-08,False
muon,459,5.553419000e+03,1.127242e+01,1.127242e+01,3.364187e-07,False
muon,460,5.715605000e+03,1.017456e+01,1.017456e+01,3.730224e-07,False
muon,461,5.882527000e+03,9.288566e+00,9.288566e+00,2.464658e-08,False
muon,462,6.054325000e+03,8.518743e+00,8.518743e+00,1.297801e-08,False
muon,463,6.231139000e+03,7.681138e+00,7.681138e+00,4.318381e-08,False
muon,464,6.413118000e+03,7.093599e+00,7.093599e+00,6.412582e-08,False
muon,465,6.600411000e+03,6.394858e+00,6.394858e+00,2.779698e-08,False
muon,466,6.793174000e+03,5.930829e+00,5.930829e+00,6.591645e-08,False
muon,467,6.991567000e+03,5.381738e+00,5.381738e+00,7.658907e-08,False
muon,468,7.195754000e+03,4.953247e+00,4.953247e+00,8.888001e-08,False
muon,469,7.405904000e+03,4.531063e+00,4.531063e+00,2.125569e-08,False
muon,470,7.622191000e+03,4.194954e+00,4.194954e+00,1.143756e-07,False
muon,471,7.844795000e+03,3.770395e+00,3.770395e+00,4.572449e-08,False
muon,472,8.073900000e+03,3.521929e+00,3.521929e+00,4.821473e-08,False
muon,473,8.309695000e+03,3.218516e+00,3.218516e+00,1.199804e-07,False
muon,474,8.552378000e+03,3.014731e+00,3.014731e+00,5.319562e-08,False
muon,475,8.802147000e+03,2.743742e+00,2.743742e+00,9.233008e-08,False
muon,476,9.059211000e+03,2.520857e+00,2.520857e+00,1.508318e-07,False
muon,477,9.323783000e+03,2.361548e+00,2.361548e+00,7.688079e-08,False
muon,478,9.596081000e+03,2.147492e+00,2.147492e+00,2.044234e-07,False
muon,479,9.876332000e+03,1.995178e+00,1.995178e+00,2.024645e-07,False
muon,480,1.016477000e+04,1.832829e+00,1.832829e+00,4.965958e-08,False
muon,481,1.046163000e+04,1.698946e+00,1.698946e+00,1.823012e-07,False
muon,482,1.076716000e+04,1.596917e+00,1.596917e+00,2.293239e-07,False
muon,483,1.108161000e+04,1.452190e+00,1.452190e+00,3.980210e-08,False
muon,484,1.140524000e+04,1.347611e+00,1.347611e+00,5.304370e-08,False
muon,485,1.173833000e+04,1.269713e+00,1.269713e+00,2.959416e-07,False
muon,486,1.208114000e+04,1.168402e+00,1.168402e+00,1.497944e-07,False
muon,487,1.243397000e+04,1.107940e+00,1.107940e+00,4.260450e-07,False
muon,488,1.279710000e+04,1.026471e+00,1.026471e+00,2.269980e-07,False
muon,489,1.317084000e+04,9.317187e-01,9.317187e-01,2.612558e-08,False
muon,490,1.355549000e+04,8.528962e-01,8.528962e-01,5.526678e-08,False
muon,491,1.395137000e+04,8.004310e-01,8.004310e-01,5.110887e-08,False
muon,492,1.435882000e+04,7.542406e-01,7.542406e-01,5.369236e-08,False
muon,493,1.477816000e+04,6.891924e-01,6.891924e-01,3.827152e-08,False
muon,494,1.520975000e+04,6.502798e-01,6.502798e-01,3.328503e-09,False
muon,495,1.565395000e+04,6.083089e-01,6.083089e-01,6.295746e-08,False
muon,496,1.611112000e+04,5.794003e-01,5.794003e-01,3.640058e-08,False
muon,497,1.658164000e+04,5.196439e-01,5.196439e-01,8.771920e-08,False
muon,498,1.706590000e+04,4.991693e-01,4.991693e-01,9.329855e-08,False
muon,499,1.756430000e+04,4.681923e-01,4.681923e-01,9.093157e-08,False
muon,500,1.807727000e+04,4.354006e-01,4.354006e-01,1.063524e-07,False
muon,501,1.860521000e+04,3.961808e-01,3.961808e-01,1.024599e-07,False
muon,502,1.914857000e+04,3.548944e-01,3.548944e-01,1.031226e-07,False
muon,503,1.970779000e+04,3.121178e-01,3.121178e-01,1.320596e-07,False
muon,504,2.028335000e+04,2.703329e-01,2.703329e-01,1.692613e-07,False
muon,505,2.087572000e+04,2.365242e-01,2.365242e-01,2.008851e-07,False
muon,506,2.148539000e+04,2.059583e-01,2.059583e-01,1.620509e-07,False
muon,507,2.211287000e+04,1.792345e-01,1.792345e-01,1.322961e-07,False
muon,508,2.275867000e+04,1.531305e-01,1.531305e-01,1.069597e-07,False
muon,509,2.342333000e+04,1.499939e-01,1.499939e-01,2.416081e-07,False
muon,510,2.410740000e+04,1.405275e-01,1.405275e-01,1.052805e-07,False
muon,511,2.481145000e+04,1.471773e-01,1.471773e-01,6.080087e-08,False
muon,512,2.553606000e+04,1.418385e-01,1.418385e-01,5.449424e-08,False
muon,513,2.628183000e+04,1.404565e-01,1.404565e-01,6.018453e-08,False
muon,514,2.704939000e+04,1.359166e-01,1.359166e-01,1.947260e-07,False
muon,515,2.783936000e+04,1.333225e-01,1.333225e-01,2.164353e-07,False
muon,516,2.865240000e+04,1.322370e-01,1.322370e-01,2.192159e-08,False
muon,517,2.948918000e+04,1.284644e-01,1.284644e-01,5.654121e-08,False
muon,518,3.035040000e+04,1.225835e-01,1.225835e-01,9.130128e-08,False
muon,519,3.123678000e+04,1.200989e-01,1.200989e-01,4.062797e-07,False
muon,520,3.214904000e+04,1.132910e-01,1.132910e-01,3.057892e-07,False
muon,521,3.308794000e+04,1.063768e-01,1.063768e-01,3.438034e-07,False
muon,522,3.405427000e+04,1.052026e-01,1.052026e-01,4.712511e-08,False
muon,523,3.504881000e+04,1.046118e-01,1.046118e-01,4.543496e-08,False
muon,524,3.607240000e+04,9.724201e-02,9.724201e-02,2.202577e-09,False
muon,525,3.712589000e+04,9.424546e-02,9.424546e-02,2.767526e-08,False
muon,526,3.821014000e+04,8.854707e-02,8.854707e-02,4.876169e-08,False
muon,527,3.932605000e+04,8.173214e-02,8.173214e-02,1.348267e-09,False
muon,528,4.047456000e+04,7.733023e-02,7.733023e-02,1.135533e-08,False
muon,529,4.165661000e+04,7.927631e-02,7.927631e-02,2.035526e-08,False
muon,530,4.287317000e+04,7.300813e-02,7.300813e-02,1.259162e-08,False
muon,531,4.412527000e+04,7.072438e-02,7.072438e-02,1.923738e-08,False
muon,532,4.541394000e+04,6.640436e-02,6.640436e-02,5.023360e-08,False
muon,533,4.674024000e+04,6.052871e-02,6.052871e-02,3.409982e-08,False
muon,534,4.810527000e+04,5.939172e-02,5.939172e-02,3.840553e-09,False
muon,535,4.951017000e+04,5.634709e-02,5.634709e-02,3.649754e-08,False
muon,536,5.095610000e+04,5.466084e-02,5.466084e-02,7.715248e-08,False
muon,537,5.244426000e+04,5.104841e-02,5.104841e-02,8.681384e-08,False
muon,538,5.397588000e+04,4.887533e-02,4.887533e-02,7.858711e-08,False
muon,539,5.555223000e+04,4.640952e-02,4.640952e-02,6.049846e-08,False
muon,540,5.717462000e+04,4.230043e-02,4.230043e-02,9.308129e-08,False
muon,541,5.884439000e+04,3.984843e-02,3.984843e-02,9.600272e-08,False
muon,542,6.056292000e+04,3.759865e-02,3.759865e-02,6.137152e-08,False
muon,543,6.233164000e+04,3.588646e-02,3.588646e-02,4.342521e-08,False
muon,544,6.415202000e+04,3.407329e-02,3.407329e-02,6.882993e-08,False
muon,545,6.602556000e+04,3.226561e-02,3.226561e-02,3.613806e-08,False
muon,546,6.795382000e+04,2.995743e-02,2.995743e-02,9.742317e-08,False
muon,547,6.993839000e+04,2.793684e-02,2.793684e-02,1.444607e-07,False
muon,548,7.198092000e+04,2.587303e-02,2.587303e-02,6.337350e-08,False
muon,549,7.408310000e+04,2.463322e-02,2.463322e-02,1.540586e-07,False
muon,550,7.624668000e+04,2.323093e-02,2.323093e-02,1.095118e-08,False
muon,551,7.847344000e+04,2.193721e-02,2.193721e-02,3.111782e-08,False
muon,552,8.076523000e+04,2.107537e-02,2.107537e-02,1.579810e-08,False
muon,553,8.312396000e+04,1.925600e-02,1.925600e-02,4.985351e-08,False
muon,554,8.555157000e+04,1.949431e-02,1.949431e-02,1.896902e-07,False
muon,555,8.805008000e+04,1.866444e-02,1.866444e-02,5.249099e-08,False
muon,556,9.062155000e+04,1.618310e-02,1.618310e-02,2.357754e-08,False
muon,557,9.326813000e+04,1.592935e-02,1.592935e-02,2.251000e-07,False
muon,558,9.599200000e+04,1.493449e-02,1.493449e-02,2.194635e-07,False
muon,559,9.879541000e+04,1.416758e-02,1.416758e-02,5.667327e-08,False
muon,560,1.016807000e+05,1.395488e-02,1.395488e-02,2.222855e-07,False
muon,561,1.046503000e+05,1.287630e-02,1.287630e-02,2.520175e-07,False
muon,562,1.077065000e+05,1.170833e-02,1.170833e-02,2.482943e-07,False
muon,563,1.108521000e+05,1.130848e-02,1.130848e-02,4.323868e-07,False
muon,564,1.140895000e+05,1.136635e-02,1.136635e-02,4.326616e-07,False
muon,565,1.174214000e+05,9.800429e-03,9.800429e-03,4.386156e-08,False
muon,566,1.208507000e+05,9.779573e-03,9.779573e-03,1.952383e-08,False
muon,567,1.243801000e+05,9.525617e-03,9.525617e-03,1.006518e-08,False
muon,568,1.280126000e+05,8.668752e-03,8.668752e-03,2.724215e-08,False
muon,569,1.317512000e+05,7.822603e-03,7.822603e-03,1.525400e-08,False
muon,570,1.355989000e+05,7.497764e-03,7.497764e-03,3.612117e-08,False
muon,571,1.395590000e+05,7.371207e-03,7.371207e-03,3.384134e-08,False
muon,572,1.436348000e+05,6.903256e-03,6.903256e-03,4.882665e-08,False
muon,573,1.478296000e+05,6.474157e-03,6.474157e-03,4.697965e-08,False
muon,574,1.521469000e+05,5.836570e-03,5.836570e-03,3.765875e-08,False
muon,575,1.565904000e+05,5.726586e-03,5.726586e-03,6.172151e-08,False
muon,576,1.611635000e+05,5.320177e-03,5.320177e-03,6.685590e-08,False
muon,577,1.658703000e+05,4.918440e-03,4.918440e-03,6.164251e-08,False
muon,578,1.707145000e+05,4.769030e-03,4.769030e-03,1.881560e-08,False
muon,579,1.757001000e+05,4.584946e-03,4.584946e-03,9.569775e-08,False
muon,580,1.808314000e+05,3.905741e-03,3.905741e-03,9.652006e-08,False
muon,581,1.861125000e+05,4.007797e-03,4.007797e-03,2.414131e-08,False
muon,582,1.915479000e+05,3.799584e-03,3.799584e-03,4.810823e-08,False
muon,583,1.971420000e+05,3.293117e-03,3.293117e-03,8.760756e-08,False
compton,0,1.014497000e-02,4.766114e+01,4.766114e+01,3.475735e-08,False
compton,1,1.044125000e-02,4.038005e+01,4.038005e+01,1.525347e-09,False
compton,2,1.074619000e-02,6.173784e+01,6.173784e+01,5.678703e-09,False
compton,3,1.106003000e-02,2.869403e+01,2.869403e+01,3.057202e-08,False
compton,4,1.138303000e-02,5.868470e+01,5.868470e+01,4.777454e-08,False
compton,5,1.171547000e-02,4.567708e+01,4.567708e+01,5.886252e-08,False
compton,6,1.205762000e-02,4.837360e+01,4.837360e+01,3.862716e-08,False
compton,7,1.240976000e-02,5.633920e+01,5.633920e+01,3.334783e-08,False
compton,8,1.277218000e-02,5.013790e+01,5.013790e+01,5.924145e-09,False
compton,9,1.314519000e-02,5.588157e+01,5.588157e+01,3.178291e-08,False
compton,10,1.352909000e-02,6.945204e+01,6.945204e+01,5.826196e-08,False
compton,11,1.392420000e-02,5.142710e+01,5.142710e+01,7.893883e-08,False
compton,12,1.433085000e-02,5.651896e+01,5.651896e+01,7.850150e-08,False
compton,13,1.474938000e-02,9.569817e+01,9.569817e+01,9.489781e-09,False
compton,14,1.518013000e-02,5.814690e+01,5.814690e+01,2.228441e-08,False
compton,15,1.562346000e-02,8.275476e+01,8.275476e+01,2.944266e-08,False
compton,16,1.607974000e-02,4.305690e+01,4.305690e+01,6.129099e-08,False
compton,17,1.654935000e-02,3.929061e+01,3.929061e+01,7.509948e-09,False
compton,18,1.703267000e-02,7.305681e+01,7.305681e+01,3.947885e-08,False
compton,19,1.753010000e-02,7.682139e+01,7.682139e+01,5.728841e-08,False
compton,20,1.804206000e-02,4.554221e+01,4.554221e+01,1.826752e-08,False
compton,21,1.856897000e-02,7.727867e+01,7.727867e+01,5.167662e-08,False
compton,22,1.911128000e-02,4.742840e+01,4.742840e+01,2.838189e-08,False
compton,23,1.966942000e-02,5.179665e+01,5.179665e+01,3.973583e-08,False
compton,24,2.024385000e-02,5.741333e+01,5.741333e+01,2.405559e-08,False
compton,25,2.083507000e-02,8.285251e+01,8.285251e+01,5.543808e-08,False
compton,26,2.144355000e-02,6.471185e+01,6.471185e+01,3.585173e-08,False
compton,27,2.206981000e-02,6.958244e+01,6.958244e+01,6.381338e-08,False
compton,28,2.271435000e-02,5.305421e+01,5.305421e+01,1.182087e-08,False
compton,29,2.337771000e-02,6.229786e+01,6.229786e+01,7.691179e-08,False
compton,30,2.406045000e-02,7.017041e+01,7.017041e+01,3.190252e-08,False
compton,31,2.476313000e-02,5.771847e+01,5.771847e+01,5.979245e-09,False
compton,32,2.548633000e-02,6.174657e+01,6.174657e+01,5.444917e-08,False
compton,33,2.623065000e-02,6.727475e+01,6.727475e+01,5.317030e-08,False
compton,34,2.699671000e-02,6.721991e+01,6.721991e+01,1.188026e-08,False
compton,35,2.778514000e-02,7.631003e+01,7.631003e+01,5.698280e-09,False
compton,36,2.859660000e-02,6.605977e+01,6.605977e+01,5.128783e-08,False
compton,37,2.943175000e-02,6.618275e+01,6.618275e+01,5.285894e-08,False
compton,38,3.029130000e-02,8.553112e+01,8.553112e+01,2.720692e-08,False
compton,39,3.117595000e-02,8.753046e+01,8.753046e+01,1.541118e-08,False
compton,40,3.208643000e-02,7.711615e+01,7.711615e+01,5.639449e-08,False
compton,41,3.302351000e-02,9.851649e+01,9.851649e+01,1.111072e-08,False
compton,42,3.398795000e-02,8.488008e+01,8.488008e+01,2.977788e-08,False
compton,43,3.498056000e-02,1.043615e+02,1.043615e+02,1.147465e-08,False
compton,44,3.600215000e-02,9.304003e+01,9.304003e+01,3.624629e-08,False
compton,45,3.705359000e-02,8.460380e+01,8.460380e+01,3.768282e-08,False
compton,46,3.813573000e-02,1.107344e+02,1.107344e+02,1.704117e-07,False
compton,47,3.924947000e-02,8.373016e+01,8.373016e+01,4.196582e-08,False
compton,48,4.039574000e-02,8.445544e+01,8.445544e+01,3.639487e-08,False
compton,49,4.157548000e-02,9.500222e+01,9.500222e+01,3.022846e-09,False
compton,50,4.278968000e-02,8.548657e+01,8.548657e+01,5.184776e-08,False
compton,51,4.403934000e-02,1.033597e+02,1.033597e+02,4.632438e-07,True
compton,52,4.532550000e-02,1.077641e+02,1.077641e+02,4.199264e-07,False
compton,53,4.664922000e-02,1.032625e+02,1.032625e+02,4.293517e-07,False
compton,54,4.801159000e-02,1.002560e+02,1.002560e+02,2.389095e-07,False
compton,55,4.941376000e-02,1.128784e+02,1.128784e+02,1.900425e-07,False
compton,56,5.085687000e-02,1.019417e+02,1.019417e+02,1.916264e-07,False
compton,57,5.234213000e-02,9.849758e+01,9.849758e+01,9.141411e-10,False
compton,58,5.387077000e-02,1.083863e+02,1.083863e+02,2.514549e-07,False
compton,59,5.544405000e-02,1.077478e+02,1.077478e+02,4.449175e-09,False
compton,60,5.706328000e-02,1.106948e+02,1.106948e+02,4.246106e-07,False
compton,61,5.872979000e-02,9.226262e+01,9.226262e+01,1.005433e-08,False
compton,62,6.044498000e-02,1.250317e+02,1.250317e+02,2.049288e-07,False
compton,63,6.221026000e-02,1.172230e+02,1.172230e+02,3.336123e-07,False
compton,64,6.402709000e-02,1.040606e+02,1.040606e+02,4.201982e-07,False
compton,65,6.589698000e-02,1.234863e+02,1.234863e+02,1.395148e-07,False
compton,66,6.782148000e-02,1.204973e+02,1.204973e+02,1.826015e-07,False
compton,67,6.980219000e-02,1.213786e+02,1.213786e+02,2.173062e-07,False
compton,68,7.184074000e-02,1.256222e+02,1.256222e+02,3.209191e-07,False
compton,69,7.393883000e-02,1.167379e+02,1.167379e+02,2.783241e-07,False
compton,70,7.609819000e-02,1.070130e+02,1.070130e+02,1.433886e-07,False
compton,71,7.832062000e-02,1.214022e+02,1.214022e+02,2.422032e-07,False
compton,72,8.060795000e-02,1.129258e+02,1.129258e+02,2.804832e-07,False
compton,73,8.296208000e-02,1.243679e+02,1.243679e+02,5.210365e-08,False
compton,74,8.538496000e-02,1.326997e+02,1.326997e+02,1.363967e-07,False
compton,75,8.787861000e-02,1.262713e+02,1.262713e+02,1.998879e-07,False
compton,76,9.044507000e-02,1.312649e+02,1.312649e+02,2.362296e-07,False
compton,77,9.308650000e-02,1.207771e+02,1.207771e+02,1.771488e-07,False
compton,78,9.580506000e-02,1.357704e+02,1.357704e+02,1.821434e-07,False
compton,79,9.860302000e-02,1.377292e+02,1.377292e+02,1.913818e-07,False
compton,80,1.014827000e-01,1.326606e+02,1.326606e+02,2.848089e-07,False
compton,81,1.044465000e-01,1.295663e+02,1.295663e+02,2.787992e-07,False
compton,82,1.074968000e-01,1.379297e+02,1.379297e+02,1.835644e-07,False
compton,83,1.106362000e-01,1.275363e+02,1.275363e+02,1.345941e-07,False
compton,84,1.138673000e-01,1.472368e+02,1.472368e+02,3.179825e-07,False
compton,85,1.171928000e-01,1.425189e+02,1.425189e+02,3.459411e-07,False
compton,86,1.206153000e-01,1.337531e+02,1.337531e+02,8.639946e-08,False
compton,87,1.241379000e-01,1.420981e+02,1.420981e+02,8.711691e-08,False
compton,88,1.277633000e-01,1.511753e+02,1.511753e+02,6.238892e-09,False
compton,89,1.314946000e-01,1.545590e+02,1.545590e+02,5.366651e-08,False
compton,90,1.353348000e-01,1.434625e+02,1.434625e+02,2.167762e-07,False
compton,91,1.392873000e-01,1.417074e+02,1.417074e+02,6.819656e-08,False
compton,92,1.433551000e-01,1.382629e+02,1.382629e+02,2.540295e-08,False
compton,93,1.475417000e-01,1.573658e+02,1.573658e+02,3.166207e-07,False
compton,94,1.518507000e-01,1.545691e+02,1.545691e+02,3.043516e-07,False
compton,95,1.562854000e-01,1.570989e+02,1.570989e+02,1.478236e-07,False
compton,96,1.608497000e-01,1.523813e+02,1.523813e+02,5.522926e-08,False
compton,97,1.655472000e-01,1.615416e+02,1.615416e+02,2.132567e-07,False
compton,98,1.703820000e-01,1.681203e+02,1.681203e+02,2.436667e-07,False
compton,99,1.753580000e-01,1.697011e+02,1.697011e+02,9.036505e-08,False
compton,100,1.804792000e-01,1.714888e+02,1.714888e+02,2.171769e-07,False
compton,101,1.857501000e-01,1.756427e+02,1.756427e+02,3.340843e-08,False
compton,102,1.911749000e-01,1.706232e+02,1.706232e+02,1.849533e-07,False
compton,103,1.967581000e-01,1.732997e+02,1.732997e+02,1.354056e-07,False
compton,104,2.025043000e-01,1.718381e+02,1.718381e+02,1.024712e-07,False
compton,105,2.084184000e-01,1.701737e+02,1.701737e+02,1.680037e-07,False
compton,106,2.145052000e-01,1.800157e+02,1.800157e+02,2.306177e-07,False
compton,107,2.207698000e-01,1.723670e+02,1.723670e+02,4.882433e-08,False
compton,108,2.272173000e-01,1.885051e+02,1.885051e+02,1.438091e-07,False
compton,109,2.338531000e-01,1.857493e+02,1.857493e+02,1.111254e-07,False
compton,110,2.406827000e-01,1.850464e+02,1.850464e+02,1.420712e-07,False
compton,111,2.477118000e-01,1.827089e+02,1.827089e+02,1.450686e-07,False
compton,112,2.549461000e-01,1.986106e+02,1.986106e+02,1.146006e-07,False
compton,113,2.623918000e-01,1.942345e+02,1.942345e+02,1.218919e-07,False
compton,114,2.700548000e-01,1.954496e+02,1.954496e+02,1.625795e-07,False
compton,115,2.779417000e-01,2.059001e+02,2.059001e+02,8.635997e-08,False
compton,116,2.860589000e-01,2.031806e+02,2.031806e+02,7.889421e-08,False
compton,117,2.944132000e-01,1.984871e+02,1.984871e+02,2.071179e-07,False
compton,118,3.030114000e-01,2.023687e+02,2.023687e+02,7.530016e-08,False
compton,119,3.118608000e-01,2.056287e+02,2.056287e+02,2.351612e-07,False
compton,120,3.209686000e-01,2.093813e+02,2.093813e+02,2.311441e-07,False
compton,121,3.303424000e-01,2.062244e+02,2.062244e+02,2.511426e-08,False
compton,122,3.399899000e-01,2.131116e+02,2.131116e+02,1.658060e-07,False
compton,123,3.499192000e-01,2.109861e+02,2.109861e+02,2.289119e-07,False
compton,124,3.601385000e-01,2.153024e+02,2.153024e+02,5.693258e-08,False
compton,125,3.706563000e-01,2.158499e+02,2.158499e+02,1.129271e-07,False
compton,126,3.814812000e-01,2.148461e+02,2.148461e+02,1.535967e-07,False
compton,127,3.926222000e-01,2.117794e+02,2.117794e+02,8.402990e-08,False
compton,128,4.040886000e-01,2.189841e+02,2.189841e+02,2.591768e-08,False
compton,129,4.158899000e-01,2.239930e+02,2.239930e+02,2.202547e-07,False
compton,130,4.280359000e-01,2.251821e+02,2.251821e+02,1.232666e-07,False
compton,131,4.405365000e-01,2.250675e+02,2.250675e+02,1.063355e-07,False
compton,132,4.534023000e-01,2.338522e+02,2.338522e+02,8.755917e-08,False
compton,133,4.666437000e-01,2.345305e+02,2.345305e+02,1.311248e-07,False
compton,134,4.802719000e-01,2.324804e+02,2.324804e+02,1.218654e-07,False
compton,135,4.942981000e-01,2.277583e+02,2.277583e+02,1.487679e-07,False
compton,136,5.087340000e-01,2.376224e+02,2.376224e+02,1.696377e-07,False
compton,137,5.235914000e-01,2.418443e+02,2.418443e+02,1.377439e-07,False
compton,138,5.388827000e-01,2.452985e+02,2.452985e+02,1.951401e-07,False
compton,139,5.546206000e-01,2.470270e+02,2.470270e+02,1.197742e-07,False
compton,140,5.708182000e-01,2.371558e+02,2.371558e+02,1.056543e-07,False
compton,141,5.874888000e-01,2.440220e+02,2.440220e+02,1.723258e-07,False
compton,142,6.046462000e-01,2.432732e+02,2.432732e+02,1.952569e-07,False
compton,143,6.223047000e-01,2.457695e+02,2.457695e+02,1.028798e-07,False
compton,144,6.404789000e-01,2.493059e+02,2.493059e+02,7.212012e-08,False
compton,145,6.591839000e-01,2.532517e+02,2.532517e+02,1.282687e-07,False
compton,146,6.784352000e-01,2.473786e+02,2.473786e+02,1.200778e-07,False
compton,147,6.982487000e-01,2.501343e+02,2.501343e+02,1.543884e-08,False
compton,148,7.186409000e-01,2.594318e+02,2.594318e+02,7.128646e-08,False
compton,149,7.396286000e-01,2.561759e+02,2.561759e+02,3.387370e-08,False
compton,150,7.612292000e-01,2.599083e+02,2.599083e+02,1.855482e-07,False
compton,151,7.834607000e-01,2.615280e+02,2.615280e+02,9.112144e-08,False
compton,152,8.063414000e-01,2.661800e+02,2.661800e+02,1.357181e-08,False
compton,153,8.298904000e-01,2.612576e+02,2.612576e+02,4.007087e-08,False
compton,154,8.541271000e-01,2.692088e+02,2.692088e+02,9.300549e-08,False
compton,155,8.790716000e-01,2.639775e+02,2.639775e+02,3.182368e-08,False
compton,156,9.047446000e-01,2.680965e+02,2.680965e+02,1.806029e-07,False
compton,157,9.311674000e-01,2.720495e+02,2.720495e+02,1.148796e-07,False
compton,158,9.583619000e-01,2.670205e+02,2.670205e+02,1.711415e-07,False
compton,159,9.863506000e-01,2.721111e+02,2.721111e+02,1.549255e-07,False
compton,160,1.015157000e+00,2.776815e+02,2.776815e+02,3.487450e-08,False
compton,161,1.044804000e+00,2.760937e+02,2.760937e+02,1.660141e-07,False
compton,162,1.075317000e+00,2.787607e+02,2.787607e+02,1.580587e-07,False
compton,163,1.106722000e+00,2.774830e+02,2.774830e+02,1.202889e-07,False
compton,164,1.139043000e+00,2.797988e+02,2.797988e+02,1.444418e-07,False
compton,165,1.172308000e+00,2.831606e+02,2.831606e+02,3.014260e-08,False
compton,166,1.206545000e+00,2.827452e+02,2.827452e+02,4.725279e-08,False
compton,167,1.241782000e+00,2.816927e+02,2.816927e+02,1.650515e-07,False
compton,168,1.278048000e+00,2.895243e+02,2.895243e+02,9.373359e-08,False
compton,169,1.315373000e+00,2.875902e+02,2.875902e+02,3.743162e-08,False
compton,170,1.353788000e+00,2.895507e+02,2.895507e+02,1.290915e-07,False
compton,171,1.393325000e+00,2.910943e+02,2.910943e+02,9.006367e-08,False
compton,172,1.434017000e+00,2.922886e+02,2.922886e+02,3.378741e-08,False
compton,173,1.475897000e+00,2.934428e+02,2.934428e+02,1.250412e-08,False
compton,174,1.519000000e+00,2.947431e+02,2.947431e+02,4.415805e-09,False
compton,175,1.563362000e+00,2.972395e+02,2.972395e+02,1.422786e-07,False
compton,176,1.609019000e+00,2.948320e+02,2.948320e+02,8.399912e-08,False
compton,177,1.656010000e+00,2.997236e+02,2.997236e+02,1.324100e-07,False
compton,178,1.704374000e+00,2.997777e+02,2.997777e+02,1.074619e-07,False
compton,179,1.754149000e+00,2.966133e+02,2.966133e+02,1.398068e-07,False
compton,180,1.805379000e+00,3.030298e+02,3.030298e+02,1.226492e-07,False
compton,181,1.858104000e+00,3.048694e+02,3.048694e+02,5.160797e-08,False
compton,182,1.912370000e+00,3.052381e+02,3.052381e+02,9.511754e-08,False
compton,183,1.968220000e+00,3.034270e+02,3.034270e+02,9.790933e-08,False
compton,184,2.025701000e+00,3.025272e+02,3.025272e+02,1.479908e-07,False
compton,185,2.084861000e+00,3.033674e+02,3.033674e+02,4.686118e-08,False
compton,186,2.145749000e+00,3.095263e+02,3.095263e+02,1.192786e-07,False
compton,187,2.208415000e+00,3.053948e+02,3.053948e+02,1.463409e-07,False
compton,188,2.272911000e+00,3.090980e+02,3.090980e+02,1.162485e-07,False
compton,189,2.339291000e+00,3.101145e+02,3.101145e+02,1.686159e-08,False
compton,190,2.407609000e+00,3.128789e+02,3.128789e+02,7.259247e-08,False
compton,191,2.477923000e+00,3.110636e+02,3.110636e+02,3.861450e-08,False
compton,192,2.550290000e+00,3.148533e+02,3.148533e+02,5.912009e-08,False
compton,193,2.624770000e+00,3.148096e+02,3.148096e+02,1.303251e-07,False
compton,194,2.701426000e+00,3.218618e+02,3.218618e+02,3.987733e-09,False
compton,195,2.780320000e+00,3.151580e+02,3.151580e+02,4.500483e-08,False
compton,196,2.861519000e+00,3.176707e+02,3.176707e+02,9.556804e-08,False
compton,197,2.945088000e+00,3.205195e+02,3.205195e+02,1.162544e-07,False
compton,198,3.031099000e+00,3.191593e+02,3.191593e+02,1.349282e-07,False
compton,199,3.119621000e+00,3.202369e+02,3.202369e+02,6.234071e-08,False
compton,200,3.210729000e+00,3.228515e+02,3.228515e+02,4.946001e-08,False
compton,201,3.304497000e+00,3.201474e+02,3.201474e+02,2.655901e-08,False
compton,202,3.401004000e+00,3.241239e+02,3.241239e+02,3.554450e-08,False
compton,203,3.500329000e+00,3.256118e+02,3.256118e+02,3.956528e-08,False
compton,204,3.602555000e+00,3.246951e+02,3.246951e+02,3.182246e-08,False
compton,205,3.707767000e+00,3.231933e+02,3.231933e+02,1.134192e-07,False
compton,206,3.816051000e+00,3.261955e+02,3.261955e+02,4.992569e-08,False
compton,207,3.927498000e+00,3.304922e+02,3.304922e+02,1.158238e-07,False
compton,208,4.042199000e+00,3.275407e+02,3.275407e+02,7.726559e-09,False
compton,209,4.160251000e+00,3.296923e+02,3.296923e+02,1.072675e-08,False
compton,210,4.281750000e+00,3.300225e+02,3.300225e+02,6.531313e-08,False
compton,211,4.406797000e+00,3.296451e+02,3.296451e+02,1.056449e-07,False
compton,212,4.535496000e+00,3.310270e+02,3.310270e+02,1.011880e-07,False
compton,213,4.667954000e+00,3.306627e+02,3.306627e+02,1.075387e-07,False
compton,214,4.804280000e+00,3.339262e+02,3.339262e+02,7.694785e-08,False
compton,215,4.944588000e+00,3.353390e+02,3.353390e+02,1.432715e-07,False
compton,216,5.088993000e+00,3.363293e+02,3.363293e+02,1.338896e-07,False
compton,217,5.237615000e+00,3.343898e+02,3.343898e+02,1.057210e-07,False
compton,218,5.390578000e+00,3.326326e+02,3.326326e+02,4.086717e-08,False
compton,219,5.548009000e+00,3.355276e+02,3.355276e+02,5.644943e-08,False
compton,220,5.710037000e+00,3.333097e+02,3.333097e+02,4.602884e-08,False
compton,221,5.876797000e+00,3.362786e+02,3.362786e+02,7.500606e-08,False
compton,222,6.048427000e+00,3.382628e+02,3.382628e+02,1.002797e-07,False
compton,223,6.225069000e+00,3.379308e+02,3.379308e+02,6.912244e-08,False
compton,224,6.406871000e+00,3.378139e+02,3.378139e+02,1.932556e-08,False
compton,225,6.593981000e+00,3.382668e+02,3.382668e+02,4.374674e-08,False
compton,226,6.786557000e+00,3.388045e+02,3.388045e+02,2.204566e-08,False
compton,227,6.984756000e+00,3.366867e+02,3.366867e+02,6.604169e-09,False
compton,228,7.188744000e+00,3.393202e+02,3.393202e+02,1.044297e-07,False
compton,229,7.398689000e+00,3.382690e+02,3.382690e+02,9.576665e-08,False
compton,230,7.614765000e+00,3.365984e+02,3.365984e+02,1.311424e-07,False
compton,231,7.837152000e+00,3.399091e+02,3.399091e+02,2.426563e-08,False
compton,232,8.066034000e+00,3.408380e+02,3.408380e+02,3.208061e-08,False
compton,233,8.301600000e+00,3.383694e+02,3.383694e+02,1.105278e-07,False
compton,234,8.544046000e+00,3.411010e+02,3.411010e+02,8.748343e-08,False
compton,235,8.793573000e+00,3.411820e+02,3.411820e+02,2.281927e-08,False
compton,236,9.050386000e+00,3.418052e+02,3.418052e+02,8.505115e-08,False
compton,237,9.314700000e+00,3.411324e+02,3.411324e+02,6.592848e-08,False
compton,238,9.586733000e+00,3.403423e+02,3.403423e+02,3.319401e-08,False
compton,239,9.866711000e+00,3.387306e+02,3.387306e+02,1.374119e-07,False
compton,240,1.015487000e+01,3.422397e+02,3.422397e+02,8.236873e-08,False
compton,241,1.045144000e+01,3.404945e+02,3.404945e+02,4.938305e-08,False
compton,242,1.075667000e+01,3.418579e+02,3.418579e+02,1.061989e-07,False
compton,243,1.107081000e+01,3.414466e+02,3.414466e+02,6.083970e-08,False
compton,244,1.139413000e+01,3.419543e+02,3.419543e+02,4.216567e-09,False
compton,245,1.172689000e+01,3.418454e+02,3.418454e+02,8.852134e-08,False
compton,246,1.206937000e+01,3.407938e+02,3.407938e+02,1.188337e-07,False
compton,247,1.242186000e+01,3.433879e+02,3.433879e+02,3.450222e-08,False
compton,248,1.278463000e+01,3.413771e+02,3.413771e+02,1.306191e-07,False
compton,249,1.315800000e+01,3.403705e+02,3.403705e+02,8.863154e-08,False
compton,250,1.354228000e+01,3.412350e+02,3.412350e+02,1.155445e-07,False
compton,251,1.393778000e+01,3.404278e+02,3.404278e+02,1.410495e-07,False
compton,252,1.434483000e+01,3.411456e+02,3.411456e+02,2.507047e-08,False
compton,253,1.476376000e+01,3.406177e+02,3.406177e+02,1.178658e-07,False
compton,254,1.519494000e+01,3.418361e+02,3.418361e+02,3.422280e-08,False
compton,255,1.563870000e+01,3.408424e+02,3.408424e+02,1.067011e-07,False
compton,256,1.609542000e+01,3.406481e+02,3.406481e+02,3.512899e-08,False
compton,257,1.656548000e+01,3.395218e+02,3.395218e+02,1.128512e-07,False
compton,258,1.704927000e+01,3.391427e+02,3.391427e+02,9.615722e-08,False
compton,259,1.754719000e+01,3.392300e+02,3.392300e+02,2.399228e-08,False
compton,260,1.805965000e+01,3.390320e+02,3.390320e+02,2.595493e-08,False
compton,261,1.858708000e+01,3.399836e+02,3.399836e+02,6.932593e-08,False
compton,262,1.912991000e+01,3.404939e+02,3.404939e+02,1.021777e-07,False
compton,263,1.968860000e+01,3.381423e+02,3.381423e+02,9.573306e-08,False
compton,264,2.026359000e+01,3.390446e+02,3.390446e+02,5.830331e-08,False
compton,265,2.085539000e+01,3.386518e+02,3.386518e+02,4.467519e-08,False
compton,266,2.146446000e+01,3.376643e+02,3.376643e+02,5.587004e-08,False
compton,267,2.209133000e+01,3.377384e+02,3.377384e+02,5.473766e-08,False
compton,268,2.273650000e+01,3.371396e+02,3.371396e+02,1.961936e-08,False
compton,269,2.340051000e+01,3.364768e+02,3.364768e+02,1.293888e-07,False
compton,270,2.408391000e+01,3.367979e+02,3.367979e+02,8.792444e-08,False
compton,271,2.478728000e+01,3.356435e+02,3.356435e+02,1.075616e-07,False
compton,272,2.551118000e+01,3.351390e+02,3.351390e+02,8.396557e-08,False
compton,273,2.625623000e+01,3.339191e+02,3.339191e+02,4.506299e-09,False
compton,274,2.702304000e+01,3.329359e+02,3.329359e+02,1.005535e-07,False
compton,275,2.781224000e+01,3.338295e+02,3.338295e+02,9.171339e-08,False
compton,276,2.862448000e+01,3.335147e+02,3.335147e+02,1.394991e-07,False
compton,277,2.946045000e+01,3.319167e+02,3.319167e+02,1.056901e-07,False
compton,278,3.032084000e+01,3.306020e+02,3.306020e+02,2.017956e-08,False
compton,279,3.120635000e+01,3.307995e+02,3.307995e+02,1.026120e-07,False
compton,280,3.211772000e+01,3.302196e+02,3.302196e+02,6.374802e-08,False
compton,281,3.305571000e+01,3.287523e+02,3.287523e+02,3.777914e-08,False
compton,282,3.402109000e+01,3.298580e+02,3.298580e+02,4.025353e-08,False
compton,283,3.501467000e+01,3.274459e+02,3.274459e+02,8.144231e-08,False
compton,284,3.603726000e+01,3.265847e+02,3.265847e+02,1.151451e-08,False
compton,285,3.708972000e+01,3.249432e+02,3.249432e+02,2.513732e-09,False
compton,286,3.817291000e+01,3.248587e+02,3.248587e+02,2.018414e-08,False
compton,287,3.928774000e+01,3.240668e+02,3.240668e+02,1.441400e-07,False
compton,288,4.043513000e+01,3.230635e+02,3.230635e+02,1.457161e-07,False
compton,289,4.161602000e+01,3.214110e+02,3.214110e+02,4.752742e-08,False
compton,290,4.283141000e+01,3.205134e+02,3.205134e+02,2.264543e-08,False
compton,291,4.408229000e+01,3.198753e+02,3.198753e+02,2.022256e-08,False
compton,292,4.536970000e+01,3.181531e+02,3.181531e+02,1.540651e-07,False
compton,293,4.669471000e+01,3.167288e+02,3.167288e+02,7.794070e-08,False
compton,294,4.805841000e+01,3.159265e+02,3.159265e+02,4.795486e-09,False
compton,295,4.946194000e+01,3.147805e+02,3.147805e+02,1.383091e-07,False
compton,296,5.090646000e+01,3.134597e+02,3.134597e+02,1.234560e-07,False
compton,297,5.239317000e+01,3.117844e+02,3.117844e+02,1.315796e-07,False
compton,298,5.392330000e+01,3.109101e+02,3.109101e+02,1.094074e-07,False
compton,299,5.549811000e+01,3.100057e+02,3.100057e+02,1.171328e-07,False
compton,300,5.711892000e+01,3.075186e+02,3.075186e+02,4.204286e-08,False
compton,301,5.878706000e+01,3.065736e+02,3.065736e+02,1.018343e-07,False
compton,302,6.050392000e+01,3.050172e+02,3.050172e+02,8.256246e-09,False
compton,303,6.227092000e+01,3.045900e+02,3.045900e+02,3.901690e-08,False
compton,304,6.408952000e+01,3.026092e+02,3.026092e+02,3.567846e-08,False
compton,305,6.596124000e+01,3.022358e+02,3.022358e+02,6.965396e-08,False
compton,306,6.788762000e+01,3.007369e+02,3.007369e+02,6.891149e-08,False
compton,307,6.987026000e+01,2.984550e+02,2.984550e+02,1.975526e-10,False
compton,308,7.191080000e+01,2.967313e+02,2.967313e+02,3.340057e-09,False
compton,309,7.401093000e+01,2.963723e+02,2.963723e+02,1.510361e-07,False
compton,310,7.617240000e+01,2.953610e+02,2.953610e+02,1.086130e-07,False
compton,311,7.839699000e+01,2.944661e+02,2.944661e+02,5.206680e-08,False
compton,312,8.068655000e+01,2.926050e+02,2.926050e+02,5.683913e-09,False
compton,313,8.304298000e+01,2.915766e+02,2.915766e+02,1.252089e-07,False
compton,314,8.546822000e+01,2.907219e+02,2.907219e+02,7.833427e-08,False
compton,315,8.796430000e+01,2.900145e+02,2.900145e+02,1.279731e-07,False
compton,316,9.053327000e+01,2.905765e+02,2.905765e+02,1.424372e-07,False
compton,317,9.317727000e+01,2.901575e+02,2.901575e+02,1.168352e-07,False
compton,318,9.589848000e+01,2.909460e+02,2.909460e+02,3.066980e-08,False
compton,319,9.869917000e+01,2.908334e+02,2.908334e+02,1.334268e-07,False
compton,320,1.015817000e+02,2.915205e+02,2.915205e+02,3.858054e-09,False
compton,321,1.045483000e+02,2.931956e+02,2.931956e+02,8.436655e-08,False
compton,322,1.076016000e+02,2.952702e+02,2.952702e+02,1.476881e-08,False
compton,323,1.107441000e+02,2.977972e+02,2.977972e+02,1.192160e-07,False
compton,324,1.139783000e+02,3.008146e+02,3.008146e+02,1.073372e-07,False
compton,325,1.173070000e+02,2.881185e+02,2.881185e+02,1.065748e-07,False
compton,326,1.207330000e+02,2.634312e+02,2.634312e+02,1.518958e-07,False
compton,327,1.242589000e+02,2.652571e+02,2.652571e+02,1.196930e-07,False
compton,328,1.278879000e+02,2.662034e+02,2.662034e+02,1.728156e-07,False
compton,329,1.316228000e+02,2.681390e+02,2.681390e+02,1.015328e-08,False
compton,330,1.354668000e+02,2.714608e+02,2.714608e+02,1.559208e-07,False
compton,331,1.394231000e+02,2.751500e+02,2.751500e+02,6.962058e-08,False
compton,332,1.434949000e+02,2.796495e+02,2.796495e+02,8.418391e-08,False
compton,333,1.476856000e+02,2.854649e+02,2.854649e+02,6.165797e-08,False
compton,334,1.519987000e+02,2.927387e+02,2.927387e+02,1.465758e-07,False
compton,335,1.564378000e+02,2.948235e+02,2.948235e+02,1.272699e-07,False
compton,336,1.610065000e+02,2.346897e+02,2.346897e+02,1.018388e-08,False
compton,337,1.657087000e+02,2.378343e+02,2.378343e+02,1.715847e-07,False
compton,338,1.705481000e+02,2.421303e+02,2.421303e+02,1.897949e-07,False
compton,339,1.755290000e+02,2.475443e+02,2.475443e+02,1.670576e-07,False
compton,340,1.806552000e+02,2.549672e+02,2.549672e+02,1.712005e-09,False
compton,341,1.859312000e+02,2.639772e+02,2.639772e+02,1.140116e-08,False
compton,342,1.913613000e+02,2.651178e+02,2.651178e+02,5.262375e-08,False
compton,343,1.969499000e+02,2.486087e+02,2.486087e+02,1.637435e-07,False
compton,344,2.027018000e+02,2.272528e+02,2.272528e+02,1.304644e-07,False
compton,345,2.086216000e+02,1.559750e+02,1.559750e+02,2.162293e-07,False
compton,346,2.147144000e+02,1.556333e+02,1.556333e+02,1.872541e-08,False
compton,347,2.209850000e+02,1.553162e+02,1.553162e+02,8.722351e-08,False
compton,348,2.274388000e+02,1.552455e+02,1.552455e+02,9.367888e-08,False
compton,349,2.340811000e+02,1.549749e+02,1.549749e+02,1.993525e-07,False
compton,350,2.409174000e+02,1.547427e+02,1.547427e+02,2.876907e-07,False
compton,351,2.479533000e+02,1.549049e+02,1.549049e+02,2.877686e-07,False
compton,352,2.551947000e+02,1.552102e+02,1.552102e+02,6.866730e-08,False
compton,353,2.626476000e+02,1.549490e+02,1.549490e+02,2.380163e-07,False
compton,354,2.703182000e+02,1.549505e+02,1.549505e+02,1.259324e-08,False
compton,355,2.782127000e+02,1.561720e+02,1.561720e+02,2.470600e-07,False
compton,356,2.863378000e+02,1.561996e+02,1.561996e+02,1.404050e-07,False
compton,357,2.947003000e+02,1.570419e+02,1.570419e+02,3.015427e-08,False
compton,358,3.033069000e+02,1.586296e+02,1.586296e+02,6.313851e-08,False
compton,359,3.121649000e+02,1.603081e+02,1.603081e+02,2.439439e-07,False
compton,360,3.212816000e+02,1.626094e+02,1.626094e+02,7.918777e-08,False
compton,361,3.306645000e+02,1.651838e+02,1.651838e+02,1.309501e-07,False
compton,362,3.403215000e+02,1.626597e+02,1.626597e+02,2.416596e-07,False
compton,363,3.502605000e+02,1.585914e+02,1.585914e+02,3.083095e-07,False
compton,364,3.604897000e+02,1.619917e+02,1.619917e+02,6.100687e-08,False
compton,365,3.710177000e+02,1.663901e+02,1.663901e+02,2.186133e-07,False
compton,366,3.818532000e+02,1.726160e+02,1.726160e+02,1.675670e-07,False
compton,367,3.930051000e+02,1.799632e+02,1.799632e+02,4.838894e-08,False
compton,368,4.044827000e+02,1.730113e+02,1.730113e+02,1.354793e-07,False
compton,369,4.162955000e+02,1.557958e+02,1.557958e+02,2.058567e-07,False
compton,370,4.284533000e+02,1.379476e+02,1.379476e+02,1.143231e-07,False
compton,371,4.409661000e+02,1.070182e+02,1.070182e+02,2.661328e-07,False
compton,372,4.538444000e+02,1.071444e+02,1.071444e+02,4.059752e-07,False
compton,373,4.670988000e+02,1.068035e+02,1.068035e+02,3.364393e-07,False
compton,374,4.807403000e+02,1.071081e+02,1.071081e+02,3.898067e-07,False
compton,375,4.947801000e+02,1.075185e+02,1.075185e+02,3.259015e-07,False
compton,376,5.092301000e+02,1.076995e+02,1.076995e+02,4.313490e-08,False
compton,377,5.241020000e+02,1.079482e+02,1.079482e+02,3.374123e-07,False
compton,378,5.394082000e+02,1.083420e+02,1.083420e+02,3.526517e-07,False
compton,379,5.551615000e+02,1.086444e+02,1.086444e+02,2.940895e-07,False
compton,380,5.713748000e+02,1.097632e+02,1.097632e+02,2.758810e-07,False
compton,381,5.880616000e+02,1.103883e+02,1.103883e+02,5.616983e-08,False
compton,382,6.052358000e+02,1.116052e+02,1.116052e+02,2.097589e-07,False
compton,383,6.229115000e+02,1.134060e+02,1.134060e+02,2.660777e-07,False
compton,384,6.411035000e+02,1.155114e+02,1.155114e+02,2.555631e-08,False
compton,385,6.598267000e+02,1.171774e+02,1.171774e+02,2.492923e-07,False
compton,386,6.790968000e+02,1.178071e+02,1.178071e+02,2.970460e-07,False
compton,387,6.989296000e+02,1.215960e+02,1.215960e+02,1.850223e-07,False
compton,388,7.193416000e+02,1.090769e+02,1.090769e+02,1.282851e-07,False
compton,389,7.403498000e+02,1.091354e+02,1.091354e+02,2.145461e-07,False
compton,390,7.619715000e+02,1.087030e+02,1.087030e+02,3.241371e-07,False
compton,391,7.842246000e+02,1.033801e+02,1.033801e+02,2.103940e-07,False
compton,392,8.071277000e+02,1.049163e+02,1.049163e+02,1.914311e-07,False
compton,393,8.306996000e+02,1.074898e+02,1.074898e+02,6.635639e-08,False
compton,394,8.549600000e+02,1.099992e+02,1.099992e+02,4.412092e-07,False
compton,395,8.799288000e+02,1.137932e+02,1.137932e+02,1.663264e-07,False
compton,396,9.056269000e+02,1.161491e+02,1.161491e+02,7.835793e-08,False
compton,397,9.320754000e+02,1.141453e+02,1.141453e+02,1.213142e-07,False
compton,398,9.592964000e+02,1.189287e+02,1.189287e+02,4.180537e-07,False
compton,399,9.873124000e+02,1.249425e+02,1.249425e+02,3.540170e-07,False
compton,400,1.016147000e+03,1.320932e+02,1.320932e+02,2.969735e-07,False
compton,401,1.045823000e+03,1.391505e+02,1.391505e+02,1.453998e-07,False
compton,402,1.076366000e+03,1.510395e+02,1.510395e+02,2.721278e-07,False
compton,403,1.107801000e+03,1.670874e+02,1.670874e+02,2.699483e-07,False
compton,404,1.140154000e+03,1.884574e+02,1.884574e+02,9.769902e-08,False
compton,405,1.173452000e+03,2.192066e+02,2.192066e+02,1.350562e-07,False
compton,406,1.207722000e+03,2.645556e+02,2.645556e+02,1.534550e-07,False
compton,407,1.242993000e+03,1.608447e+02,1.608447e+02,1.641146e-07,False
compton,408,1.279294000e+03,3.728199e+00,3.728199e+00,1.045791e-07,False
compton,409,1.316656000e+03,3.912531e+00,3.912531e+00,7.529096e-08,False
compton,410,1.355108000e+03,4.149298e+00,4.149298e+00,4.467005e-08,False
compton,411,1.394684000e+03,4.464973e+00,4.464973e+00,7.562243e-09,False
compton,412,1.435415000e+03,4.912125e+00,4.912125e+00,8.775294e-08,False
compton,413,1.477336000e+03,5.556022e+00,5.556022e+00,1.487945e-08,False
compton,414,1.520481000e+03,6.415415e+00,6.415415e+00,2.009090e-08,False
compton,415,1.564886000e+03,2.107696e+00,2.107696e+00,1.017689e-07,False
compton,416,1.610588000e+03,2.181494e+00,2.181494e+00,1.276223e-07,False
compton,417,1.657625000e+03,2.270220e+00,2.270220e+00,2.303675e-08,False
compton,418,1.706036000e+03,2.377536e+00,2.377536e+00,5.781265e-08,False
compton,419,1.755860000e+03,2.516366e+00,2.516366e+00,1.272010e-07,False
compton,420,1.807139000e+03,2.687247e+00,2.687247e+00,1.795121e-07,False
compton,421,1.859916000e+03,2.925812e+00,2.925812e+00,7.281930e-08,False
compton,422,1.914235000e+03,3.252836e+00,3.252836e+00,6.837348e-08,False
compton,423,1.970139000e+03,3.181967e+00,3.181967e+00,1.110660e-07,False
compton,424,2.027677000e+03,2.712912e+00,2.712912e+00,1.927138e-08,False
compton,425,2.086894000e+03,3.021640e+00,3.021640e+00,6.107304e-08,False
compton,426,2.147841000e+03,3.439336e+00,3.439336e+00,1.404452e-07,False
compton,427,2.210569000e+03,4.052294e+00,4.052294e+00,6.550848e-08,False
compton,428,2.275128000e+03,4.988528e+00,4.988528e+00,3.580823e-08,False
compton,429,2.341572000e+03,6.607068e+00,6.607068e+00,2.875037e-08,False
compton,430,2.409957000e+03,7.165618e-01,7.165618e-01,2.466705e-08,False
compton,431,2.480339000e+03,0.000000e+00,0.000000e+00,0.000000e+00,False
compton,432,2.552777000e+03,0.000000e+00,0.000000e+00,0.000000e+00,False
compton,433,2.627330000e+03,0.000000e+00,0.000000e+00,0.000000e+00,False
compton,434,2.704060000e+03,0.000000e+00,0.000000e+00,0.000000e+00,False
compton,435,2.783031000e+03,0.000000e+00,0.000000e+00,0.000000e+00,False
compton,436,2.864309000e+03,0.000000e+00,0.000000e+00,0.000000e+00,False
compton,437,2.947960000e+03,0.000000e+00,0.000000e+00,0.000000e+00,False
compton,438,3.034055000e+03,0.000000e+00,0.000000e+00,0.000000e+00,False
compton,439,3.122663000e+03,0.000000e+00,0.000000e+00,0.000000e+00,False
compton,440,3.213860000e+03,0.000000e+00,0.000000e+00,0.000000e+00,False
compton,441,3.307719000e+03,0.000000e+00,0.000000e+00,0.000000e+00,False
compton,442,3.404320000e+03,0.000000e+00,0.000000e+00,0.000000e+00,False
compton,443,3.503743000e+03,0.000000e+00,0.000000e+00,0.000000e+00,False
compton,444,3.606068000e+03,0.000000e+00,0.000000e+00,0.000000e+00,False
compton,445,3.711383000e+03,0.000000e+00,0.000000e+00,0.000000e+00,False
compton,446,3.819772000e+03,0.000000e+00,0.000000e+00,0.000000e+00,False
compton,447,3.931328000e+03,0.000000e+00,0.000000e+00,0.000000e+00,False
compton,448,4.046141000e+03,0.000000e+00,0.000000e+00,0.000000e+00,False
compton,449,4.164307000e+03,0.000000e+00,0.000000e+00,0.000000e+00,False
compton,450,4.285925000e+03,0.000000e+00,0.000000e+00,0.000000e+00,False
compton,451,4.411094000e+03,0.000000e+00,0.000000e+00,0.000000e+00,False
compton,452,4.539919000e+03,0.000000e+00,0.000000e+00,0.000000e+00,False
compton,453,4.672506000e+03,0.000000e+00,0.000000e+00,0.000000e+00,False
compton,454,4.808965000e+03,0.000000e+00,0.000000e+00,0.000000e+00,False
compton,455,4.949409000e+03,0.000000e+00,0.000000e+00,0.000000e+00,False
compton,456,5.093955000e+03,0.000000e+00,0.000000e+00,0.000000e+00,False
compton,457,5.242723000e+03,0.000000e+00,0.000000e+00,0.000000e+00,False
compton,458,5.395835000e+03,0.000000e+00,0.000000e+00,0.000000e+00,False
compton,459,5.553419000e+03,0.000000e+00,0.000000e+00,0.000000e+00,False
compton,460,5.715605000e+03,0.000000e+00,0.000000e+00,0.000000e+00,False
compton,461,5.882527000e+03,0.000000e+00,0.000000e+00,0.000000e+00,False
compton,462,6.054325000e+03,0.000000e+00,0.000000e+00,0.000000e+00,False
compton,463,6.231139000e+03,0.000000e+00,0.000000e+00,0.000000e+00,False
compton,464,6.413118000e+03,0.000000e+00,0.000000e+00,0.000000e+00,False
compton,465,6.600411000e+03,0.000000e+00,0.000000e+00,0.000000e+00,False
compton,466,6.793174000e+03,0.000000e+00,0.000000e+00,0.000000e+00,False
compton,467,6.991567000e+03,0.000000e+00,0.000000e+00,0.000000e+00,False
compton,468,7.195754000e+03,0.000000e+00,0.000000e+00,0.000000e+00,False
compton,469,7.405904000e+03,0.000000e+00,0.000000e+00,0.000000e+00,False
compton,470,7.622191000e+03,0.000000e+00,0.000000e+00,0.000000e+00,False
compton,471,7.844795000e+03,0.000000e+00,0.000000e+00,0.000000e+00,False
compton,472,8.073900000e+03,0.000000e+00,0.000000e+00,0.000000e+00,False
compton,473,8.309695000e+03,0.000000e+00,0.000000e+00,0.000000e+00,False
compton,474,8.552378000e+03,0.000000e+00,0.000000e+00,0.000000e+00,False
compton,475,8.802147000e+03,0.000000e+00,0.000000e+00,0.000000e+00,False
compton,476,9.059211000e+03,0.000000e+00,0.000000e+00,0.000000e+00,False
compton,477,9.323783000e+03,0.000000e+00,0.000000e+00,0.000000e+00,False
compton,478,9.596081000e+03,0.000000e+00,0.000000e+00,0.000000e+00,False
compton,479,9.876332000e+03,0.000000e+00,0.000000e+00,0.000000e+00,False
compton,480,1.016477000e+04,0.000000e+00,0.000000e+00,0.000000e+00,False
compton,481,1.046163000e+04,0.000000e+00,0.000000e+00,0.000000e+00,False
compton,482,1.076716000e+04,0.000000e+00,0.000000e+00,0.000000e+00,False
compton,483,1.108161000e+04,0.000000e+00,0.000000e+00,0.000000e+00,False
compton,484,1.140524000e+04,0.000000e+00,0.000000e+00,0.000000e+00,False
compton,485,1.173833000e+04,0.000000e+00,0.000000e+00,0.000000e+00,False
compton,486,1.208114000e+04,0.000000e+00,0.000000e+00,0.000000e+00,False
compton,487,1.243397000e+04,0.000000e+00,0.000000e+00,0.000000e+00,False
compton,488,1.279710000e+04,0.000000e+00,0.000000e+00,0.000000e+00,False
compton,489,1.317084000e+04,0.000000e+00,0.000000e+00,0.000000e+00,False
compton,490,1.355549000e+04,0.000000e+00,0.000000e+00,0.000000e+00,False
compton,491,1.395137000e+04,0.000000e+00,0.000000e+00,0.000000e+00,False
compton,492,1.435882000e+04,0.000000e+00,0.000000e+00,0.000000e+00,False
compton,493,1.477816000e+04,0.000000e+00,0.000000e+00,0.000000e+00,False
compton,494,1.520975000e+04,0.000000e+00,0.000000e+00,0.000000e+00,False
compton,495,1.565395000e+04,0.000000e+00,0.000000e+00,0.000000e+00,False
compton,496,1.611112000e+04,0.000000e+00,0.000000e+00,0.000000e+00,False
compton,497,1.658164000e+04,0.000000e+00,0.000000e+00,0.000000e+00,False
compton,498,1.706590000e+04,0.000000e+00,0.000000e+00,0.000000e+00,False
compton,499,1.756430000e+04,0.000000e+00,0.000000e+00,0.000000e+00,False
compton,500,1.807727000e+04,0.000000e+00,0.000000e+00,0.000000e+00,False
compton,501,1.860521000e+04,0.000000e+00,0.000000e+00,0.000000e+00,False
compton,502,1.914857000e+04,0.000000e+00,0.000000e+00,0.000000e+00,False
compton,503,1.970779000e+04,0.000000e+00,0.000000e+00,0.000000e+00,False
compton,504,2.028335000e+04,0.000000e+00,0.000000e+00,0.000000e+00,False
compton,505,2.087572000e+04,0.000000e+00,0.000000e+00,0.000000e+00,False
compton,506,2.148539000e+04,0.000000e+00,0.000000e+00,0.000000e+00,False
compton,507,2.211287000e+04,0.000000e+00,0.000000e+00,0.000000e+00,False
compton,508,2.275867000e+04,0.000000e+00,0.000000e+00,0.000000e+00,False
compton,509,2.342333000e+04,0.000000e+00,0.000000e+00,0.000000e+00,False
compton,510,2.410740000e+04,0.000000e+00,0.000000e+00,0.000000e+00,False
compton,511,2.481145000e+04,0.000000e+00,0.000000e+00,0.000000e+00,False
compton,512,2.553606000e+04,0.000000e+00,0.000000e+00,0.000000e+00,False
compton,513,2.628183000e+04,0.000000e+00,0.000000e+00,0.000000e+00,False
compton,514,2.704939000e+04,0.000000e+00,0.000000e+00,0.000000e+00,False
compton,515,2.783936000e+04,0.000000e+00,0.000000e+00,0.000000e+00,False
compton,516,2.865240000e+04,0.000000e+00,0.000000e+00,0.000000e+00,False
compton,517,2.948918000e+04,0.000000e+00,0.000000e+00,0.000000e+00,False
compton,518,3.035040000e+04,0.000000e+00,0.000000e+00,0.000000e+00,False
compton,519,3.123678000e+04,0.000000e+00,0.000000e+00,0.000000e+00,False
compton,520,3.214904000e+04,0.000000e+00,0.000000e+00,0.000000e+00,False
compton,521,3.308794000e+04,0.000000e+00,0.000000e+00,0.000000e+00,False
compton,522,3.405427000e+04,0.000000e+00,0.000000e+00,0.000000e+00,False
compton,523,3.504881000e+04,0.000000e+00,0.000000e+00,0.000000e+00,False
compton,524,3.607240000e+04,0.000000e+00,0.000000e+00,0.000000e+00,False
compton,525,3.712589000e+04,0.000000e+00,0.000000e+00,0.000000e+00,False
compton,526,3.821014000e+04,0.000000e+00,0.000000e+00,0.000000e+00,False
compton,527,3.932605000e+04,0.000000e+00,0.000000e+00,0.000000e+00,False
compton,528,4.047456000e+04,0.000000e+00,0.000000e+00,0.000000e+00,False
compton,529,4.165661000e+04,0.000000e+00,0.000000e+00,0.000000e+00,False
compton,530,4.287317000e+04,0.000000e+00,0.000000e+00,0.000000e+00,False
compton,531,4.412527000e+04,0.000000e+00,0.000000e+00,0.000000e+00,False
compton,532,4.541394000e+04,0.000000e+00,0.000000e+00,0.000000e+00,False
compton,533,4.674024000e+04,0.000000e+00,0.000000e+00,0.000000e+00,False
compton,534,4.810527000e+04,0.000000e+00,0.000000e+00,0.000000e+00,False
compton,535,4.951017000e+04,0.000000e+00,0.000000e+00,0.000000e+00,False
compton,536,5.095610000e+04,0.000000e+00,0.000000e+00,0.000000e+00,False
compton,537,5.244426000e+04,0.000000e+00,0.000000e+00,0.000000e+00,False
compton,538,5.397588000e+04,0.000000e+00,0.000000e+00,0.000000e+00,False
compton,539,5.555223000e+04,0.000000e+00,0.000000e+00,0.000000e+00,False
compton,540,5.717462000e+04,0.000000e+00,0.000000e+00,0.000000e+00,False
compton,541,5.884439000e+04,0.000000e+00,0.000000e+00,0.000000e+00,False
compton,542,6.056292000e+04,0.000000e+00,0.000000e+00,0.000000e+00,False
compton,543,6.233164000e+04,0.000000e+00,0.000000e+00,0.000000e+00,False
compton,544,6.415202000e+04,0.000000e+00,0.000000e+00,0.000000e+00,False
compton,545,6.602556000e+04,0.000000e+00,0.000000e+00,0.000000e+00,False
compton,546,6.795382000e+04,0.000000e+00,0.000000e+00,0.000000e+00,False
compton,547,6.993839000e+04,0.000000e+00,0.000000e+00,0.000000e+00,False
compton,548,7.198092000e+04,0.000000e+00,0.000000e+00,0.000000e+00,False
compton,549,7.408310000e+04,0.000000e+00,0.000000e+00,0.000000e+00,False
compton,550,7.624668000e+04,0.000000e+00,0.000000e+00,0.000000e+00,False
compton,551,7.847344000e+04,0.000000e+00,0.000000e+00,0.000000e+00,False
compton,552,8.076523000e+04,0.000000e+00,0.000000e+00,0.000000e+00,False
compton,553,8.312396000e+04,0.000000e+00,0.000000e+00,0.000000e+00,False
compton,554,8.555157000e+04,0.000000e+00,0.000000e+00,0.000000e+00,False
compton,555,8.805008000e+04,0.000000e+00,0.000000e+00,0.000000e+00,False
compton,556,9.062155000e+04,0.000000e+00,0.000000e+00,0.000000e+00,False
compton,557,9.326813000e+04,0.000000e+00,0.000000e+00,0.000000e+00,False
compton,558,9.599200000e+04,0.000000e+00,0.000000e+00,0.000000e+00,False
compton,559,9.879541000e+04,0.000000e+00,0.000000e+00,0.000000e+00,False
compton,560,1.016807000e+05,0.000000e+00,0.000000e+00,0.000000e+00,False
compton,561,1.046503000e+05,0.000000e+00,0.000000e+00,0.000000e+00,False
compton,562,1.077065000e+05,0.000000e+00,0.000000e+00,0.000000e+00,False
compton,563,1.108521000e+05,0.000000e+00,0.000000e+00,0.000000e+00,False
compton,564,1.140895000e+05,0.000000e+00,0.000000e+00,0.000000e+00,False
compton,565,1.174214000e+05,0.000000e+00,0.000000e+00,0.000000e+00,False
compton,566,1.208507000e+05,0.000000e+00,0.000000e+00,0.000000e+00,False
compton,567,1.243801000e+05,0.000000e+00,0.000000e+00,0.000000e+00,False
compton,568,1.280126000e+05,0.000000e+00,0.000000e+00,0.000000e+00,False
compton,569,1.317512000e+05,0.000000e+00,0.000000e+00,0.000000e+00,False
compton,570,1.355989000e+05,0.000000e+00,0.000000e+00,0.000000e+00,False
compton,571,1.395590000e+05,0.000000e+00,0.000000e+00,0.000000e+00,False
compton,572,1.436348000e+05,0.000000e+00,0.000000e+00,0.000000e+00,False
compton,573,1.478296000e+05,0.000000e+00,0.000000e+00,0.000000e+00,False
compton,574,1.521469000e+05,0.000000e+00,0.000000e+00,0.000000e+00,False
compton,575,1.565904000e+05,0.000000e+00,0.000000e+00,0.000000e+00,False
compton,576,1.611635000e+05,0.000000e+00,0.000000e+00,0.000000e+00,False
compton,577,1.658703000e+05,0.000000e+00,0.000000e+00,0.000000e+00,False
compton,578,1.707145000e+05,0.000000e+00,0.000000e+00,0.000000e+00,False
compton,579,1.757001000e+05,0.000000e+00,0.000000e+00,0.000000e+00,False
compton,580,1.808314000e+05,0.000000e+00,0.000000e+00,0.000000e+00,False
compton,581,1.861125000e+05,0.000000e+00,0.000000e+00,0.000000e+00,False
compton,582,1.915479000e+05,0.000000e+00,0.000000e+00,0.000000e+00,False
compton,583,1.971420000e+05,0.000000e+00,0.000000e+00,0.000000e+00,False
