# IA broadening leakage budget (plan 11-04, ROADMAP Phase 11 SC4).
# Per SOURCE bin: the counts that entered, the kernel width used, and the
# mass that left the axis at each end. counts_out is the mass DELIVERED to
# the same-index target bin, so it does not balance row by row -- the budget
# closes on the COLUMN totals, which is what SC4's <=1e-3 is checked against.
# below_zero is a SUBSET of below_floor (the part at T < 0, where the true
# T->0 S(q,omega) vanishes identically -- see plan 11-03).
# NOTHING IS RESCALED. Leakage is accounted, not removed. A zero entry in the
# bottom decade would be evidence of a clipped kernel or a hidden rescale.
# TOTALS: input 1.1878812499e+02, retained 1.1873665658e+02, below_floor 5.1468407434e-02 (0.043328%),
#         below_zero 6.7385839820e-04 (0.000567%), above_top 0.0000000000e+00, residual 2.220e-16
T_eV,sigma_E_eV,counts_in,counts_out,below_floor,below_zero,above_top,running_residual
1.0102079350e-01,4.2475860748e-02,5.1306599584e-03,3.0085259274e-03,2.5130131936e-03,4.4616642510e-05,0.0000000000e+00,3.9087916256e-04
1.0322790012e-01,4.2937360860e-02,5.2409032157e-03,3.1767529278e-03,2.4602621736e-03,4.2477716883e-05,0.0000000000e+00,7.8699104819e-04
1.0548322769e-01,4.3403875170e-02,5.3534732802e-03,3.3516058711e-03,2.4044727561e-03,4.0385238368e-05,0.0000000000e+00,1.1895963952e-03
1.0778782976e-01,4.3875458156e-02,5.4684173750e-03,3.5329736151e-03,2.3458236428e-03,3.8341451977e-05,0.0000000000e+00,1.5999762782e-03
1.1014278287e-01,4.4352164890e-02,5.5857835953e-03,3.7206968613e-03,2.2845097986e-03,3.6348443274e-05,0.0000000000e+00,2.0193993428e-03
1.1254918710e-01,4.4834051041e-02,5.7056209206e-03,3.9145663041e-03,2.2207411877e-03,3.4408130724e-05,0.0000000000e+00,2.4490859139e-03
1.1500816655e-01,4.5321172884e-02,5.8279792264e-03,4.1143215977e-03,2.1547413536e-03,3.2522258828e-05,0.0000000000e+00,2.8901696388e-03
1.1752086989e-01,4.5813587305e-02,5.9529092962e-03,4.3196512963e-03,2.0867458566e-03,3.0692392092e-05,0.0000000000e+00,3.3436574955e-03
1.2008847088e-01,4.6311351807e-02,6.0804628333e-03,4.5301939228e-03,2.0170005823e-03,2.8919909904e-05,0.0000000000e+00,3.8103891674e-03
1.2271216893e-01,4.6814524519e-02,6.2106924725e-03,4.7455403041e-03,1.9457599414e-03,2.7206002360e-05,0.0000000000e+00,4.2909969405e-03
1.2539318964e-01,4.7323164201e-02,6.3436517917e-03,4.9652372893e-03,1.8732849772e-03,2.5551667087e-05,0.0000000000e+00,4.7858674152e-03
1.2813278541e-01,4.7837330251e-02,6.4793953234e-03,5.1887929354e-03,1.7998414024e-03,2.3957707102e-05,0.0000000000e+00,5.2951064296e-03
1.3093223598e-01,4.8357082715e-02,6.6179785661e-03,5.4156831990e-03,1.7256975881e-03,2.2424729734e-05,0.0000000000e+00,5.8185086506e-03
1.3379284907e-01,4.8882482288e-02,6.7594579951e-03,5.6453601192e-03,1.6511225245e-03,2.0953146638e-05,0.0000000000e+00,6.3555332992e-03
1.3671596095e-01,4.9413590325e-02,6.9038910739e-03,5.8772614133e-03,1.5763837802e-03,1.9543174900e-05,0.0000000000e+00,6.9052874189e-03
1.3970293711e-01,4.9950468850e-02,7.0513362646e-03,6.1108213327e-03,1.5017454803e-03,1.8194839258e-05,0.0000000000e+00,7.4665179672e-03
1.4275517285e-01,5.0493180559e-02,7.2018530384e-03,6.3454825501e-03,1.4274663283e-03,1.6907975406e-05,0.0000000000e+00,8.0376138072e-03
1.4587409397e-01,5.1041788829e-02,7.3555018860e-03,6.5807087697e-03,1.3537976951e-03,1.5682234390e-05,0.0000000000e+00,8.6166183860e-03
1.4906115741e-01,5.1596357726e-02,7.5123443275e-03,6.8159976751e-03,1.2809817949e-03,1.4517088045e-05,0.0000000000e+00,9.2012535284e-03
1.5231785195e-01,5.2156952013e-02,7.6724429217e-03,7.0508937645e-03,1.2092499718e-03,1.3411835463e-05,0.0000000000e+00,9.7889543431e-03
1.5564569889e-01,5.2723637155e-02,7.8358612754e-03,7.2850005718e-03,1.1388211141e-03,1.2365610415e-05,0.0000000000e+00,1.0376914754e-02
1.5904625278e-01,5.3296479330e-02,8.0026640524e-03,7.5179917414e-03,1.0699002156e-03,1.1377389698e-05,0.0000000000e+00,1.0962142658e-02
1.6252110211e-01,5.3875545434e-02,8.1729169820e-03,7.7496204251e-03,1.0026770985e-03,1.0446002319e-05,0.0000000000e+00,1.1541523200e-02
1.6607187009e-01,5.4460903089e-02,8.3466868665e-03,7.9797265012e-03,9.3732531260e-04,9.5701394553e-06,0.0000000000e+00,1.2111888147e-02
1.6970021541e-01,5.5052620653e-02,8.5240415887e-03,8.2082411812e-03,8.7400121960e-04,8.7483650966e-06,0.0000000000e+00,1.2670088959e-02
1.7340783297e-01,5.5650767228e-02,8.7050501192e-03,8.4351886758e-03,8.1284327260e-04,7.9791272876e-06,0.0000000000e+00,1.3213070788e-02
1.7719645472e-01,5.6255412663e-02,8.8897825223e-03,8.6606847263e-03,7.5397149512e-04,7.2607698671e-06,0.0000000000e+00,1.3737944487e-02
1.8106785043e-01,5.6866627569e-02,9.0783099617e-03,8.8849319703e-03,6.9748716230e-04,6.5915446038e-06,0.0000000000e+00,1.4242053658e-02
1.8502382857e-01,5.7484483323e-02,9.2707047056e-03,9.1082122910e-03,6.4347268393e-04,5.9696236213e-06,0.0000000000e+00,1.4723033928e-02
1.8906623709e-01,5.8109052079e-02,9.4670401307e-03,9.3308764822e-03,5.9199168590e-04,5.3931120034e-06,0.0000000000e+00,1.5178861965e-02
1.9319696432e-01,5.8740406772e-02,9.6673907260e-03,9.5533317303e-03,5.4308928398e-04,4.8600604666e-06,0.0000000000e+00,1.5607892253e-02
1.9741793985e-01,5.9378621133e-02,9.8718320950e-03,9.7760275607e-03,4.9679254104e-04,4.3684779917e-06,0.0000000000e+00,1.6008880260e-02
2.0173113544e-01,6.0023769690e-02,1.0080440958e-02,9.9994409930e-03,4.5311109658e-04,3.9163443008e-06,0.0000000000e+00,1.6380991392e-02
2.0613856591e-01,6.0675927786e-02,1.0293295152e-02,1.0224061700e-02,4.1203795467e-04,3.5016220759e-06,0.0000000000e+00,1.6723795895e-02
2.1064229011e-01,6.1335171576e-02,1.0510473630e-02,1.0450377946e-02,3.7355041506e-04,3.1222688138e-06,0.0000000000e+00,1.7037250625e-02
2.1524441187e-01,6.2001578049e-02,1.0732056464e-02,1.0678864005e-02,3.3761112990e-04,2.7762482202e-06,0.0000000000e+00,1.7321669297e-02
2.1994708098e-01,6.2675225027e-02,1.0958124834e-02,1.0909969631e-02,3.0416926742e-04,2.4615410537e-06,0.0000000000e+00,1.7577683361e-02
2.2475249421e-01,6.3356191177e-02,1.1188761033e-02,1.1144111957e-02,2.7316176300e-04,2.1761553348e-06,0.0000000000e+00,1.7806196047e-02
2.2966289631e-01,6.4044556023e-02,1.1424048456e-02,1.1381670027e-02,2.4451463707e-04,1.9181358489e-06,0.0000000000e+00,1.8008332255e-02
2.3468058108e-01,6.4740399950e-02,1.1664071597e-02,1.1622981935e-02,2.1814435932e-04,1.6855728768e-06,0.0000000000e+00,1.8185386952e-02
2.3980789245e-01,6.5443804220e-02,1.1908916038e-02,1.1868344359e-02,1.9395923861e-04,1.4766101033e-06,0.0000000000e+00,1.8338774512e-02
2.4504722554e-01,6.6154850976e-02,1.2158668441e-02,1.2118014141e-02,1.7186081845e-04,1.2894516603e-06,0.0000000000e+00,1.8469981031e-02
2.5040102779e-01,6.6873623252e-02,1.2413416537e-02,1.2372211450e-02,1.5174525883e-04,1.1223682750e-06,0.0000000000e+00,1.8580521203e-02
2.5587180015e-01,6.7600204988e-02,1.2673249112e-02,1.2631124013e-02,1.3350468621e-04,9.7370250664e-07,0.0000000000e+00,1.8671900789e-02
2.6146209818e-01,6.8334681032e-02,1.2938255995e-02,1.2894911935e-02,1.1702849480e-04,8.4187306580e-07,0.0000000000e+00,1.8745585225e-02
2.6717453328e-01,6.9077137156e-02,1.3208528034e-02,1.3163712656e-02,1.0220458426e-04,7.2537822113e-07,0.0000000000e+00,1.8802974431e-02
2.7301177390e-01,6.9827660064e-02,1.3484157084e-02,1.3437645699e-02,8.8920520473e-05,6.2279831223e-07,0.0000000000e+00,1.8845383566e-02
2.7897654681e-01,7.0586337401e-02,1.3765235984e-02,1.3716816989e-02,7.7064608263e-05,5.3279739573e-07,0.0000000000e+00,1.8874029179e-02
2.8507163833e-01,7.1353257766e-02,1.4051861635e-02,1.4001322584e-02,6.6526881748e-05,4.5412416287e-07,0.0000000000e+00,1.8890017010e-02
2.9129989567e-01,7.2128510718e-02,1.4344143415e-02,1.4291251815e-02,5.7199998203e-05,3.8561211655e-07,0.0000000000e+00,1.8894325408e-02
2.9766422824e-01,7.2912186792e-02,1.4642227958e-02,1.4586689861e-02,4.8980050609e-05,3.2617919084e-07,0.0000000000e+00,1.8887767361e-02
3.0416760903e-01,7.3704377504e-02,1.4946251146e-02,1.4887719864e-02,4.1766999107e-05,2.7482490253e-07,0.0000000000e+00,1.8871003078e-02
3.1081307595e-01,7.4505175366e-02,1.5256336008e-02,1.5194424703e-02,3.5465274225e-05,2.3062884634e-07,0.0000000000e+00,1.8844557047e-02
3.1760373332e-01,7.5314673894e-02,1.5572606060e-02,1.5506888553e-02,2.9984282927e-05,1.9274870497e-07,0.0000000000e+00,1.8808823823e-02
3.2454275326e-01,7.6132967622e-02,1.5895171519e-02,1.5825198337e-02,2.5238719689e-05,1.6041719985e-07,0.0000000000e+00,1.8764089361e-02
3.3163337721e-01,7.6960152109e-02,1.6224146153e-02,1.6149445164e-02,2.1148837074e-05,1.3293904290e-07,0.0000000000e+00,1.8710537209e-02
3.3887891741e-01,7.7796323953e-02,1.6559646040e-02,1.6479725819e-02,1.7640566632e-05,1.0968721428e-07,0.0000000000e+00,1.8648257555e-02
3.4628275848e-01,7.8641580802e-02,1.6901789109e-02,1.6816144308e-02,1.4645557068e-05,9.0099030959e-08,0.0000000000e+00,1.8577258311e-02
3.5384835899e-01,7.9496021364e-02,1.7250697960e-02,1.7158813487e-02,1.2101137584e-05,7.3672069871e-08,0.0000000000e+00,1.8497474975e-02
3.6157925307e-01,8.0359745421e-02,1.7606497224e-02,1.7507856699e-02,9.9502070646e-06,5.9959959118e-08,0.0000000000e+00,1.8408784657e-02
3.6947905204e-01,8.1232853837e-02,1.7969311531e-02,1.7863409381e-02,8.1410669535e-06,4.8568150474e-08,0.0000000000e+00,1.8311023574e-02
3.7755144617e-01,8.2115448574e-02,1.8339266489e-02,1.8225620527e-02,6.6272063601e-06,3.9149721658e-08,0.0000000000e+00,1.8204004817e-02
3.8580020630e-01,8.3007632700e-02,1.8698458007e-02,1.8594653890e-02,5.3618750666e-06,3.1370986730e-08,0.0000000000e+00,1.8105562576e-02
3.9422918570e-01,8.3909510405e-02,1.9005759504e-02,1.8970688802e-02,4.3020653056e-06,2.4933635672e-08,0.0000000000e+00,1.8074793939e-02
4.0284232180e-01,8.4821187008e-02,1.9381667967e-02,1.9353920446e-02,3.4445781457e-06,1.9779899122e-08,0.0000000000e+00,1.8050490996e-02
4.1164363807e-01,8.5742768975e-02,1.9728093831e-02,1.9744559475e-02,2.7378400346e-06,1.5579600484e-08,0.0000000000e+00,1.8069694480e-02
4.2063724587e-01,8.6674363928e-02,2.0099329712e-02,2.0142830840e-02,2.1660031765e-06,1.2216501911e-08,0.0000000000e+00,1.8115361611e-02
4.2982734640e-01,8.7616080657e-02,2.0513817568e-02,2.0548971778e-02,1.7068901285e-06,9.5435670452e-09,0.0000000000e+00,1.8152222711e-02
4.3921823264e-01,8.8568029136e-02,2.0936492092e-02,2.0963228931e-02,1.3372755075e-06,7.4134412022e-09,0.0000000000e+00,1.8180296826e-02
4.4881429136e-01,8.9530320532e-02,2.1367495865e-02,2.1385854675e-02,1.0414849696e-06,5.7255966140e-09,0.0000000000e+00,1.8199697122e-02
4.5862000518e-01,9.0503067222e-02,2.1806970346e-02,2.1817102801e-02,8.0621081067e-07,4.3960105778e-09,0.0000000000e+00,1.8210635788e-02
4.6863995466e-01,9.1486382802e-02,2.2255056309e-02,2.2257223783e-02,6.2023057101e-07,3.3548866868e-09,0.0000000000e+00,1.8213423492e-02
4.7887882042e-01,9.2480382104e-02,2.2711896246e-02,2.2706459963e-02,4.7414467298e-07,2.5446085578e-09,0.0000000000e+00,1.8208461355e-02
4.8934138536e-01,9.3485181205e-02,2.3177632921e-02,2.3165041018e-02,3.6013445068e-07,1.9179165178e-09,0.0000000000e+00,1.8196229586e-02
5.0003253687e-01,9.4500897445e-02,2.3652411723e-02,2.3633180104e-02,2.7174165117e-07,1.4362973099e-09,0.0000000000e+00,1.8177269709e-02
5.1095726911e-01,9.5527649440e-02,2.4136387939e-02,2.4111071072e-02,2.0366950078e-07,1.0685728211e-09,0.0000000000e+00,1.8152156511e-02
5.2212068536e-01,9.6565557092e-02,2.4629722604e-02,2.4598887037e-02,1.5160490450e-07,7.8967241190e-10,0.0000000000e+00,1.8121472549e-02
5.3352800042e-01,9.7614741608e-02,2.5132529206e-02,2.5096780518e-02,1.1206111635e-07,5.7957359421e-10,0.0000000000e+00,1.8085835922e-02
5.4518454298e-01,9.8675325511e-02,2.5644872811e-02,2.5604885168e-02,8.2240522314e-08,4.2239866693e-10,0.0000000000e+00,1.8045930520e-02
5.5709575818e-01,9.9747432656e-02,2.6166851601e-02,2.6123318968e-02,5.9915610056e-08,3.0564801500e-10,0.0000000000e+00,1.8002457804e-02
5.6926721012e-01,1.0083118824e-01,2.6698585409e-02,2.6652188608e-02,4.3326164336e-08,2.1955201811e-10,0.0000000000e+00,1.7956104329e-02
5.8170458446e-01,1.0192671883e-01,2.7240231909e-02,2.7191594626e-02,3.1092001104e-08,1.5653121763e-10,0.0000000000e+00,1.7907498137e-02
5.9441369108e-01,1.0303415235e-01,2.7791965137e-02,2.7741636822e-02,2.2139408815e-08,1.1074949333e-10,0.0000000000e+00,1.7857191962e-02
6.0740046682e-01,1.0415361814e-01,2.8353962393e-02,2.8302419466e-02,1.5639809431e-08,7.7747749006e-11,0.0000000000e+00,1.7805664674e-02
6.2067097818e-01,1.0528524692e-01,2.8926404975e-02,2.8874055853e-02,1.0959041703e-08,5.4145910769e-11,0.0000000000e+00,1.7753326511e-02
6.3423142424e-01,1.0642917084e-01,2.9509479840e-02,2.9456671918e-02,7.6157974530e-09,3.7402459433e-11,0.0000000000e+00,1.7700526206e-02
6.4808813951e-01,1.0758552349e-01,3.0103382747e-02,3.0050408742e-02,5.2478846515e-09,2.5622095125e-11,0.0000000000e+00,1.7647557448e-02
6.6224759689e-01,1.0875443991e-01,3.0708316321e-02,3.0655423950e-02,3.5851060815e-09,1.7403266833e-11,0.0000000000e+00,1.7594668663e-02
6.7671641069e-01,1.0993605661e-01,3.1324488458e-02,3.1271892141e-02,2.4276696775e-09,1.1718406308e-11,0.0000000000e+00,1.7542074774e-02
6.9150133976e-01,1.1113051157e-01,3.1952113000e-02,3.1900004546e-02,1.6291695763e-09,7.8207101761e-12,0.0000000000e+00,1.7489967949e-02
7.0660929059e-01,1.1233794427e-01,3.2591409236e-02,3.2539968187e-02,1.0833020351e-09,5.1722575792e-12,0.0000000000e+00,1.7438527984e-02
7.2204732058e-01,1.1355849573e-01,3.3242609140e-02,3.3192004762e-02,7.1360042568e-10,3.3891057655e-12,0.0000000000e+00,1.7387924320e-02
7.3782264130e-01,1.1479230848e-01,3.3905967768e-02,3.3856349454e-02,4.6558282198e-10,2.1997543422e-12,0.0000000000e+00,1.7338306471e-02
7.5394262191e-01,1.1603952660e-01,3.4581775899e-02,3.4533249765e-02,3.0080673717e-10,1.4140306681e-12,0.0000000000e+00,1.7289780638e-02
7.7041479254e-01,1.1730029574e-01,3.5270329084e-02,3.5222964458e-02,1.9241430283e-10,9.0001249306e-13,0.0000000000e+00,1.7242416204e-02
7.8724684786e-01,1.1857476314e-01,3.5971927726e-02,3.5925762570e-02,1.2183011902e-10,5.6708835831e-13,0.0000000000e+00,1.7196251169e-02
8.0444665065e-01,1.1986307762e-01,3.6686875025e-02,3.6641922475e-02,7.6338866854e-11,3.5364759170e-13,0.0000000000e+00,1.7151298695e-02
8.2202223546e-01,1.2116538963e-01,3.7415478876e-02,3.7371730936e-02,4.7327603238e-11,2.1822857012e-13,0.0000000000e+00,1.7107550802e-02
8.3998181240e-01,1.2248185126e-01,3.8158061485e-02,3.8115482078e-02,2.9024384435e-11,1.3322155814e-13,0.0000000000e+00,1.7064971424e-02
8.5833377094e-01,1.2381261625e-01,3.8914953390e-02,3.8873476239e-02,1.7603172806e-11,8.0437447170e-14,0.0000000000e+00,1.7023494290e-02
8.7708668386e-01,1.2515783999e-01,3.9686468906e-02,3.9646018670e-02,1.0555905750e-11,4.8024103562e-14,0.0000000000e+00,1.6983044064e-02
8.9624931122e-01,1.2651767958e-01,4.0472925898e-02,4.0433418067e-02,6.2570771986e-12,2.8344675513e-14,0.0000000000e+00,1.6943536239e-02
9.1583060448e-01,1.2789229382e-01,4.1274679254e-02,4.1235984957e-02,3.6653190058e-12,1.6534342797e-14,0.0000000000e+00,1.6904841946e-02
9.3583971068e-01,1.2928184325e-01,4.2092114925e-02,4.2054029965e-02,2.1213235456e-12,9.5300554836e-15,0.0000000000e+00,1.6866756988e-02
9.5628597668e-01,1.3068649013e-01,4.2925663087e-02,4.2887862025e-02,1.2126777156e-12,5.4260609763e-15,0.0000000000e+00,1.6828955926e-02
9.7717895358e-01,1.3210639849e-01,4.3775782596e-02,4.3737786605e-02,6.8456287651e-13,3.0509845491e-15,0.0000000000e+00,1.6790959936e-02
9.9852840113e-01,1.3354173415e-01,4.4642892035e-02,4.4604104036e-02,3.8149930416e-13,1.6937281001e-15,0.0000000000e+00,1.6752171938e-02
1.0203442923e+00,1.3499266473e-01,4.5527257926e-02,4.5487108010e-02,2.0982895841e-13,9.2805517881e-16,0.0000000000e+00,1.6712022022e-02
1.0426368180e+00,1.3645935966e-01,4.6428867441e-02,4.6387084313e-02,1.1386805193e-13,5.0176819367e-16,0.0000000000e+00,1.6670238895e-02
1.0654163918e+00,1.3794199024e-01,4.7347783816e-02,4.7304309777e-02,6.0950159042e-14,2.6761020585e-16,0.0000000000e+00,1.6626764857e-02
1.0886936547e+00,1.3944072959e-01,4.8284147879e-02,4.8239051388e-02,3.2170219839e-14,1.4074775732e-16,0.0000000000e+00,1.6581668365e-02
1.1124794802e+00,1.4095575274e-01,4.9238207690e-02,4.9191565337e-02,1.6738146851e-14,7.2977135167e-17,0.0000000000e+00,1.6535026012e-02
1.1367849794e+00,1.4248723661e-01,5.0210288941e-02,5.0162095722e-02,8.5822383829e-15,3.7290970189e-17,0.0000000000e+00,1.6486832794e-02
1.1616215062e+00,1.4403536005e-01,5.1200690095e-02,5.1150872422e-02,4.3350696089e-15,1.8773873819e-17,0.0000000000e+00,1.6437015121e-02
1.1870006626e+00,1.4560030385e-01,5.2209615138e-02,5.2158107593e-02,2.1565149967e-15,9.3088366677e-18,0.0000000000e+00,1.6385507577e-02
1.2129343038e+00,1.4718225075e-01,5.3237261806e-02,5.3183990180e-02,1.0561492290e-15,4.5444684572e-18,0.0000000000e+00,1.6332235951e-02
1.2394345443e+00,1.4878138551e-01,5.4283875067e-02,5.4228677880e-02,5.0905795793e-16,2.1835798283e-18,0.0000000000e+00,1.6277038764e-02
1.2665137632e+00,1.5039789486e-01,5.5349732811e-02,5.5292286259e-02,2.4139490354e-16,1.0322919215e-18,0.0000000000e+00,1.6219592212e-02
1.2941846100e+00,1.5203196758e-01,5.6435172776e-02,5.6374875200e-02,1.1257833271e-16,4.7998735498e-19,0.0000000000e+00,1.6159294636e-02
1.3224600107e+00,1.5368379449e-01,5.7540542631e-02,5.7476433653e-02,5.1616786646e-17,2.1942892934e-19,0.0000000000e+00,1.6095185658e-02
1.3513531736e+00,1.5535356850e-01,5.8666176590e-02,5.8596864799e-02,2.3258223909e-17,9.8590306979e-20,0.0000000000e+00,1.6025873866e-02
1.3808775955e+00,1.5704148461e-01,5.9812350917e-02,5.9735975192e-02,1.0295503201e-17,4.3519736966e-20,0.0000000000e+00,1.5949498141e-02
1.4110470682e+00,1.5874773991e-01,6.0979324814e-02,6.0893472906e-02,4.4754463473e-18,1.8866084103e-20,0.0000000000e+00,1.5863646233e-02
1.4418756849e+00,1.6047253367e-01,6.2167375060e-02,6.2068980928e-02,1.9097285230e-18,8.0287688330e-21,0.0000000000e+00,1.5765252101e-02
1.4733778465e+00,1.6221606732e-01,6.3376798963e-02,6.3262072239e-02,7.9961063105e-19,3.3528370281e-21,0.0000000000e+00,1.5650525378e-02
1.5055682686e+00,1.6397854445e-01,6.4607918551e-02,6.4472331474e-02,3.2838143333e-19,1.3733878107e-21,0.0000000000e+00,1.5514938301e-02
1.5384619885e+00,1.6576017089e-01,6.5861049021e-02,6.5699444087e-02,1.3221758431e-19,5.5157956005e-22,0.0000000000e+00,1.5353333367e-02
1.5720743718e+00,1.6756115470e-01,6.7136453568e-02,6.6943307318e-02,5.2170326593e-20,2.1710508838e-22,0.0000000000e+00,1.5160187117e-02
1.6064211199e+00,1.6938170619e-01,6.8434129856e-02,6.8204148645e-02,2.0164570044e-20,8.3711588016e-23,0.0000000000e+00,1.4930205906e-02
1.6415182772e+00,1.7122203797e-01,6.9705041432e-02,6.9482628890e-02,7.6257642096e-21,3.1582924951e-23,0.0000000000e+00,1.4707793363e-02
1.6773822387e+00,1.7308236495e-01,7.0836927280e-02,7.0779901703e-02,2.8160148215e-21,1.1635847049e-23,0.0000000000e+00,1.4650767787e-02
1.7140297575e+00,1.7496290437e-01,7.2155620857e-02,7.2097602485e-02,1.0196504145e-21,4.2036808503e-24,0.0000000000e+00,1.4592749415e-02
1.7514779530e+00,1.7686387586e-01,7.3395153401e-02,7.3437750220e-02,3.6049283297e-22,1.4828979738e-24,0.0000000000e+00,1.4635346234e-02
1.7897443181e+00,1.7878550139e-01,7.4703877279e-02,7.4802564971e-02,1.2463801009e-22,5.1158963952e-25,0.0000000000e+00,1.4734033926e-02
1.8288467285e+00,1.8072800538e-01,7.6132284009e-02,7.6194227660e-02,4.2147075926e-23,1.7262959460e-25,0.0000000000e+00,1.4795977577e-02
1.8688034500e+00,1.8269161466e-01,7.7585593556e-02,7.7614629496e-02,1.3914332830e-23,5.6873022218e-26,0.0000000000e+00,1.4825013518e-02
1.9096331477e+00,1.8467655856e-01,7.9064201137e-02,7.9065167545e-02,4.4823822146e-24,1.8283867560e-26,0.0000000000e+00,1.4825979925e-02
1.9513548943e+00,1.8668306887e-01,8.0568404931e-02,8.0546634640e-02,1.4082345347e-24,5.7328182450e-27,0.0000000000e+00,1.4804209634e-02
1.9939881795e+00,1.8871137991e-01,8.2098422168e-02,8.2059227073e-02,4.3124418450e-25,1.7521399182e-27,0.0000000000e+00,1.4765014539e-02
2.0375529184e+00,1.9076172854e-01,8.3654491172e-02,8.3602660141e-02,1.2865041358e-25,5.2170744299e-28,0.0000000000e+00,1.4713183508e-02
2.0820694617e+00,1.9283435420e-01,8.5236854486e-02,8.5176352179e-02,3.7367244124e-26,1.5124980207e-28,0.0000000000e+00,1.4652681202e-02
2.1275586043e+00,1.9492949894e-01,8.6845805218e-02,8.6779623185e-02,1.0561121569e-26,4.2669632679e-29,0.0000000000e+00,1.4586499169e-02
2.1740415956e+00,1.9704740742e-01,8.8481680520e-02,8.8411858999e-02,2.9027520580e-27,1.1706869476e-29,0.0000000000e+00,1.4516677648e-02
2.2215401494e+00,1.9918832696e-01,9.0144839079e-02,9.0072612117e-02,7.7540224244e-28,3.1217373514e-30,0.0000000000e+00,1.4444450685e-02
2.2700764535e+00,2.0135250760e-01,9.1835593183e-02,9.1761635348e-02,2.0118317231e-28,8.0856620921e-31,0.0000000000e+00,1.4370492851e-02
2.3196731809e+00,2.0354020205e-01,9.3554227494e-02,9.3478864226e-02,5.0667326923e-29,2.0329297472e-31,0.0000000000e+00,1.4295129583e-02
2.3703534997e+00,2.0575166579e-01,9.5300991987e-02,9.5224372474e-02,1.2378104796e-29,4.9583189232e-32,0.0000000000e+00,1.4218510069e-02
2.4221410843e+00,2.0798715708e-01,9.7076140405e-02,9.6998322410e-02,2.9314473756e-30,1.1723667282e-32,0.0000000000e+00,1.4140692075e-02
2.4750601263e+00,2.1024693698e-01,9.8879934364e-02,9.8800923785e-02,6.7253913368e-31,2.6854363265e-33,0.0000000000e+00,1.4061681495e-02
2.5291353457e+00,2.1253126938e-01,1.0071262590e-01,1.0063240568e-01,1.4936876914e-31,5.9550792133e-34,0.0000000000e+00,1.3981461280e-02
2.5843920028e+00,2.1484042105e-01,1.0257447213e-01,1.0249300022e-01,3.2092354027e-32,1.2775384338e-34,0.0000000000e+00,1.3899989368e-02
2.6408559098e+00,2.1717466164e-01,1.0446570533e-01,1.0438293443e-01,6.6654400147e-33,2.6494748555e-35,0.0000000000e+00,1.3817218466e-02
2.6985534426e+00,2.1953426375e-01,1.0638650155e-01,1.0630242677e-01,1.3372741068e-33,5.3079108067e-36,0.0000000000e+00,1.3733143678e-02
2.7575115536e+00,2.2191950293e-01,1.0833701960e-01,1.0825168588e-01,2.5896928268e-34,1.0264480530e-36,0.0000000000e+00,1.3647809959e-02
2.8177577839e+00,2.2433065773e-01,1.1031748086e-01,1.1023091008e-01,4.8370129807e-35,1.9145405587e-37,0.0000000000e+00,1.3561239181e-02
2.8793202764e+00,2.2676800972e-01,1.1232812629e-01,1.1224028686e-01,8.7069326984e-36,3.4416276578e-38,0.0000000000e+00,1.3473399750e-02
2.9422277889e+00,2.2923184353e-01,1.1436911821e-01,1.1427999187e-01,1.5092530195e-36,5.9577824006e-39,0.0000000000e+00,1.3384273409e-02
3.0065097074e+00,2.3172244689e-01,1.1644062132e-01,1.1635018703e-01,2.5171566951e-37,9.9235935930e-40,0.0000000000e+00,1.3293839113e-02
3.0721960600e+00,2.3424011064e-01,1.1854273151e-01,1.1845101704e-01,4.0359349564e-38,1.5890991649e-40,0.0000000000e+00,1.3202124639e-02
3.1393175308e+00,2.3678512881e-01,1.2067564065e-01,1.2058260400e-01,6.2157074971e-39,2.4443155288e-41,0.0000000000e+00,1.3109087980e-02
3.2079054744e+00,2.3935779859e-01,1.2283950003e-01,1.2274503914e-01,9.1868792109e-40,3.6083283258e-42,0.0000000000e+00,1.3014627091e-02
3.2779919304e+00,2.4195842043e-01,1.2503441949e-01,1.2493837152e-01,1.3019267572e-40,5.1074859538e-43,0.0000000000e+00,1.2918579120e-02
3.3496096382e+00,2.4458729801e-01,1.2726059144e-01,1.2716259325e-01,1.7674539257e-41,6.9256784236e-44,0.0000000000e+00,1.2820580930e-02
3.4227920527e+00,2.4724473834e-01,1.2951805469e-01,1.2941762198e-01,2.2963884402e-42,8.9880181059e-45,0.0000000000e+00,1.2720148224e-02
3.4975733598e+00,2.4993105175e-01,1.3180673432e-01,1.3170328109e-01,2.8527374021e-43,1.1153092225e-45,0.0000000000e+00,1.2616694991e-02
3.5739884921e+00,2.5264655195e-01,1.3412631630e-01,1.3401927849e-01,3.3850972216e-44,1.3219951930e-46,0.0000000000e+00,1.2509657183e-02
3.6520731454e+00,2.5539155605e-01,1.3647638300e-01,1.3636518412e-01,3.8329895199e-45,1.4953115819e-47,0.0000000000e+00,1.2398458311e-02
3.7318637956e+00,2.5816638462e-01,1.3885638959e-01,1.3874040668e-01,4.1372879015e-46,1.6123340790e-48,0.0000000000e+00,1.2282475410e-02
3.8133977154e+00,2.6097136169e-01,1.4126524080e-01,1.4114417270e-01,4.2525433608e-47,1.6555524556e-49,0.0000000000e+00,1.2161407310e-02
3.8967129917e+00,2.6380681483e-01,1.4370216378e-01,1.4357551964e-01,4.1578734236e-48,1.6170737939e-50,0.0000000000e+00,1.2034763171e-02
3.9818485437e+00,2.6667307515e-01,1.4616682528e-01,1.4603332891e-01,3.8628626728e-49,1.5008645423e-51,0.0000000000e+00,1.1901266796e-02
4.0688441409e+00,2.6957047739e-01,1.4865898815e-01,1.4851644002e-01,3.4062677298e-50,1.3221896097e-52,0.0000000000e+00,1.1758718670e-02
4.1577404216e+00,2.7249935990e-01,1.5117662136e-01,1.5102389206e-01,2.8476077014e-51,1.1042991424e-53,0.0000000000e+00,1.1605989370e-02
4.2485789121e+00,2.7546006471e-01,1.5371393138e-01,1.5355531431e-01,2.2542015370e-52,8.7337273624e-55,0.0000000000e+00,1.1447372303e-02
4.3414020457e+00,2.7845293756e-01,1.5626215749e-01,1.5611142673e-01,1.6876316442e-53,6.5327099224e-56,0.0000000000e+00,1.1296641542e-02
4.4362531832e+00,2.8147832798e-01,1.5882110093e-01,1.5869452301e-01,1.1934650909e-54,4.6157533268e-57,0.0000000000e+00,1.1170063620e-02
4.5331766324e+00,2.8453658925e-01,1.6139718082e-01,1.6130873613e-01,7.9628760101e-56,3.0770045344e-58,0.0000000000e+00,1.1081618928e-02
4.6322176692e+00,2.8762807852e-01,1.6400337637e-01,1.6395988023e-01,5.0066104987e-57,1.9330152589e-59,0.0000000000e+00,1.1038122787e-02
4.7334225589e+00,2.9075315681e-01,1.6665650057e-01,1.6665476106e-01,2.9628691315e-58,1.1429968989e-60,0.0000000000e+00,1.1036383283e-02
4.8368385773e+00,2.9391218907e-01,1.6937466487e-01,1.6940003412e-01,1.6483347579e-59,6.3537006903e-62,0.0000000000e+00,1.1061752538e-02
4.9425140333e+00,2.9710554421e-01,1.7217282364e-01,1.7220089588e-01,8.6097135451e-61,3.3160897421e-63,0.0000000000e+00,1.1089824776e-02
5.0504982912e+00,3.0033359514e-01,1.7505484447e-01,1.7506001567e-01,4.2164380114e-62,1.6227322057e-64,0.0000000000e+00,1.1094995971e-02
5.1608417937e+00,3.0359671884e-01,1.7800519201e-01,1.7797707079e-01,1.9331206270e-63,7.4341415002e-66,0.0000000000e+00,1.1066874752e-02
5.2735960859e+00,3.0689529637e-01,1.8101009643e-01,1.8094902730e-01,8.2844647516e-65,3.1835675759e-67,0.0000000000e+00,1.1005805623e-02
5.3888138386e+00,3.1022971293e-01,1.8405808394e-01,1.8397100883e-01,3.3135410329e-66,1.2724085832e-68,0.0000000000e+00,1.0918730519e-02
5.5065488737e+00,3.1360035792e-01,1.8714280415e-01,1.8703737682e-01,1.2350160136e-67,4.7391250355e-70,0.0000000000e+00,1.0813303197e-02
5.6268561888e+00,3.1700762496e-01,1.9026154171e-01,1.9014263295e-01,4.2828230522e-69,1.6423043034e-71,0.0000000000e+00,1.0694394436e-02
5.7497919834e+00,3.2045191195e-01,1.9341263855e-01,1.9328194317e-01,1.3796793065e-70,5.2869598299e-73,0.0000000000e+00,1.0563699060e-02
5.8754136844e+00,3.2393362110e-01,1.9659263835e-01,1.9645133545e-01,4.1220302120e-72,1.5785185675e-74,0.0000000000e+00,1.0422396158e-02
6.0037799738e+00,3.2745315902e-01,1.9979661577e-01,1.9964777474e-01,1.1402649277e-73,4.3637626781e-76,0.0000000000e+00,1.0273555123e-02
6.1349508153e+00,3.3101093670e-01,2.0301967707e-01,2.0286929724e-01,2.9155712760e-75,1.1150693818e-77,0.0000000000e+00,1.0123175294e-02
6.2689874829e+00,3.3460736963e-01,2.0626005114e-01,2.0611524507e-01,6.8788819237e-77,2.6292075039e-79,0.0000000000e+00,9.9783692235e-03
6.4059525894e+00,3.3824287780e-01,2.0951954427e-01,2.0938650599e-01,1.4949705926e-78,5.7105011356e-81,0.0000000000e+00,9.8453309440e-03
6.5459101155e+00,3.4191788575e-01,2.1280268069e-01,2.1268561948e-01,2.9874522690e-80,1.1404671297e-82,0.0000000000e+00,9.7282697366e-03
6.6889254395e+00,3.4563282265e-01,2.1611538261e-01,2.1601666003e-01,5.4795002986e-82,2.0905883106e-84,0.0000000000e+00,9.6295471555e-03
6.8350653684e+00,3.4938812233e-01,2.1946419550e-01,2.1938488228e-01,9.2077564776e-84,3.5110141154e-86,0.0000000000e+00,9.5502339313e-03
6.9843981687e+00,3.5318422333e-01,2.2285673912e-01,2.2279614592e-01,1.4148955369e-85,5.3921209155e-88,0.0000000000e+00,9.4896407270e-03
7.1369935985e+00,3.5702156896e-01,2.2630124466e-01,2.2625613741e-01,1.9843558706e-87,7.5581672072e-90,0.0000000000e+00,9.4445334769e-03
7.2929229397e+00,3.6090060734e-01,2.2980728170e-01,2.2976943909e-01,2.5350668002e-89,9.6505733466e-92,0.0000000000e+00,9.4066908733e-03
7.4522590319e+00,3.6482179146e-01,2.3338009982e-01,2.3333861263e-01,2.9441229172e-91,1.1201892343e-93,0.0000000000e+00,9.3652036911e-03
7.6150763058e+00,3.6878557924e-01,2.3702149268e-01,2.3696360727e-01,3.1018084698e-93,1.1795790545e-95,0.0000000000e+00,9.3073182862e-03
7.7814508184e+00,3.7279243356e-01,2.4072008003e-01,2.4064181446e-01,2.9581399069e-95,1.1243775592e-97,0.0000000000e+00,9.2290527168e-03
7.9514602885e+00,3.7684282234e-01,2.4446392519e-01,2.4436884569e-01,2.5480003986e-97,9.6800811697e-100,0.0000000000e+00,9.1339732116e-03
8.1251841328e+00,3.8093721858e-01,2.4824407246e-01,2.4813970133e-01,1.9777692231e-99,7.5101002697e-102,0.0000000000e+00,9.0296020770e-03
8.3027035031e+00,3.8507610043e-01,2.5205898539e-01,2.5194972736e-01,1.3802509162e-101,5.2386965989e-104,0.0000000000e+00,8.9203440465e-03
8.4841013241e+00,3.8925995122e-01,2.5590907270e-01,2.5579486836e-01,8.6405155294e-104,3.2779650011e-106,0.0000000000e+00,8.8061397134e-03
8.6694623325e+00,3.9348925953e-01,2.5979275487e-01,2.5967113200e-01,4.8404744059e-106,1.8355081597e-108,0.0000000000e+00,8.6845168495e-03
8.8588731161e+00,3.9776451927e-01,2.6370705405e-01,2.6357356406e-01,2.4207263055e-108,9.1753365619e-111,0.0000000000e+00,8.5510268598e-03
9.0524221547e+00,4.0208622970e-01,2.6764690233e-01,2.6749524019e-01,1.0780270494e-110,4.0843033832e-113,0.0000000000e+00,8.3993647207e-03
9.2501998609e+00,4.0645489549e-01,2.7160571313e-01,2.7142698682e-01,4.2641363866e-113,1.6148621557e-115,0.0000000000e+00,8.2206384066e-03
9.4522986228e+00,4.1087102683e-01,2.7557597173e-01,2.7535891530e-01,1.4942261368e-115,5.6564071064e-118,0.0000000000e+00,8.0035819838e-03
9.6588128472e+00,4.1533513942e-01,2.7947266706e-01,2.7928497285e-01,4.6249539093e-118,1.7500704946e-120,0.0000000000e+00,7.8158877654e-03
9.8698390032e+00,4.1984775459e-01,2.8346393154e-01,2.8321022716e-01,1.2618171451e-120,4.7727877596e-123,0.0000000000e+00,7.5621833819e-03
1.0085475668e+01,4.2440939931e-01,2.8713788345e-01,2.8715650444e-01,3.0217508977e-123,1.1425247137e-125,0.0000000000e+00,7.5808043694e-03
1.0305823571e+01,4.2902060628e-01,2.9107003883e-01,2.9115873445e-01,6.3467233217e-126,2.3987851787e-128,0.0000000000e+00,7.6694999868e-03
1.0530985645e+01,4.3368191400e-01,2.9514574443e-01,2.9524961593e-01,1.1652937758e-128,4.4026644869e-131,0.0000000000e+00,7.7733714896e-03
1.0761067070e+01,4.3839386682e-01,2.9944760397e-01,2.9944289065e-01,1.8653089345e-131,7.0448663390e-134,0.0000000000e+00,7.7686581662e-03
1.0996175323e+01,4.4315701500e-01,3.0379197449e-01,3.0372951766e-01,2.5936701555e-134,9.7922373713e-137,0.0000000000e+00,7.7062013366e-03
1.1236420231e+01,4.4797191477e-01,3.0817673350e-01,3.0808831778e-01,3.1231228089e-137,1.1787039943e-139,0.0000000000e+00,7.6177856113e-03
1.1481914021e+01,4.5283912841e-01,3.1259886564e-01,3.1249928784e-01,3.2464237099e-140,1.2248210300e-142,0.0000000000e+00,7.5182078144e-03
1.1732771369e+01,4.5775922431e-01,3.1705561240e-01,3.1694959509e-01,2.9037914688e-143,1.0951856971e-145,0.0000000000e+00,7.4121905043e-03
1.1989109460e+01,4.6273277704e-01,3.2154301437e-01,3.2143274749e-01,2.2276149299e-146,8.3988623132e-149,0.0000000000e+00,7.3019236188e-03
1.2251048036e+01,4.6776036741e-01,3.2605476784e-01,3.2594639607e-01,1.4607157507e-149,5.5056308568e-152,0.0000000000e+00,7.1935518447e-03
1.2518709457e+01,4.7284258253e-01,3.3058878839e-01,3.3049151062e-01,8.1592982222e-153,3.0743845335e-155,0.0000000000e+00,7.0962740683e-03
1.2792218756e+01,4.7798001591e-01,3.3515406761e-01,3.3507195269e-01,3.8689576550e-156,1.4573580456e-158,0.0000000000e+00,7.0141591405e-03
1.3071703698e+01,4.8317326749e-01,3.3976444284e-01,3.3969275173e-01,1.5518656125e-159,5.8438107767e-162,0.0000000000e+00,6.9424680369e-03
1.3357294840e+01,4.8842294373e-01,3.4443244614e-01,3.4435697267e-01,5.2464017288e-163,1.9750409650e-165,0.0000000000e+00,6.8669945675e-03
1.3649125588e+01,4.9372965769e-01,3.4915303264e-01,3.4906276027e-01,1.4893172731e-166,5.6050184225e-169,0.0000000000e+00,6.7767221990e-03
1.3947332268e+01,4.9909402909e-01,3.5391231828e-01,3.5380228069e-01,3.5363578172e-170,1.3305277473e-172,0.0000000000e+00,6.6666846067e-03
1.4252054179e+01,5.0451668436e-01,3.5869540247e-01,3.5856301917e-01,6.9961159960e-174,2.6315114237e-176,0.0000000000e+00,6.5343013067e-03
1.4563433668e+01,5.0999825677e-01,3.6348252082e-01,3.6333099264e-01,1.1485140201e-177,4.3188451676e-180,0.0000000000e+00,6.3827731264e-03
1.4881616189e+01,5.1553938645e-01,3.6824961356e-01,3.6809542960e-01,1.5581135326e-181,5.8575500184e-184,0.0000000000e+00,6.2285891683e-03
1.5206750376e+01,5.2114072048e-01,3.7298925087e-01,3.7285388495e-01,1.7395323081e-185,6.5378871815e-188,0.0000000000e+00,6.0932232532e-03
1.5538988108e+01,5.2680291300e-01,3.7771652442e-01,3.7761548401e-01,1.5915134841e-189,5.9800615462e-192,0.0000000000e+00,5.9921828410e-03
1.5878484585e+01,5.3252662522e-01,3.8245850627e-01,3.8239997567e-01,1.1881702087e-193,4.4634095607e-196,0.0000000000e+00,5.9336522342e-03
1.6225398395e+01,5.3831252556e-01,3.8725711357e-01,3.8723202775e-01,7.2070481019e-198,2.7067026054e-200,0.0000000000e+00,5.9085664122e-03
1.6579891592e+01,5.4416128969e-01,3.9214853402e-01,3.9213270190e-01,3.5360279885e-202,1.3276882021e-204,0.0000000000e+00,5.8927342950e-03
1.6942129773e+01,5.5007360063e-01,3.9713944126e-01,3.9711232389e-01,1.3968355018e-206,5.2435467293e-209,0.0000000000e+00,5.8656169287e-03
1.7312282148e+01,5.5605014881e-01,4.0221468020e-01,4.0216867020e-01,4.4215042549e-211,1.6594017691e-213,0.0000000000e+00,5.8196069262e-03
1.7690521629e+01,5.6209163217e-01,4.0735681833e-01,4.0729049335e-01,1.1160084154e-215,4.1874795167e-218,0.0000000000e+00,5.7532819460e-03
1.8077024901e+01,5.6819875623e-01,4.1254482672e-01,4.1246296069e-01,2.2349418656e-220,8.3841152277e-223,0.0000000000e+00,5.6714159164e-03
1.8471972514e+01,5.7437223418e-01,4.1776475249e-01,4.1767194326e-01,3.5331054353e-225,1.3251205816e-227,0.0000000000e+00,5.5786066818e-03
1.8875548959e+01,5.8061278695e-01,4.2300470662e-01,4.2290621392e-01,4.3861524782e-230,1.6447212006e-232,0.0000000000e+00,5.4801139814e-03
1.9287942760e+01,5.8692114330e-01,4.2825870191e-01,4.2815780909e-01,4.2535381685e-235,1.5946691444e-237,0.0000000000e+00,5.3792211604e-03
1.9709346558e+01,5.9329803994e-01,4.3352379430e-01,4.3342088947e-01,3.2048845028e-240,1.2012854529e-242,0.0000000000e+00,5.2763163317e-03
2.0139957204e+01,5.9974422153e-01,4.3879845728e-01,4.3868951891e-01,1.8658475883e-245,6.9923864853e-248,0.0000000000e+00,5.1673779676e-03
2.0579975850e+01,6.0626044087e-01,4.4407394912e-01,4.4395562162e-01,8.3461975597e-251,3.1271963531e-253,0.0000000000e+00,5.0490504597e-03
2.1029608042e+01,6.1284745892e-01,4.4933744469e-01,4.4920942246e-01,2.8519363498e-256,1.0683789400e-258,0.0000000000e+00,4.9210282276e-03
2.1489063817e+01,6.1950604490e-01,4.5457040473e-01,4.5444433428e-01,7.4004834509e-262,2.7718282189e-264,0.0000000000e+00,4.7949577729e-03
2.1958557802e+01,6.2623697640e-01,4.5975756449e-01,4.5966125678e-01,1.4495323238e-267,5.4282088414e-270,0.0000000000e+00,4.6986500612e-03
2.2438309312e+01,6.3304103945e-01,4.6495053629e-01,4.6485449773e-01,2.1302360007e-273,7.9759136743e-276,0.0000000000e+00,4.6026115033e-03
2.2928542453e+01,6.3991902863e-01,4.7027282432e-01,4.6998325988e-01,2.3348010898e-279,8.7403397667e-282,0.0000000000e+00,4.3130470597e-03
2.3429486228e+01,6.4687174714e-01,4.7519047348e-01,4.7498501878e-01,1.8941726331e-285,7.0896578493e-288,0.0000000000e+00,4.1075923606e-03
2.3941374645e+01,6.5390000692e-01,4.8005631441e-01,4.7982865465e-01,1.1308981730e-291,4.2321208962e-294,0.0000000000e+00,3.8799325975e-03
2.4464446822e+01,6.6100462873e-01,4.8471011228e-01,4.8453717586e-01,4.9341601252e-298,1.8461975350e-300,0.0000000000e+00,3.7069961792e-03
2.4998947102e+01,6.6818644223e-01,4.8916151332e-01,4.8920404359e-01,1.5625460468e-304,5.8456068657e-307,0.0000000000e+00,3.7495264479e-03
2.5545125167e+01,6.7544628611e-01,4.9376472704e-01,4.9397987548e-01,3.5691418597e-311,0.0000000000e+00,0.0000000000e+00,3.9646748883e-03
2.6103236153e+01,6.8278500818e-01,4.9896055870e-01,4.9895495227e-01,0.0000000000e+00,0.0000000000e+00,0.0000000000e+00,3.9590684557e-03
2.6673540772e+01,6.9020346544e-01,5.0412979717e-01,5.0408324304e-01,0.0000000000e+00,0.0000000000e+00,0.0000000000e+00,3.9125143248e-03
2.7256305431e+01,6.9770252422e-01,5.0937086127e-01,5.0927303316e-01,0.0000000000e+00,0.0000000000e+00,0.0000000000e+00,3.8146862200e-03
2.7851802358e+01,7.0528306026e-01,5.1453058485e-01,5.1448033060e-01,0.0000000000e+00,0.0000000000e+00,0.0000000000e+00,3.7644319714e-03
2.8460309726e+01,7.1294595880e-01,5.1975866559e-01,5.1970715092e-01,0.0000000000e+00,0.0000000000e+00,0.0000000000e+00,3.7129173019e-03
2.9082111790e+01,7.2069211471e-01,5.2502129067e-01,5.2496175017e-01,0.0000000000e+00,0.0000000000e+00,0.0000000000e+00,3.6533767991e-03
2.9717499011e+01,7.2852243258e-01,5.3030356654e-01,5.3024007180e-01,0.0000000000e+00,0.0000000000e+00,0.0000000000e+00,3.5898820595e-03
3.0366768200e+01,7.3643782684e-01,5.3559991948e-01,5.3553390097e-01,0.0000000000e+00,0.0000000000e+00,0.0000000000e+00,3.5238635513e-03
3.1030222650e+01,7.4443922183e-01,5.4090680462e-01,5.4083499504e-01,0.0000000000e+00,0.0000000000e+00,0.0000000000e+00,3.4520539734e-03
3.1708172280e+01,7.5252755196e-01,5.4621374080e-01,5.4613164488e-01,0.0000000000e+00,0.0000000000e+00,0.0000000000e+00,3.3699580593e-03
3.2400933784e+01,7.6070376177e-01,5.5150186280e-01,5.5140647993e-01,0.0000000000e+00,0.0000000000e+00,0.0000000000e+00,3.2745751869e-03
3.3108830770e+01,7.6896880608e-01,5.5674350528e-01,5.5663991836e-01,0.0000000000e+00,0.0000000000e+00,0.0000000000e+00,3.1709882646e-03
3.3832193920e+01,7.7732365008e-01,5.6191643424e-01,5.6181962014e-01,0.0000000000e+00,0.0000000000e+00,0.0000000000e+00,3.0741741632e-03
3.4571361139e+01,7.8576926943e-01,5.6703010761e-01,5.6694851370e-01,0.0000000000e+00,0.0000000000e+00,0.0000000000e+00,2.9925802541e-03
3.5326677715e+01,7.9430665041e-01,5.7210907316e-01,5.7204111025e-01,0.0000000000e+00,0.0000000000e+00,0.0000000000e+00,2.9246173480e-03
3.6098496480e+01,8.0293679002e-01,5.7718132168e-01,5.7710815679e-01,0.0000000000e+00,0.0000000000e+00,0.0000000000e+00,2.8514524639e-03
3.6887177974e+01,8.1166069606e-01,5.8222945001e-01,5.8214242601e-01,0.0000000000e+00,0.0000000000e+00,0.0000000000e+00,2.7644284695e-03
3.7693090615e+01,8.2047938733e-01,5.8722496985e-01,5.8711818081e-01,0.0000000000e+00,0.0000000000e+00,0.0000000000e+00,2.6576394331e-03
3.8516610870e+01,8.2939389365e-01,5.9212410171e-01,5.9200005255e-01,0.0000000000e+00,0.0000000000e+00,0.0000000000e+00,2.5335902767e-03
3.9358123431e+01,8.3840525606e-01,5.9688278060e-01,5.9675741850e-01,0.0000000000e+00,0.0000000000e+00,0.0000000000e+00,2.4082281807e-03
4.0218021394e+01,8.4751452689e-01,6.0149180593e-01,6.0137981804e-01,0.0000000000e+00,0.0000000000e+00,0.0000000000e+00,2.2962402837e-03
4.1096706445e+01,8.5672276993e-01,6.0597119365e-01,6.0588191513e-01,0.0000000000e+00,0.0000000000e+00,0.0000000000e+00,2.2069617601e-03
4.1994589044e+01,8.6603106050e-01,6.1036175967e-01,6.1029701431e-01,0.0000000000e+00,0.0000000000e+00,0.0000000000e+00,2.1422164052e-03
4.2912088621e+01,8.7544048563e-01,6.1470991238e-01,6.1466570882e-01,0.0000000000e+00,0.0000000000e+00,0.0000000000e+00,2.0980128493e-03
4.3849633767e+01,8.8495214413e-01,6.1905506700e-01,6.1902555102e-01,0.0000000000e+00,0.0000000000e+00,0.0000000000e+00,2.0684968690e-03
4.4807662440e+01,8.9456714678e-01,6.2342767279e-01,6.2341001047e-01,0.0000000000e+00,0.0000000000e+00,0.0000000000e+00,2.0508345515e-03
4.5786622165e+01,9.0428661641e-01,6.2782646788e-01,6.2788485034e-01,0.0000000000e+00,0.0000000000e+00,0.0000000000e+00,2.1092170066e-03
4.6786970243e+01,9.1411168804e-01,6.3240437758e-01,6.3257920019e-01,0.0000000000e+00,0.0000000000e+00,0.0000000000e+00,2.2840396173e-03
4.7809173969e+01,9.2404350906e-01,6.3770442794e-01,6.3743095842e-01,0.0000000000e+00,0.0000000000e+00,0.0000000000e+00,2.0105700986e-03
4.8853710845e+01,9.3408323928e-01,6.4227565821e-01,6.4203524637e-01,0.0000000000e+00,0.0000000000e+00,0.0000000000e+00,1.7701582623e-03
4.9921068808e+01,9.4423205114e-01,6.4642173298e-01,6.4616511762e-01,0.0000000000e+00,0.0000000000e+00,0.0000000000e+00,1.5135429087e-03
5.1011746454e+01,9.5449112982e-01,6.4995937161e-01,6.4988120685e-01,0.0000000000e+00,0.0000000000e+00,0.0000000000e+00,1.4353781513e-03
5.2126253271e+01,9.6486167336e-01,6.5342896515e-01,6.5340219981e-01,0.0000000000e+00,0.0000000000e+00,0.0000000000e+00,1.4086128131e-03
5.3265109880e+01,9.7534489283e-01,6.5690628923e-01,6.5689866816e-01,0.0000000000e+00,0.0000000000e+00,0.0000000000e+00,1.4009917407e-03
5.4428848278e+01,9.8594201244e-01,6.6043952325e-01,6.6042824009e-01,0.0000000000e+00,0.0000000000e+00,0.0000000000e+00,1.3897085785e-03
5.5618012082e+01,9.9665426974e-01,6.6401401543e-01,6.6399328291e-01,0.0000000000e+00,0.0000000000e+00,0.0000000000e+00,1.3689760536e-03
5.6833156787e+01,1.0074829157e+00,6.6760380894e-01,6.6757332539e-01,0.0000000000e+00,0.0000000000e+00,0.0000000000e+00,1.3384924977e-03
5.8074850026e+01,1.0184292148e+00,6.7118111932e-01,6.7114355917e-01,0.0000000000e+00,0.0000000000e+00,0.0000000000e+00,1.3009323464e-03
5.9343671832e+01,1.0294944455e+00,6.7472410126e-01,6.7468386101e-01,0.0000000000e+00,0.0000000000e+00,0.0000000000e+00,1.2606920886e-03
6.0640214911e+01,1.0406798998e+00,6.7822397465e-01,6.7818098067e-01,0.0000000000e+00,0.0000000000e+00,0.0000000000e+00,1.2176981132e-03
6.1965084919e+01,1.0519868841e+00,6.8166990738e-01,6.8162329102e-01,0.0000000000e+00,0.0000000000e+00,0.0000000000e+00,1.1710817518e-03
6.3318900743e+01,1.0634167188e+00,6.8504810054e-01,6.8499623664e-01,0.0000000000e+00,0.0000000000e+00,0.0000000000e+00,1.1192178485e-03
6.4702294793e+01,1.0749707386e+00,6.8833939254e-01,6.8827956000e-01,0.0000000000e+00,0.0000000000e+00,0.0000000000e+00,1.0593853103e-03
6.6115913295e+01,1.0866502927e+00,6.9151509679e-01,6.9144501884e-01,0.0000000000e+00,0.0000000000e+00,0.0000000000e+00,9.8930736248e-04
6.7560416595e+01,1.0984567452e+00,6.9453682093e-01,6.9445878619e-01,0.0000000000e+00,0.0000000000e+00,0.0000000000e+00,9.1127262470e-04
6.9036479465e+01,1.1103914748e+00,6.9737318757e-01,6.9728774062e-01,0.0000000000e+00,0.0000000000e+00,0.0000000000e+00,8.2582568051e-04
7.0544791419e+01,1.1224558751e+00,6.9999331168e-01,6.9989830634e-01,0.0000000000e+00,0.0000000000e+00,0.0000000000e+00,7.3082033515e-04
7.2086057038e+01,1.1346513552e+00,7.0235390397e-01,7.0225877469e-01,0.0000000000e+00,0.0000000000e+00,0.0000000000e+00,6.3569105728e-04
7.3660996294e+01,1.1469793391e+00,7.0444296310e-01,7.0436087952e-01,0.0000000000e+00,0.0000000000e+00,0.0000000000e+00,5.5360747589e-04
7.5270344889e+01,1.1594412665e+00,7.0629438158e-01,7.0623369980e-01,0.0000000000e+00,0.0000000000e+00,0.0000000000e+00,4.9292570131e-04
7.6914854602e+01,1.1720385927e+00,7.0797239704e-01,7.0793712216e-01,0.0000000000e+00,0.0000000000e+00,0.0000000000e+00,4.5765082118e-04
7.8595293633e+01,1.1847727888e+00,7.0956095508e-01,7.0954273887e-01,0.0000000000e+00,0.0000000000e+00,0.0000000000e+00,4.3943461272e-04
8.0312446968e+01,1.1976453420e+00,7.1111843972e-01,7.1109994211e-01,0.0000000000e+00,0.0000000000e+00,0.0000000000e+00,4.2093700212e-04
8.2067116743e+01,1.2106577554e+00,7.1263919669e-01,7.1261470534e-01,0.0000000000e+00,0.0000000000e+00,0.0000000000e+00,3.9644565495e-04
8.3860122617e+01,1.2238115486e+00,7.1409855216e-01,7.1406594454e-01,0.0000000000e+00,0.0000000000e+00,0.0000000000e+00,3.6383803448e-04
8.5692302161e+01,1.2371082578e+00,7.1546251195e-01,7.1542317123e-01,0.0000000000e+00,0.0000000000e+00,0.0000000000e+00,3.2449731173e-04
8.7564511242e+01,1.2505494356e+00,7.1670144655e-01,7.1665626514e-01,0.0000000000e+00,0.0000000000e+00,0.0000000000e+00,2.7931590271e-04
8.9477624427e+01,1.2641366519e+00,7.1778761473e-01,7.1773723827e-01,0.0000000000e+00,0.0000000000e+00,0.0000000000e+00,2.2893944587e-04
9.1432535390e+01,1.2778714932e+00,7.1869361551e-01,7.1864272628e-01,0.0000000000e+00,0.0000000000e+00,0.0000000000e+00,1.7805020794e-04
9.3430157332e+01,1.2917555635e+00,7.1941050570e-01,7.1936340946e-01,0.0000000000e+00,0.0000000000e+00,0.0000000000e+00,1.3095396182e-04
9.5471423403e+01,1.3057904842e+00,7.1994686260e-01,7.1990637597e-01,0.0000000000e+00,0.0000000000e+00,0.0000000000e+00,9.0467330828e-05
9.7557287142e+01,1.3199778942e+00,7.2032406682e-01,7.2028922832e-01,0.0000000000e+00,0.0000000000e+00,0.0000000000e+00,5.5628835357e-05
9.9688722922e+01,1.3343194505e+00,7.2056072946e-01,7.2052681648e-01,0.0000000000e+00,0.0000000000e+00,0.0000000000e+00,2.1715858764e-05
1.0186672640e+02,1.3488168277e+00,7.2065498626e-01,7.2062080644e-01,0.0000000000e+00,0.0000000000e+00,0.0000000000e+00,-1.2463961784e-05
1.0409231499e+02,1.3634717189e+00,7.2060032007e-01,7.2056528794e-01,0.0000000000e+00,0.0000000000e+00,0.0000000000e+00,-4.7496087491e-05
1.0636652834e+02,1.3782858354e+00,7.2038726617e-01,7.2035212821e-01,0.0000000000e+00,0.0000000000e+00,0.0000000000e+00,-8.2634043671e-05
1.0869042880e+02,1.3932609073e+00,7.2000974079e-01,7.1997439723e-01,0.0000000000e+00,0.0000000000e+00,0.0000000000e+00,-1.1797760511e-04
1.1106510194e+02,1.4083986832e+00,7.1946093279e-01,7.1942497678e-01,0.0000000000e+00,0.0000000000e+00,0.0000000000e+00,-1.5393361464e-04
1.1349165703e+02,1.4237009311e+00,7.1873180643e-01,7.1869523137e-01,0.0000000000e+00,0.0000000000e+00,0.0000000000e+00,-1.9050867237e-04
1.1597122760e+02,1.4391694379e+00,7.1781294788e-01,7.1777638896e-01,0.0000000000e+00,0.0000000000e+00,0.0000000000e+00,-2.2706759294e-04
1.1850497194e+02,1.4548060099e+00,7.1669781360e-01,7.1666181252e-01,0.0000000000e+00,0.0000000000e+00,0.0000000000e+00,-2.6306867827e-04
1.2109407364e+02,1.4706124733e+00,7.1538241788e-01,7.1534708210e-01,0.0000000000e+00,0.0000000000e+00,0.0000000000e+00,-2.9840446220e-04
1.2373974213e+02,1.4865906738e+00,7.1386322296e-01,7.1382867684e-01,0.0000000000e+00,0.0000000000e+00,0.0000000000e+00,-3.3295058357e-04
1.2644321331e+02,1.5027424775e+00,7.1213732862e-01,7.1210356034e-01,0.0000000000e+00,0.0000000000e+00,0.0000000000e+00,-3.6671886872e-04
1.2920575004e+02,1.5190697704e+00,7.1020174726e-01,7.1016893821e-01,0.0000000000e+00,0.0000000000e+00,0.0000000000e+00,-3.9952791570e-04
1.3202864279e+02,1.5355744594e+00,7.0805447749e-01,7.0802288657e-01,0.0000000000e+00,0.0000000000e+00,0.0000000000e+00,-4.3111883454e-04
1.3491321022e+02,1.5522584717e+00,7.0569501263e-01,7.0566461213e-01,0.0000000000e+00,0.0000000000e+00,0.0000000000e+00,-4.6151933183e-04
1.3786079980e+02,1.5691237558e+00,7.0312280258e-01,7.0309339324e-01,0.0000000000e+00,0.0000000000e+00,0.0000000000e+00,-4.9092866470e-04
1.4087278845e+02,1.5861722811e+00,7.0033626336e-01,7.0030769886e-01,0.0000000000e+00,0.0000000000e+00,0.0000000000e+00,-5.1949317023e-04
1.4395058315e+02,1.6034060387e+00,6.9733302593e-01,6.9730509573e-01,0.0000000000e+00,0.0000000000e+00,0.0000000000e+00,-5.4742337102e-04
1.4709562165e+02,1.6208270409e+00,6.9410944100e-01,6.9408253441e-01,0.0000000000e+00,0.0000000000e+00,0.0000000000e+00,-5.7432995482e-04
1.5030937308e+02,1.6384373223e+00,6.9066416443e-01,6.9063863873e-01,0.0000000000e+00,0.0000000000e+00,0.0000000000e+00,-5.9985564692e-04
1.5359333869e+02,1.6562389394e+00,6.8699810968e-01,6.8697383368e-01,0.0000000000e+00,0.0000000000e+00,0.0000000000e+00,-6.2413164654e-04
1.5694905252e+02,1.6742339710e+00,6.8311151064e-01,6.8308843952e-01,0.0000000000e+00,0.0000000000e+00,0.0000000000e+00,-6.4720276784e-04
1.6037808212e+02,1.6924245186e+00,6.7900445544e-01,6.7898243405e-01,0.0000000000e+00,0.0000000000e+00,0.0000000000e+00,-6.6922415709e-04
1.6388202932e+02,1.7108127064e+00,6.7467612738e-01,6.7465522106e-01,0.0000000000e+00,0.0000000000e+00,0.0000000000e+00,-6.9013047713e-04
1.6746253090e+02,1.7294006818e+00,6.7012620531e-01,6.7010656527e-01,0.0000000000e+00,0.0000000000e+00,0.0000000000e+00,-7.0977052040e-04
1.7112125943e+02,1.7481906155e+00,6.6535547724e-01,6.6533706895e-01,0.0000000000e+00,0.0000000000e+00,0.0000000000e+00,-7.2817881233e-04
1.7485992402e+02,1.7671847018e+00,6.6036463068e-01,6.6034740060e-01,0.0000000000e+00,0.0000000000e+00,0.0000000000e+00,-7.4540888745e-04
1.7868027112e+02,1.7863851588e+00,6.5515411017e-01,6.5513808854e-01,0.0000000000e+00,0.0000000000e+00,0.0000000000e+00,-7.6143051776e-04
1.8258408532e+02,1.8057942287e+00,6.4972469684e-01,6.4970990383e-01,0.0000000000e+00,0.0000000000e+00,0.0000000000e+00,-7.7622352567e-04
1.8657319022e+02,1.8254141781e+00,6.4407745560e-01,6.4406387375e-01,0.0000000000e+00,0.0000000000e+00,0.0000000000e+00,-7.8980537285e-04
1.9064944926e+02,1.8452472982e+00,6.3821347184e-01,6.3820114872e-01,0.0000000000e+00,0.0000000000e+00,0.0000000000e+00,-8.0212849112e-04
1.9481476657e+02,1.8652959051e+00,6.3213434668e-01,6.3212336629e-01,0.0000000000e+00,0.0000000000e+00,0.0000000000e+00,-8.1310888417e-04
1.9907108792e+02,1.8855623401e+00,6.2584251429e-01,6.2583321546e-01,0.0000000000e+00,0.0000000000e+00,0.0000000000e+00,-8.2240771034e-04
2.0342040156e+02,1.9060489698e+00,6.1934334395e-01,6.1933558780e-01,0.0000000000e+00,0.0000000000e+00,0.0000000000e+00,-8.3016386352e-04
2.0786473919e+02,1.9267581867e+00,6.1264150598e-01,6.1263525216e-01,0.0000000000e+00,0.0000000000e+00,0.0000000000e+00,-8.3641768611e-04
2.1240617690e+02,1.9476924092e+00,6.0574173360e-01,6.0573694883e-01,0.0000000000e+00,0.0000000000e+00,0.0000000000e+00,-8.4120245739e-04
2.1704683613e+02,1.9688540819e+00,5.9864888436e-01,5.9864543225e-01,0.0000000000e+00,0.0000000000e+00,0.0000000000e+00,-8.4465456578e-04
2.2178888468e+02,1.9902456762e+00,5.9136705619e-01,5.9136481629e-01,0.0000000000e+00,0.0000000000e+00,0.0000000000e+00,-8.4689446474e-04
2.2663453772e+02,2.0118696900e+00,5.8389965883e-01,5.8389851907e-01,0.0000000000e+00,0.0000000000e+00,0.0000000000e+00,-8.4803421816e-04
2.3158605878e+02,2.0337286488e+00,5.7624942351e-01,5.7624943095e-01,0.0000000000e+00,0.0000000000e+00,0.0000000000e+00,-8.4802677497e-04
2.3664576090e+02,2.0558251050e+00,5.6841981140e-01,5.6842113660e-01,0.0000000000e+00,0.0000000000e+00,0.0000000000e+00,-8.4670157125e-04
2.4181600760e+02,2.0781616392e+00,5.6041625281e-01,5.6041908481e-01,0.0000000000e+00,0.0000000000e+00,0.0000000000e+00,-8.4386957058e-04
2.4709921407e+02,2.1007408598e+00,5.5224651851e-01,5.5225081610e-01,0.0000000000e+00,0.0000000000e+00,0.0000000000e+00,-8.3957197357e-04
2.5249784826e+02,2.1235654036e+00,5.4391866166e-01,5.4392431397e-01,0.0000000000e+00,0.0000000000e+00,0.0000000000e+00,-8.3391966548e-04
2.5801443204e+02,2.1466379359e+00,5.3544033523e-01,5.3544720178e-01,0.0000000000e+00,0.0000000000e+00,0.0000000000e+00,-8.2705311500e-04
2.6365154238e+02,2.1699611513e+00,5.2681843836e-01,5.2682648566e-01,0.0000000000e+00,0.0000000000e+00,0.0000000000e+00,-8.1900581078e-04
2.6941181255e+02,2.1935377733e+00,5.1806018021e-01,5.1806935929e-01,0.0000000000e+00,0.0000000000e+00,0.0000000000e+00,-8.0982672975e-04
2.7529793335e+02,2.2173705553e+00,5.0917293876e-01,5.0918313011e-01,0.0000000000e+00,0.0000000000e+00,0.0000000000e+00,-7.9963538120e-04
2.8131265436e+02,2.2414622803e+00,5.0016347920e-01,5.0017464673e-01,0.0000000000e+00,0.0000000000e+00,0.0000000000e+00,-7.8846785133e-04
2.8745878526e+02,2.2658157619e+00,4.9103884924e-01,4.9105086476e-01,0.0000000000e+00,0.0000000000e+00,0.0000000000e+00,-7.7645232356e-04
2.9373919709e+02,2.2904338441e+00,4.8180530939e-01,4.8181806685e-01,0.0000000000e+00,0.0000000000e+00,0.0000000000e+00,-7.6369486813e-04
3.0015682362e+02,2.3153194016e+00,4.7246850915e-01,4.7248209038e-01,0.0000000000e+00,0.0000000000e+00,0.0000000000e+00,-7.5011364601e-04
3.0671466274e+02,2.3404753406e+00,4.6303577581e-01,4.6305021465e-01,0.0000000000e+00,0.0000000000e+00,0.0000000000e+00,-7.3567481220e-04
3.1341577780e+02,2.3659045988e+00,4.5351568264e-01,4.5353100333e-01,0.0000000000e+00,0.0000000000e+00,0.0000000000e+00,-7.2035412750e-04
3.2026329911e+02,2.3916101459e+00,4.4391805906e-01,4.4393424426e-01,0.0000000000e+00,0.0000000000e+00,0.0000000000e+00,-7.0416893355e-04
3.2726042536e+02,2.4175949836e+00,4.3425355776e-01,4.3427052952e-01,0.0000000000e+00,0.0000000000e+00,0.0000000000e+00,-6.8719717021e-04
3.3441042512e+02,2.4438621466e+00,4.2453288045e-01,4.2455055348e-01,0.0000000000e+00,0.0000000000e+00,0.0000000000e+00,-6.6952414253e-04
3.4171663838e+02,2.4704147022e+00,4.1476665479e-01,4.1478495015e-01,0.0000000000e+00,0.0000000000e+00,0.0000000000e+00,-6.5122877898e-04
3.4918247811e+02,2.4972557512e+00,4.0496549679e-01,4.0498435682e-01,0.0000000000e+00,0.0000000000e+00,0.0000000000e+00,-6.3236875237e-04
3.5681143182e+02,2.5243884282e+00,3.9514031334e-01,3.9515968856e-01,0.0000000000e+00,0.0000000000e+00,0.0000000000e+00,-6.1299353264e-04
3.6460706323e+02,2.5518159016e+00,3.8530244351e-01,3.8532215699e-01,0.0000000000e+00,0.0000000000e+00,0.0000000000e+00,-5.9328005178e-04
3.7257301393e+02,2.5795413745e+00,3.7546156992e-01,3.7548147670e-01,0.0000000000e+00,0.0000000000e+00,0.0000000000e+00,-5.7337327127e-04
3.8071300507e+02,2.6075680845e+00,3.6562600467e-01,3.6564609519e-01,0.0000000000e+00,0.0000000000e+00,0.0000000000e+00,-5.5328274810e-04
3.8903083908e+02,2.6358993047e+00,3.5580486845e-01,3.5582506914e-01,0.0000000000e+00,0.0000000000e+00,0.0000000000e+00,-5.3308206197e-04
3.9753040148e+02,2.6645383435e+00,3.4600699664e-01,3.4602728825e-01,0.0000000000e+00,0.0000000000e+00,0.0000000000e+00,-5.1279045152e-04
4.0621566268e+02,2.6934885454e+00,3.3624189583e-01,3.3626222178e-01,0.0000000000e+00,0.0000000000e+00,0.0000000000e+00,-4.9246450212e-04
4.1509067985e+02,2.7227532911e+00,3.2651906619e-01,3.2653936044e-01,0.0000000000e+00,0.0000000000e+00,0.0000000000e+00,-4.7217024977e-04
4.2415959876e+02,2.7523359983e+00,3.1684776245e-01,3.1686793791e-01,0.0000000000e+00,0.0000000000e+00,0.0000000000e+00,-4.5199479350e-04
4.3342665581e+02,2.7822401214e+00,3.0723646086e-01,3.0725645046e-01,0.0000000000e+00,0.0000000000e+00,0.0000000000e+00,-4.3200518866e-04
4.4289617991e+02,2.8124691528e+00,2.9769313120e-01,2.9771288342e-01,0.0000000000e+00,0.0000000000e+00,0.0000000000e+00,-4.1225296357e-04
4.5257259458e+02,2.8430266225e+00,2.8822546393e-01,2.8824490861e-01,0.0000000000e+00,0.0000000000e+00,0.0000000000e+00,-3.9280828566e-04
4.6246041998e+02,2.8739160991e+00,2.7884033001e-01,2.7885944361e-01,0.0000000000e+00,0.0000000000e+00,0.0000000000e+00,-3.7369467851e-04
4.7256427500e+02,2.9051411897e+00,2.6954475511e-01,2.6956349755e-01,0.0000000000e+00,0.0000000000e+00,0.0000000000e+00,-3.5495224082e-04
4.8288887948e+02,2.9367055409e+00,2.6034546638e-01,2.6036383962e-01,0.0000000000e+00,0.0000000000e+00,0.0000000000e+00,-3.3657900283e-04
4.9343905636e+02,2.9686128386e+00,2.5124992491e-01,2.5126792202e-01,0.0000000000e+00,0.0000000000e+00,0.0000000000e+00,-3.1858188576e-04
5.0421973396e+02,3.0008668091e+00,2.4226614844e-01,2.4228375287e-01,0.0000000000e+00,0.0000000000e+00,0.0000000000e+00,-3.0097745591e-04
5.1523594826e+02,3.0334712188e+00,2.3340246410e-01,2.3341962454e-01,0.0000000000e+00,0.0000000000e+00,0.0000000000e+00,-2.8381701647e-04
5.2649284528e+02,3.0664298754e+00,2.2466642609e-01,2.2468313191e-01,0.0000000000e+00,0.0000000000e+00,0.0000000000e+00,-2.6711119033e-04
5.3799568347e+02,3.0997466277e+00,2.1606590865e-01,2.1608209293e-01,0.0000000000e+00,0.0000000000e+00,0.0000000000e+00,-2.5092690862e-04
5.4974983616e+02,3.1334253664e+00,2.0760719586e-01,2.0762281512e-01,0.0000000000e+00,0.0000000000e+00,0.0000000000e+00,-2.3530764973e-04
5.6176079408e+02,3.1674700245e+00,1.9929542789e-01,1.9931047768e-01,0.0000000000e+00,0.0000000000e+00,0.0000000000e+00,-2.2025785966e-04
5.7403416793e+02,3.2018845777e+00,1.9113575603e-01,1.9115021568e-01,0.0000000000e+00,0.0000000000e+00,0.0000000000e+00,-2.0579820509e-04
5.8657569097e+02,3.2366730450e+00,1.8313265409e-01,1.8314651141e-01,0.0000000000e+00,0.0000000000e+00,0.0000000000e+00,-1.9194088156e-04
5.9939122174e+02,3.2718394889e+00,1.7529006488e-01,1.7530331212e-01,0.0000000000e+00,0.0000000000e+00,0.0000000000e+00,-1.7869364494e-04
6.1248674677e+02,3.3073880160e+00,1.6761142384e-01,1.6762405809e-01,0.0000000000e+00,0.0000000000e+00,0.0000000000e+00,-1.6605939074e-04
6.2586838340e+02,3.3433227779e+00,1.6009971838e-01,1.6011176543e-01,0.0000000000e+00,0.0000000000e+00,0.0000000000e+00,-1.5401234056e-04
6.3954238259e+02,3.3796479708e+00,1.5275870936e-01,1.5277015930e-01,0.0000000000e+00,0.0000000000e+00,0.0000000000e+00,-1.4256240590e-04
6.5351513190e+02,3.4163678368e+00,1.4559126148e-01,1.4560211940e-01,0.0000000000e+00,0.0000000000e+00,0.0000000000e+00,-1.3170449235e-04
6.6779315844e+02,3.4534866641e+00,1.3859988554e-01,1.3861018603e-01,0.0000000000e+00,0.0000000000e+00,0.0000000000e+00,-1.2140400898e-04
6.8238313191e+02,3.4910087874e+00,1.3178826941e-01,1.3179800046e-01,0.0000000000e+00,0.0000000000e+00,0.0000000000e+00,-1.1167295103e-04
6.9729186775e+02,3.5289385884e+00,1.2515874738e-01,1.2516790072e-01,0.0000000000e+00,0.0000000000e+00,0.0000000000e+00,-1.0251960417e-04
7.1252633028e+02,3.5672804966e+00,1.1871215894e-01,1.1872075666e-01,0.0000000000e+00,0.0000000000e+00,0.0000000000e+00,-9.3921883282e-05
7.2809363600e+02,3.6060389895e+00,1.1244947880e-01,1.1245755556e-01,0.0000000000e+00,0.0000000000e+00,0.0000000000e+00,-8.5845117104e-05
7.4400105689e+02,3.6452185934e+00,1.0637273129e-01,1.0638029841e-01,0.0000000000e+00,0.0000000000e+00,0.0000000000e+00,-7.8277998638e-05
7.6025602378e+02,3.6848238835e+00,1.0048348730e-01,1.0049053768e-01,0.0000000000e+00,0.0000000000e+00,0.0000000000e+00,-7.1227618514e-05
7.7686612989e+02,3.7248594850e+00,9.4781251744e-02,9.4787808126e-02,0.0000000000e+00,0.0000000000e+00,0.0000000000e+00,-6.4671236447e-05
7.9383913430e+02,3.7653300732e+00,8.9265455044e-02,8.9271551245e-02,0.0000000000e+00,0.0000000000e+00,0.0000000000e+00,-5.8575035072e-05
8.1118296564e+02,3.8062403743e+00,8.3936470008e-02,8.3942130007e-02,0.0000000000e+00,0.0000000000e+00,0.0000000000e+00,-5.2915036330e-05
8.2890572575e+02,3.8475951656e+00,7.8794948194e-02,7.8800180864e-02,0.0000000000e+00,0.0000000000e+00,0.0000000000e+00,-4.7682366568e-05
8.4701569348e+02,3.8893992767e+00,7.3840351131e-02,7.3845171299e-02,0.0000000000e+00,0.0000000000e+00,0.0000000000e+00,-4.2862198344e-05
8.6552132856e+02,3.9316575893e+00,6.9071299409e-02,6.9075728660e-02,0.0000000000e+00,0.0000000000e+00,0.0000000000e+00,-3.8432947131e-05
8.8443127554e+02,3.9743750383e+00,6.4486192449e-02,6.4490271413e-02,0.0000000000e+00,0.0000000000e+00,0.0000000000e+00,-3.4353983013e-05
9.0375436786e+02,4.0175566124e+00,6.0085667201e-02,6.0089417139e-02,0.0000000000e+00,0.0000000000e+00,0.0000000000e+00,-3.0604044381e-05
9.2349963192e+02,4.0612073541e+00,5.5870702866e-02,5.5874127047e-02,0.0000000000e+00,0.0000000000e+00,0.0000000000e+00,-2.7179862838e-05
9.4367629136e+02,4.1053323610e+00,5.1840110501e-02,5.1843220393e-02,0.0000000000e+00,0.0000000000e+00,0.0000000000e+00,-2.4069971006e-05
9.6429377131e+02,4.1499367859e+00,4.7991218452e-02,4.7994031010e-02,0.0000000000e+00,0.0000000000e+00,0.0000000000e+00,-2.1257413226e-05
9.8536170285e+02,4.1950258379e+00,4.4320470557e-02,4.4323013371e-02,0.0000000000e+00,0.0000000000e+00,0.0000000000e+00,-1.8714598457e-05
1.0068899275e+03,4.2406047822e+00,4.0825304703e-02,4.0827604966e-02,0.0000000000e+00,0.0000000000e+00,0.0000000000e+00,-1.6414336133e-05
1.0288885016e+03,4.2866789417e+00,3.7504625658e-02,3.7506697380e-02,0.0000000000e+00,0.0000000000e+00,0.0000000000e+00,-1.4342613700e-05
1.0513677016e+03,4.3332536968e+00,3.4356618708e-02,3.4358477268e-02,0.0000000000e+00,0.0000000000e+00,0.0000000000e+00,-1.2484053686e-05
1.0743380281e+03,4.3803344865e+00,3.1379000911e-02,3.1380661507e-02,0.0000000000e+00,0.0000000000e+00,0.0000000000e+00,-1.0823457359e-05
1.0978102112e+03,4.4279268088e+00,2.8569026392e-02,2.8570505755e-02,0.0000000000e+00,0.0000000000e+00,0.0000000000e+00,-9.3440938136e-06
1.1217952157e+03,4.4760362216e+00,2.5924006117e-02,2.5925320673e-02,0.0000000000e+00,0.0000000000e+00,0.0000000000e+00,-8.0295375958e-06
1.1463042455e+03,4.5246683430e+00,2.3441525763e-02,2.3442687221e-02,0.0000000000e+00,0.0000000000e+00,0.0000000000e+00,-6.8680797155e-06
1.1713487496e+03,4.5738288523e+00,2.1118264362e-02,2.1119285841e-02,0.0000000000e+00,0.0000000000e+00,0.0000000000e+00,-5.8466006005e-06
1.1969404272e+03,4.6235234904e+00,1.8950490572e-02,1.8951384359e-02,0.0000000000e+00,0.0000000000e+00,0.0000000000e+00,-4.9528128687e-06
1.2230912328e+03,4.6737580606e+00,1.6933948728e-02,1.6934728005e-02,0.0000000000e+00,0.0000000000e+00,0.0000000000e+00,-4.1735359485e-06
1.2498133824e+03,4.7245384292e+00,1.5064479553e-02,1.5065157045e-02,0.0000000000e+00,0.0000000000e+00,0.0000000000e+00,-3.4960435253e-06
1.2771193586e+03,4.7758705264e+00,1.3338318626e-02,1.3338904685e-02,0.0000000000e+00,0.0000000000e+00,0.0000000000e+00,-2.9099844991e-06
1.3050219169e+03,4.8277603468e+00,1.1751472920e-02,1.1751976441e-02,0.0000000000e+00,0.0000000000e+00,0.0000000000e+00,-2.4064641440e-06
1.3335340915e+03,4.8802139499e+00,1.0299259438e-02,1.0299688757e-02,0.0000000000e+00,0.0000000000e+00,0.0000000000e+00,-1.9771455592e-06
1.3626692014e+03,4.9332374612e+00,8.9761894403e-03,8.9765533239e-03,0.0000000000e+00,0.0000000000e+00,0.0000000000e+00,-1.6132619911e-06
1.3924408563e+03,4.9868370729e+00,7.7765596084e-03,7.7768666128e-03,0.0000000000e+00,0.0000000000e+00,0.0000000000e+00,-1.3062575978e-06
1.4228629637e+03,5.0410190441e+00,6.6948919310e-03,6.6951492158e-03,0.0000000000e+00,0.0000000000e+00,0.0000000000e+00,-1.0489728487e-06
1.4539497345e+03,5.0957897024e+00,5.7255069755e-03,5.7257208818e-03,0.0000000000e+00,0.0000000000e+00,0.0000000000e+00,-8.3506658445e-07
1.4857156905e+03,5.1511554437e+00,4.8623599843e-03,4.8625361363e-03,0.0000000000e+00,0.0000000000e+00,0.0000000000e+00,-6.5891460335e-07
1.5181756704e+03,5.2071227336e+00,4.0988587090e-03,4.0990028068e-03,0.0000000000e+00,0.0000000000e+00,0.0000000000e+00,-5.1481680072e-07
1.5513448373e+03,5.2636981080e+00,3.4285777845e-03,3.4286944811e-03,0.0000000000e+00,0.0000000000e+00,0.0000000000e+00,-3.9812023532e-07
1.5852386857e+03,5.3208881737e+00,2.8447697049e-03,2.8448632442e-03,0.0000000000e+00,0.0000000000e+00,0.0000000000e+00,-3.0458089010e-07
1.6198730482e+03,5.3786996093e+00,2.3405027465e-03,2.3405769934e-03,0.0000000000e+00,0.0000000000e+00,0.0000000000e+00,-2.3033398342e-07
1.6552641038e+03,5.4371391660e+00,1.9088934268e-03,1.9089515462e-03,0.0000000000e+00,0.0000000000e+00,0.0000000000e+00,-1.7221455791e-07
1.6914283847e+03,5.4962136683e+00,1.5427311317e-03,1.5427762107e-03,0.0000000000e+00,0.0000000000e+00,0.0000000000e+00,-1.2713559733e-07
1.7283827844e+03,5.5559300149e+00,1.2352195061e-03,1.2352540289e-03,0.0000000000e+00,0.0000000000e+00,0.0000000000e+00,-9.2612815760e-08
1.7661445653e+03,5.6162951795e+00,9.7971424330e-04,9.7974030753e-04,0.0000000000e+00,0.0000000000e+00,0.0000000000e+00,-6.6548587230e-08
1.8047313673e+03,5.6773162114e+00,7.6973786767e-04,7.6975729828e-04,0.0000000000e+00,0.0000000000e+00,0.0000000000e+00,-4.7117975949e-08
1.8441612154e+03,5.7390002366e+00,5.9924166814e-04,5.9925593310e-04,0.0000000000e+00,0.0000000000e+00,0.0000000000e+00,-3.2853023819e-08
1.8844525284e+03,5.8013544586e+00,4.6252567769e-04,4.6253595842e-04,0.0000000000e+00,0.0000000000e+00,0.0000000000e+00,-2.2572286628e-08
1.9256241278e+03,5.8643861591e+00,3.5418759661e-04,3.5419487974e-04,0.0000000000e+00,0.0000000000e+00,0.0000000000e+00,-1.5289149797e-08
1.9676952461e+03,5.9281026988e+00,2.6930411834e-04,2.6930918088e-04,0.0000000000e+00,0.0000000000e+00,0.0000000000e+00,-1.0226606051e-08
2.0106855359e+03,5.9925115186e+00,2.0343137821e-04,2.0343484105e-04,0.0000000000e+00,0.0000000000e+00,0.0000000000e+00,-6.7637671228e-09
2.0546150795e+03,6.0576201400e+00,1.5272933783e-04,1.5273167240e-04,0.0000000000e+00,0.0000000000e+00,0.0000000000e+00,-4.4291982058e-09
2.0995043975e+03,6.1234361664e+00,1.1396954753e-04,1.1397110487e-04,0.0000000000e+00,0.0000000000e+00,0.0000000000e+00,-2.8718620167e-09
2.1453744594e+03,6.1899672838e+00,8.4537149437e-05,8.4538177691e-05,0.0000000000e+00,0.0000000000e+00,0.0000000000e+00,-1.8436075474e-09
2.1922466923e+03,6.2572212615e+00,6.2337169910e-05,6.2337841673e-05,0.0000000000e+00,0.0000000000e+00,0.0000000000e+00,-1.1718449732e-09
2.2401429917e+03,6.3252059536e+00,4.5702156812e-05,4.5702590568e-05,0.0000000000e+00,0.0000000000e+00,0.0000000000e+00,-7.3808847651e-10
2.2890857316e+03,6.3939292991e+00,3.3308243151e-05,3.3308519919e-05,0.0000000000e+00,0.0000000000e+00,0.0000000000e+00,-4.6132058197e-10
2.3390977745e+03,6.4633993237e+00,2.4113066811e-05,2.4113241470e-05,0.0000000000e+00,0.0000000000e+00,0.0000000000e+00,-2.8666211737e-10
2.3902024826e+03,6.5336241398e+00,1.7306509505e-05,1.7306618918e-05,0.0000000000e+00,0.0000000000e+00,0.0000000000e+00,-1.7724895450e-10
2.4424237287e+03,6.6046119484e+00,1.2274783797e-05,1.2274852035e-05,0.0000000000e+00,0.0000000000e+00,0.0000000000e+00,-1.0901143062e-10
2.4957859067e+03,6.6763710393e+00,8.5612148822e-06,8.5612573774e-06,0.0000000000e+00,0.0000000000e+00,0.0000000000e+00,-6.6516214847e-11
2.5503139439e+03,6.7489097925e+00,5.8317477858e-06,5.8317742167e-06,0.0000000000e+00,0.0000000000e+00,0.0000000000e+00,-4.0085291519e-11
2.6060333119e+03,6.8222366792e+00,3.8426958002e-06,3.8427121910e-06,0.0000000000e+00,0.0000000000e+00,0.0000000000e+00,-2.3694478589e-11
2.6629700391e+03,6.8963602622e+00,2.4153331868e-06,2.4153432912e-06,0.0000000000e+00,0.0000000000e+00,0.0000000000e+00,-1.3590008657e-11
2.7211507224e+03,6.9712891978e+00,1.4174413031e-06,1.4174474707e-06,0.0000000000e+00,0.0000000000e+00,0.0000000000e+00,-7.4224305359e-12
2.7806025397e+03,7.0470322360e+00,7.5037292811e-07,7.5037663527e-07,0.0000000000e+00,0.0000000000e+00,0.0000000000e+00,-3.7152721885e-12
2.8413532628e+03,7.1235982221e+00,3.3999416146e-07,3.3999628952e-07,0.0000000000e+00,0.0000000000e+00,0.0000000000e+00,-1.5872152622e-12
2.9034312704e+03,7.2009960975e+00,1.2362116130e-07,1.2362220809e-07,0.0000000000e+00,0.0000000000e+00,0.0000000000e+00,-5.4042503171e-13
2.9668655609e+03,7.2792349006e+00,3.2351301548e-08,3.2351704669e-08,0.0000000000e+00,0.0000000000e+00,0.0000000000e+00,-1.3730420636e-13
3.0316857665e+03,7.3583237681e+00,3.5790338231e-09,3.5791568496e-09,0.0000000000e+00,0.0000000000e+00,0.0000000000e+00,-1.4277677943e-14
3.0979221667e+03,7.4382719359e+00,0.0000000000e+00,1.3580666110e-14,0.0000000000e+00,0.0000000000e+00,0.0000000000e+00,-6.9701183290e-16
3.1656057026e+03,7.5190887403e+00,0.0000000000e+00,0.0000000000e+00,0.0000000000e+00,0.0000000000e+00,0.0000000000e+00,-6.9701183290e-16
