# QPD Phase-16 plan 16-03 -- SC4 AS WRITTEN, ADJUDICATED, and the NAMED crossovers.
# axis = RECONSTRUCTED; not_folded_through_response = True on every row.
#
# ============ ROADMAP PHASE 16 SC4, EVALUATED AS LITERALLY WRITTEN ==========
# The criterion, quoted VERBATIM: "the LEE amplitude at which S/B_particle = 1".
# VERDICT: SUPERSEDED BY MEASUREMENT.
#   DETERMINATION 1 -- does S/B_particle depend on the LEE amplitude A under this milestone's own definitions?
#     ANSWER: False.
#     CONTRAST, computed: the differently-named S/B_total moves from 1.332628e-02 at A = 1e-06 dru to 6.866716e-06 at A = 1e+06 dru, a factor 1.9407e+03; over the same range S/B_particle is 1.332628e-02 at BOTH, because assemble() takes no LEE amplitude and its summed channel set ['compton_gamma', 'ge71_ec_M_line', 'muon_ionization', 'neutron_elastic', 'prompt_ngamma_capture'] contains no LEE term. d(S/B_particle)/dA = 0 exactly.
#   DETERMINATION 2 -- can S/B_particle reach 1 for any non-negative A?
#     ANSWER: False.
#     the supremum of S/B_particle over the emitted layers is 1.332628e-02, a factor 75.0397 BELOW 1 before any LEE is added; and under the charitable reading S/B_total = 1 the required LEE band integral is S - B_particle = 72.9214 - 5472.0006 = -5399.0791 counts/kg/day, which is NEGATIVE, so no A >= 0 satisfies it.
#   The criterion has NO solution, and both independent reasons are measured rather than asserted: S/B_particle does not depend on A at all, and its value is already far below 1 before any LEE is added. The criterion was written when the milestone expected a ratio near unity at the shielded VNS, where 'S/B = 1' and 'the LEE erases the signal' nearly coincided; the 2026-07-22 re-scope withdrew that expectation and carried the wording forward unchanged. FLAGGED FOR THE ORCHESTRATOR as a wording problem in ROADMAP.md and REQUIREMENTS.md. Neither file is edited here.
#
# A finding that the criterion IS solvable would have been an equally acceptable
#   outcome and would have refuted the planning note in 16-CONTEXT.md. It came
#   out unsolvable, and BOTH determinations are recorded with their numbers.
#
# ============ THE REPLACEMENTS, EACH UNDER ITS OWN EXPLICIT NAME ============
#   lee_equals_B_particle -- the LEE-DOMINANCE crossover: the amplitude at which
#     the band-integrated LEE equals B_particle, i.e. the point beyond which the
#     LEE rather than particles sets the denominator.
#   lee_equals_S -- the SIGNAL-ERASURE level: the amplitude at which the
#     band-integrated LEE equals the signal S. This is the formulation
#     GPD/literature/PITFALLS.md Pitfall 7 actually specifies, and it is NOT the
#     same quantity as SC4's wording.
#   NEITHER is reported under SC4's name. SC4's phrasing appears on exactly one
#     row, the as-written evaluation (fp-sc4-silent-substitution).
#
# Every amplitude is in dru at E0 = 1 keV and is marked UNMEASURED_FOR_THIS_DETECTOR.
# Nothing here is a prediction for this detector, in either direction.
#
# The many digits are REPRODUCIBILITY figures for the closed-form solve. The
#   particle-side denominator they are measured against carries the assembled
#   label order_of_magnitude and an UNBOUNDED flux systematic on its largest
#   term (fp-precision-inflation-lee).
#
quantity_name,is_sc4_as_written,design,band,denominator_layer,axis,not_folded_through_response,status,E0_keV,alpha_tag,alpha,band_lo_keV,band_hi_keV,target_counts_kg_day,A_crossover_dru_at_E0,ratio_romani_al_film_area_over_crossover,ratio_chang_bulk_volume_over_crossover,ratio_red20_above_ground_anchor_over_crossover,extrapolation_span_decades,subev_regime_caveat,sc4_verdict,sc4_determination_1,sc4_determination_2,sc4_reason,replaced_by
the LEE amplitude at which S/B_particle = 1,True,Ta->Al,RoI_10_100eV,n/a,RECONSTRUCTED,True,NO_SOLUTION,1.0,n/a,,0.01,0.1,,,,,,5.301029995663981,,SUPERSEDED BY MEASUREMENT,"does S/B_particle depend on the LEE amplitude A under this milestone's own definitions? -> False. CONTRAST, computed: the differently-named S/B_total moves from 1.332628e-02 at A = 1e-06 dru to 6.866716e-06 at A = 1e+06 dru, a factor 1.9407e+03; over the same range S/B_particle is 1.332628e-02 at BOTH, because assemble() takes no LEE amplitude and its summed channel set ['compton_gamma', 'ge71_ec_M_line', 'muon_ionization', 'neutron_elastic', 'prompt_ngamma_capture'] contains no LEE term. d(S/B_particle)/dA = 0 exactly.","can S/B_particle reach 1 for any non-negative A? -> False. the supremum of S/B_particle over the emitted layers is 1.332628e-02, a factor 75.0397 BELOW 1 before any LEE is added; and under the charitable reading S/B_total = 1 the required LEE band integral is S - B_particle = 72.9214 - 5472.0006 = -5399.0791 counts/kg/day, which is NEGATIVE, so no A >= 0 satisfies it.","The criterion has NO solution, and both independent reasons are measured rather than asserted: S/B_particle does not depend on A at all, and its value is already far below 1 before any LEE is added. The criterion was written when the milestone expected a ratio near unity at the shielded VNS, where 'S/B = 1' and 'the LEE erases the signal' nearly coincided; the 2026-07-22 re-scope withdrew that expectation and carried the wording forward unchanged. FLAGGED FOR THE ORCHESTRATOR as a wording problem in ROADMAP.md and REQUIREMENTS.md. Neither file is edited here.",lee_equals_B_particle;lee_equals_S
lee_equals_B_particle,False,Ta->Al,RoI_10_100eV,estimates_only,RECONSTRUCTED,True,UNMEASURED_FOR_THIS_DETECTOR,1.0,alpha_lo,1.0,0.01,0.1,5472.00055900886,2376.4596477490572,8.592129130776389,4.207940164046898,4.207940164046898,5.301029995663981,,,,,,
lee_equals_B_particle,False,Ta->Al,RoI_10_100eV,estimates_only,RECONSTRUCTED,True,UNMEASURED_FOR_THIS_DETECTOR,1.0,alpha_central,1.4306765580733933,0.01,0.1,5472.00055900886,515.5417491276094,39.60658511573831,19.39707117206671,19.39707117206671,5.301029995663981,,,,,,
lee_equals_B_particle,False,Ta->Al,RoI_10_100eV,estimates_only,RECONSTRUCTED,True,UNMEASURED_FOR_THIS_DETECTOR,1.0,alpha_hi,1.8613531161467862,0.01,0.1,5472.00055900886,103.49441681461867,197.29419997712466,96.62356973238668,96.62356973238668,5.301029995663981,,,,,,
lee_equals_B_particle,False,Ta->Al,RoI_10_100eV,estimates_plus_bounds,RECONSTRUCTED,True,UNMEASURED_FOR_THIS_DETECTOR,1.0,alpha_lo,1.0,0.01,0.1,10002.597239954921,4344.072786013118,4.700392735886725,2.3019872116778575,2.3019872116778575,5.301029995663981,,,,,,
lee_equals_B_particle,False,Ta->Al,RoI_10_100eV,estimates_plus_bounds,RECONSTRUCTED,True,UNMEASURED_FOR_THIS_DETECTOR,1.0,alpha_central,1.4306765580733933,0.01,0.1,10002.597239954921,942.389610764111,21.6670981240797,10.61132241461339,10.61132241461339,5.301029995663981,,,,,,
lee_equals_B_particle,False,Ta->Al,RoI_10_100eV,estimates_plus_bounds,RECONSTRUCTED,True,UNMEASURED_FOR_THIS_DETECTOR,1.0,alpha_hi,1.8613531161467862,0.01,0.1,10002.597239954921,189.18363710258032,107.93136489107478,52.858694087680206,52.858694087680206,5.301029995663981,,,,,,
lee_equals_S,False,Ta->Al,RoI_10_100eV,not_applicable,RECONSTRUCTED,True,UNMEASURED_FOR_THIS_DETECTOR,1.0,alpha_lo,1.0,0.01,0.1,72.92143279136238,31.66937587376752,644.7505706752079,315.76245897170435,315.76245897170435,5.301029995663981,,,,,,
lee_equals_S,False,Ta->Al,RoI_10_100eV,not_applicable,RECONSTRUCTED,True,UNMEASURED_FOR_THIS_DETECTOR,1.0,alpha_central,1.4306765580733933,0.01,0.1,72.92143279136238,6.870255696201857,2972.0652433398654,1455.549901225421,1455.549901225421,5.301029995663981,,,,,,
lee_equals_S,False,Ta->Al,RoI_10_100eV,not_applicable,RECONSTRUCTED,True,UNMEASURED_FOR_THIS_DETECTOR,1.0,alpha_hi,1.8613531161467862,0.01,0.1,72.92143279136238,1.3791959775302793,14804.892488233048,7250.601192955159,7250.601192955159,5.301029995663981,,,,,,
lee_equals_B_particle,False,Ta->Al,subeV_le_1eV,estimates_only,RECONSTRUCTED,True,UNMEASURED_FOR_THIS_DETECTOR,1.0,alpha_lo,1.0,1e-06,0.001,2852.0265150504847,412.8731259093957,49.45550312233243,24.22051563170639,24.22051563170639,5.301029995663981,"CONVENTIONS Section I: below the E_rec image of a 1 eV deposit the reported observable is a TRIGGER PROBABILITY, not dR/dE_rec, so this row's band spans a boundary where the observable changes character",,,,,
lee_equals_B_particle,False,Ta->Al,subeV_le_1eV,estimates_only,RECONSTRUCTED,True,UNMEASURED_FOR_THIS_DETECTOR,1.0,alpha_central,1.4306765580733933,1e-06,0.001,2852.0265150504847,3.3728788824710794,6053.833795709784,2964.826294821971,2964.826294821971,5.301029995663981,"CONVENTIONS Section I: below the E_rec image of a 1 eV deposit the reported observable is a TRIGGER PROBABILITY, not dR/dE_rec, so this row's band spans a boundary where the observable changes character",,,,,
lee_equals_B_particle,False,Ta->Al,subeV_le_1eV,estimates_only,RECONSTRUCTED,True,UNMEASURED_FOR_THIS_DETECTOR,1.0,alpha_hi,1.8613531161467862,1e-06,0.001,2852.0265150504847,0.01672435015073131,1220905.3256784636,597930.5569348373,597930.5569348373,5.301029995663981,"CONVENTIONS Section I: below the E_rec image of a 1 eV deposit the reported observable is a TRIGGER PROBABILITY, not dR/dE_rec, so this row's band spans a boundary where the observable changes character",,,,,
lee_equals_B_particle,False,Ta->Al,subeV_le_1eV,estimates_plus_bounds,RECONSTRUCTED,True,UNMEASURED_FOR_THIS_DETECTOR,1.0,alpha_lo,1.0,1e-06,0.001,7251.803515050485,1049.806083477677,19.45011415812914,9.525568728724783,9.525568728724783,5.301029995663981,"CONVENTIONS Section I: below the E_rec image of a 1 eV deposit the reported observable is a TRIGGER PROBABILITY, not dR/dE_rec, so this row's band spans a boundary where the observable changes character",,,,,
lee_equals_B_particle,False,Ta->Al,subeV_le_1eV,estimates_plus_bounds,RECONSTRUCTED,True,UNMEASURED_FOR_THIS_DETECTOR,1.0,alpha_central,1.4306765580733933,1e-06,0.001,7251.803515050485,8.57616673851658,2380.882833799838,1166.022105784023,1166.022105784023,5.301029995663981,"CONVENTIONS Section I: below the E_rec image of a 1 eV deposit the reported observable is a TRIGGER PROBABILITY, not dR/dE_rec, so this row's band spans a boundary where the observable changes character",,,,,
lee_equals_B_particle,False,Ta->Al,subeV_le_1eV,estimates_plus_bounds,RECONSTRUCTED,True,UNMEASURED_FOR_THIS_DETECTOR,1.0,alpha_hi,1.8613531161467862,1e-06,0.001,7251.803515050485,0.042524745324067074,480163.9142558986,235157.199033017,235157.199033017,5.301029995663981,"CONVENTIONS Section I: below the E_rec image of a 1 eV deposit the reported observable is a TRIGGER PROBABILITY, not dR/dE_rec, so this row's band spans a boundary where the observable changes character",,,,,
lee_equals_S,False,Ta->Al,subeV_le_1eV,not_applicable,RECONSTRUCTED,True,UNMEASURED_FOR_THIS_DETECTOR,1.0,alpha_lo,1.0,1e-06,0.001,2.981247796833455,0.4315798224503321,47311.86933533981,23170.684725768984,23170.684725768984,5.301029995663981,"CONVENTIONS Section I: below the E_rec image of a 1 eV deposit the reported observable is a TRIGGER PROBABILITY, not dR/dE_rec, so this row's band spans a boundary where the observable changes character",,,,,
lee_equals_S,False,Ta->Al,subeV_le_1eV,not_applicable,RECONSTRUCTED,True,UNMEASURED_FOR_THIS_DETECTOR,1.0,alpha_central,1.4306765580733933,1e-06,0.001,2.981247796833455,0.003525699247285924,5791432.205471767,2836316.798064378,2836316.798064378,5.301029995663981,"CONVENTIONS Section I: below the E_rec image of a 1 eV deposit the reported observable is a TRIGGER PROBABILITY, not dR/dE_rec, so this row's band spans a boundary where the observable changes character",,,,,
lee_equals_S,False,Ta->Al,subeV_le_1eV,not_applicable,RECONSTRUCTED,True,UNMEASURED_FOR_THIS_DETECTOR,1.0,alpha_hi,1.8613531161467862,1e-06,0.001,2.981247796833455,1.7482106767670215e-05,1167985554.5385406,572013438.2483621,572013438.2483621,5.301029995663981,"CONVENTIONS Section I: below the E_rec image of a 1 eV deposit the reported observable is a TRIGGER PROBABILITY, not dR/dE_rec, so this row's band spans a boundary where the observable changes character",,,,,
lee_equals_B_particle,False,Al->Hf,RoI_10_100eV,estimates_only,RECONSTRUCTED,True,UNMEASURED_FOR_THIS_DETECTOR,1.0,alpha_lo,1.0,0.01,0.1,5528.736042743731,2401.099555263223,8.503957331873659,4.164758590738125,4.164758590738125,5.301029995663981,,,,,,
lee_equals_B_particle,False,Al->Hf,RoI_10_100eV,estimates_only,RECONSTRUCTED,True,UNMEASURED_FOR_THIS_DETECTOR,1.0,alpha_central,1.4306765580733933,0.01,0.1,5528.736042743731,520.8870538670471,39.20014524444495,19.198019850484577,19.198019850484577,5.301029995663981,,,,,,
lee_equals_B_particle,False,Al->Hf,RoI_10_100eV,estimates_only,RECONSTRUCTED,True,UNMEASURED_FOR_THIS_DETECTOR,1.0,alpha_hi,1.8613531161467862,0.01,0.1,5528.736042743731,104.56748063077063,195.2695813685952,95.6320257471838,95.6320257471838,5.301029995663981,,,,,,
lee_equals_B_particle,False,Al->Hf,RoI_10_100eV,estimates_plus_bounds,RECONSTRUCTED,True,UNMEASURED_FOR_THIS_DETECTOR,1.0,alpha_lo,1.0,0.01,0.1,10059.3326827425,4368.712675744102,4.67388214402574,2.2890038192536313,2.2890038192536313,5.301029995663981,,,,,,
lee_equals_B_particle,False,Al->Hf,RoI_10_100eV,estimates_plus_bounds,RECONSTRUCTED,True,UNMEASURED_FOR_THIS_DETECTOR,1.0,alpha_central,1.4306765580733933,0.01,0.1,10059.3326827425,947.7349116457206,21.54489395360818,10.551473705485032,10.551473705485032,5.301029995663981,,,,,,
lee_equals_B_particle,False,Al->Hf,RoI_10_100eV,estimates_plus_bounds,RECONSTRUCTED,True,UNMEASURED_FOR_THIS_DETECTOR,1.0,alpha_hi,1.8613531161467862,0.01,0.1,10059.3326827425,190.2567001442777,107.32262334022933,52.56056681534307,52.56056681534307,5.301029995663981,,,,,,
lee_equals_S,False,Al->Hf,RoI_10_100eV,not_applicable,RECONSTRUCTED,True,UNMEASURED_FOR_THIS_DETECTOR,1.0,alpha_lo,1.0,0.01,0.1,73.14406309586126,31.766062986515823,642.788128204831,314.8013653515967,314.8013653515967,5.301029995663981,,,,,,
lee_equals_S,False,Al->Hf,RoI_10_100eV,not_applicable,RECONSTRUCTED,True,UNMEASURED_FOR_THIS_DETECTOR,1.0,alpha_central,1.4306765580733933,0.01,0.1,73.14406309586126,6.89123069709092,2963.019098483951,1451.1196097703453,1451.1196097703453,5.301029995663981,,,,,,
lee_equals_S,False,Al->Hf,RoI_10_100eV,not_applicable,RECONSTRUCTED,True,UNMEASURED_FOR_THIS_DETECTOR,1.0,alpha_hi,1.8613531161467862,0.01,0.1,73.14406309586126,1.3834066849819513,14759.830488896087,7228.5323676388525,7228.5323676388525,5.301029995663981,,,,,,
lee_equals_B_particle,False,Al->Hf,subeV_le_1eV,estimates_only,RECONSTRUCTED,True,UNMEASURED_FOR_THIS_DETECTOR,1.0,alpha_lo,1.0,1e-06,0.001,2856.923734894572,413.58207109438047,49.37072855578315,24.178997831165596,24.178997831165596,5.301029995663981,"CONVENTIONS Section I: below the E_rec image of a 1 eV deposit the reported observable is a TRIGGER PROBABILITY, not dR/dE_rec, so this row's band spans a boundary where the observable changes character",,,,,
lee_equals_B_particle,False,Al->Hf,subeV_le_1eV,estimates_only,RECONSTRUCTED,True,UNMEASURED_FOR_THIS_DETECTOR,1.0,alpha_central,1.4306765580733933,1e-06,0.001,2856.923734894572,3.3786704588494105,6043.456565602082,2959.7441128974297,2959.7441128974297,5.301029995663981,"CONVENTIONS Section I: below the E_rec image of a 1 eV deposit the reported observable is a TRIGGER PROBABILITY, not dR/dE_rec, so this row's band spans a boundary where the observable changes character",,,,,
lee_equals_B_particle,False,Al->Hf,subeV_le_1eV,estimates_only,RECONSTRUCTED,True,UNMEASURED_FOR_THIS_DETECTOR,1.0,alpha_hi,1.8613531161467862,1e-06,0.001,2856.923734894572,0.01675306756237016,1218812.500547839,596905.6092426596,596905.6092426596,5.301029995663981,"CONVENTIONS Section I: below the E_rec image of a 1 eV deposit the reported observable is a TRIGGER PROBABILITY, not dR/dE_rec, so this row's band spans a boundary where the observable changes character",,,,,
lee_equals_B_particle,False,Al->Hf,subeV_le_1eV,estimates_plus_bounds,RECONSTRUCTED,True,UNMEASURED_FOR_THIS_DETECTOR,1.0,alpha_lo,1.0,1e-06,0.001,7256.700734894572,1050.5150286626617,19.436988153832598,9.519140352261605,9.519140352261605,5.301029995663981,"CONVENTIONS Section I: below the E_rec image of a 1 eV deposit the reported observable is a TRIGGER PROBABILITY, not dR/dE_rec, so this row's band spans a boundary where the observable changes character",,,,,
lee_equals_B_particle,False,Al->Hf,subeV_le_1eV,estimates_plus_bounds,RECONSTRUCTED,True,UNMEASURED_FOR_THIS_DETECTOR,1.0,alpha_central,1.4306765580733933,1e-06,0.001,7256.700734894572,8.581958314894912,2379.2760834202795,1165.2352100853163,1165.2352100853163,5.301029995663981,"CONVENTIONS Section I: below the E_rec image of a 1 eV deposit the reported observable is a TRIGGER PROBABILITY, not dR/dE_rec, so this row's band spans a boundary where the observable changes character",,,,,
lee_equals_B_particle,False,Al->Hf,subeV_le_1eV,estimates_plus_bounds,RECONSTRUCTED,True,UNMEASURED_FOR_THIS_DETECTOR,1.0,alpha_hi,1.8613531161467862,1e-06,0.001,7256.700734894572,0.04255346273570592,479839.8732991039,234998.50205161242,234998.50205161242,5.301029995663981,"CONVENTIONS Section I: below the E_rec image of a 1 eV deposit the reported observable is a TRIGGER PROBABILITY, not dR/dE_rec, so this row's band spans a boundary where the observable changes character",,,,,
lee_equals_S,False,Al->Hf,subeV_le_1eV,not_applicable,RECONSTRUCTED,True,UNMEASURED_FOR_THIS_DETECTOR,1.0,alpha_lo,1.0,1e-06,0.001,2.98744279788809,0.4324766407081364,47213.75964747018,23122.636135043085,23122.636135043085,5.301029995663981,"CONVENTIONS Section I: below the E_rec image of a 1 eV deposit the reported observable is a TRIGGER PROBABILITY, not dR/dE_rec, so this row's band spans a boundary where the observable changes character",,,,,
lee_equals_S,False,Al->Hf,subeV_le_1eV,not_applicable,RECONSTRUCTED,True,UNMEASURED_FOR_THIS_DETECTOR,1.0,alpha_central,1.4306765580733933,1e-06,0.001,2.98744279788809,0.0035330256126348434,5779422.627030263,2830435.1840071282,2830435.1840071282,5.301029995663981,"CONVENTIONS Section I: below the E_rec image of a 1 eV deposit the reported observable is a TRIGGER PROBABILITY, not dR/dE_rec, so this row's band spans a boundary where the observable changes character",,,,,
lee_equals_S,False,Al->Hf,subeV_le_1eV,not_applicable,RECONSTRUCTED,True,UNMEASURED_FOR_THIS_DETECTOR,1.0,alpha_hi,1.8613531161467862,1e-06,0.001,2.98744279788809,1.7518434398663515e-05,1165563525.9904861,570827265.2927765,570827265.2927765,5.301029995663981,"CONVENTIONS Section I: below the E_rec image of a 1 eV deposit the reported observable is a TRIGGER PROBABILITY, not dR/dE_rec, so this row's band spans a boundary where the observable changes character",,,,,
