# QPD Phase-16 plan 16-02 -- S/B_particle, THE MILESTONE'S HEADLINE NUMBER (CALC-22).
# axis = RECONSTRUCTED.  observable = S/B_particle, never the bare unqualified form.
# configuration = NUCLEUS's-shielding-absent on every row.  It is a DIFFERENT AND WORSE
#   configuration than NUCLEUS's, not a subset of it (Phase-8 lock).
# veto_credit = 1.0 BY CONSTRUCTION on every row: there is no veto and
#   no shield in this configuration, so there is nothing for a rejection credit to
#   be taken against.  EXACTLY ONE BASELINE is emitted.  No reduced credit, no
#   for-reference credit, no second veto-credited number (fp-reduced-credit-16).
#
# TWO DENOMINATOR LAYERS, NEVER COLLAPSED (fp-collapsed-bound-layers):
#   estimates_only        = neutron elastic + Compton + muon.  An ESTIMATE.
#   estimates_plus_bounds = the above plus the prompt (n,gamma) capture bound and
#                           the 71Ge EC M-line bound at SATURATION.
#   SUMMING UPPER BOUNDS INTO THE DENOMINATOR MAKES S/B_particle A LOWER BOUND.
#   That direction is part of the result, not a caveat on it.
#
# LABEL PROPAGATION RULE: assembled_label = loosest label among the SUMMED channels; order_of_magnitude renders as the multiplicative band [10^-0.5, 10^+0.5], i.e. one full decade of total span. A percent-level band is FORBIDDEN regardless of how the arithmetic comes out (fp-precision-inflation-16).
#   The assembled label is order_of_magnitude, from the neutron and capture
#   channels.  The many digits below are REPRODUCIBILITY figures for the
#   quadrature; they are NOT precision claims (fp-precision-inflation-16).
#
# THE TRIGGER: P_trig MULTIPLIES eps, it does not replace it (CONVENTIONS Section I).
#   The sharpness k is fixed by NO project artifact, and the standing [1, 12]
#   sensitivity obligation is discharged on the sub-eV rows -- with its own gap
#   named in the k_scan_gap column rather than papered over.
#
# NO EXTERNAL VALIDATION OF THE RATIO exists anywhere in this milestone.  Plan
#   16-01 establishes that only the NUMERATOR is externally checked, and that its
#   check passes only on a window this project's own documents dispute.  Since
#   VALD-11's deletion there is no background-side target-swap validation at all.
#
# The LEE is EXCLUDED BY CONSTRUCTION -- that is what the _particle subscript
#   records.  Plan 16-03 carries it as an explicit overlay band.  It is not
#   summed in here and it is not forgotten here.
#
# No target value is carried.  The pre-re-scope expectation is WITHDRAWN and no
#   replacement expectation is asserted.
#
design,band,axis,observable_S_over_B_particle,configuration,veto_credit,veto_credit_disposition,trigger_applied,denominator_layer,layer_direction,S_over_B_particle,S_counts_kg_day,B_particle_counts_kg_day,assembled_accuracy_label,band_multiplier_lo,band_multiplier_hi,S_over_B_particle_band_lo,S_over_B_particle_band_hi,channels_summed,trigger_k_range_lo,trigger_k_range_hi,sb_particle_ptrig_identically_one,trigger_cost_ratio,measured_k_spread_muon,measured_k_spread_compton,k_scan_gap
Ta->Al,RoI_10_100eV,RECONSTRUCTED,S/B_particle,NUCLEUS's-shielding-absent,1.0,BY CONSTRUCTION,True,estimates_only,rate estimates only; S/B_particle is an ESTIMATE,0.013059124217962806,62.62856862498528,4795.7709552099805,order_of_magnitude,0.31622776601683794,3.1622776601683795,0.004129657677582764,0.04129657677582764,neutron_elastic;compton_gamma;muon_ionization,1.0,12.0,0.006810755435233096,0.9999990485037055,1.099112,1.379186,"NO committed reconstructed-axis k-scan exists for the CEvNS or neutron channels, and the neutron channel dominates the sub-eV denominator. The measured spreads above cover muon and Compton only, so they are a LOWER BOUND on the k-sensitivity of the sub-eV S/B_particle, not a measurement of it. Closing this would require re-folding, which this plan places out of scope."
Ta->Al,RoI_10_100eV,RECONSTRUCTED,S/B_particle,NUCLEUS's-shielding-absent,1.0,BY CONSTRUCTION,True,estimates_plus_bounds,upper bounds summed into the denominator; S/B_particle is a LOWER BOUND,0.006810748954824536,62.62856862498528,9195.54795520998,order_of_magnitude,0.31622776601683794,3.1622776601683795,0.0021537479268856773,0.021537479268856772,neutron_elastic;compton_gamma;muon_ionization;prompt_ngamma_capture;ge71_ec_M_line,1.0,12.0,0.006810755435233096,0.9999990485037055,1.099112,1.379186,"NO committed reconstructed-axis k-scan exists for the CEvNS or neutron channels, and the neutron channel dominates the sub-eV denominator. The measured spreads above cover muon and Compton only, so they are a LOWER BOUND on the k-sensitivity of the sub-eV S/B_particle, not a measurement of it. Closing this would require re-folding, which this plan places out of scope."
Ta->Al,subeV_le_1eV,RECONSTRUCTED,S/B_particle,NUCLEUS's-shielding-absent,1.0,BY CONSTRUCTION,True,estimates_only,rate estimates only; S/B_particle is an ESTIMATE,0.0008889924553929988,0.3071815651750192,345.5390012722018,order_of_magnitude,0.31622776601683794,3.1622776601683795,0.0002811240981747515,0.002811240981747515,neutron_elastic;compton_gamma;muon_ionization,1.0,12.0,0.00024686363297239807,0.26222427572044615,1.099112,1.379186,"NO committed reconstructed-axis k-scan exists for the CEvNS or neutron channels, and the neutron channel dominates the sub-eV denominator. The measured spreads above cover muon and Compton only, so they are a LOWER BOUND on the k-sensitivity of the sub-eV S/B_particle, not a measurement of it. Closing this would require re-folding, which this plan places out of scope."
Ta->Al,subeV_le_1eV,RECONSTRUCTED,S/B_particle,NUCLEUS's-shielding-absent,1.0,BY CONSTRUCTION,True,estimates_plus_bounds,upper bounds summed into the denominator; S/B_particle is a LOWER BOUND,6.473363735790513e-05,0.3071815651750192,4745.316001272202,order_of_magnitude,0.31622776601683794,3.1622776601683795,2.0470573527834462e-05,0.00020470573527834465,neutron_elastic;compton_gamma;muon_ionization;prompt_ngamma_capture;ge71_ec_M_line,1.0,12.0,0.00024686363297239807,0.26222427572044615,1.099112,1.379186,"NO committed reconstructed-axis k-scan exists for the CEvNS or neutron channels, and the neutron channel dominates the sub-eV denominator. The measured spreads above cover muon and Compton only, so they are a LOWER BOUND on the k-sensitivity of the sub-eV S/B_particle, not a measurement of it. Closing this would require re-folding, which this plan places out of scope."
Al->Hf,RoI_10_100eV,RECONSTRUCTED,S/B_particle,NUCLEUS's-shielding-absent,1.0,BY CONSTRUCTION,True,estimates_only,rate estimates only; S/B_particle is an ESTIMATE,0.013121814857754897,63.62225577915084,4848.586607023383,order_of_magnitude,0.31622776601683794,3.1622776601683795,0.004149482198554383,0.041494821985543835,neutron_elastic;compton_gamma;muon_ionization,1.0,12.0,0.006879304834160771,0.9999991089490547,1.100785,1.385415,"NO committed reconstructed-axis k-scan exists for the CEvNS or neutron channels, and the neutron channel dominates the sub-eV denominator. The measured spreads above cover muon and Compton only, so they are a LOWER BOUND on the k-sensitivity of the sub-eV S/B_particle, not a measurement of it. Closing this would require re-folding, which this plan places out of scope."
Al->Hf,RoI_10_100eV,RECONSTRUCTED,S/B_particle,NUCLEUS's-shielding-absent,1.0,BY CONSTRUCTION,True,estimates_plus_bounds,upper bounds summed into the denominator; S/B_particle is a LOWER BOUND,0.006879298704349696,63.62225577915084,9248.363607023384,order_of_magnitude,0.31622776601683794,3.1622776601683795,0.002175425261039032,0.02175425261039032,neutron_elastic;compton_gamma;muon_ionization;prompt_ngamma_capture;ge71_ec_M_line,1.0,12.0,0.006879304834160771,0.9999991089490547,1.100785,1.385415,"NO committed reconstructed-axis k-scan exists for the CEvNS or neutron channels, and the neutron channel dominates the sub-eV denominator. The measured spreads above cover muon and Compton only, so they are a LOWER BOUND on the k-sensitivity of the sub-eV S/B_particle, not a measurement of it. Closing this would require re-folding, which this plan places out of scope."
Al->Hf,subeV_le_1eV,RECONSTRUCTED,S/B_particle,NUCLEUS's-shielding-absent,1.0,BY CONSTRUCTION,True,estimates_only,rate estimates only; S/B_particle is an ESTIMATE,0.0008840742855616647,0.30381401248365186,343.65213132585865,order_of_magnitude,0.31622776601683794,3.1622776601683795,0.00027956883631609727,0.002795688363160973,neutron_elastic;compton_gamma;muon_ionization,1.0,12.0,0.0002469949735582771,0.2593147788481917,1.100785,1.385415,"NO committed reconstructed-axis k-scan exists for the CEvNS or neutron channels, and the neutron channel dominates the sub-eV denominator. The measured spreads above cover muon and Compton only, so they are a LOWER BOUND on the k-sensitivity of the sub-eV S/B_particle, not a measurement of it. Closing this would require re-folding, which this plan places out of scope."
Al->Hf,subeV_le_1eV,RECONSTRUCTED,S/B_particle,NUCLEUS's-shielding-absent,1.0,BY CONSTRUCTION,True,estimates_plus_bounds,upper bounds summed into the denominator; S/B_particle is a LOWER BOUND,6.404944694487958e-05,0.30381401248365186,4743.429131325859,order_of_magnitude,0.31622776601683794,3.1622776601683795,2.0254213521993255e-05,0.00020254213521993255,neutron_elastic;compton_gamma;muon_ionization;prompt_ngamma_capture;ge71_ec_M_line,1.0,12.0,0.0002469949735582771,0.2593147788481917,1.100785,1.385415,"NO committed reconstructed-axis k-scan exists for the CEvNS or neutron channels, and the neutron channel dominates the sub-eV denominator. The measured spreads above cover muon and Compton only, so they are a LOWER BOUND on the k-sensitivity of the sub-eV S/B_particle, not a measurement of it. Closing this would require re-folding, which this plan places out of scope."
