# Ge vibrational density of states, NORMALIZED so that int g dw = 1 over
# the full tabulated support, with w in meV and g in 1/meV.
# Source: NCrystal 4.4.6 bundled Ge_sg227.ncmat; measurement Nelin & Nilsson,
# Phys. Rev. B 5, 3151 (1972).
# Support = [1.000000e-09, 37.789664141] meV.  Rows 1..800 are the LOG-SPACED PARABOLIC
# segment g = g(w1)*(w/w1)^2 below the first NCrystal grid point w1 = 3.770943131 meV;
# rows 801..1225 are the NCrystal grid verbatim.
# Renormalization factor applied to the raw NCrystal density: 1/4.130074584033382e-03 per eV,
# i.e. the raw table integrated to 4.130074584033382e-03 eV*(arb) before renormalization.
omega_meV,g_per_meV
1.000000000000000e-09,1.093417614444631e-22
1.027946619078294e-09,1.155386239510992e-22
1.056674251674490e-09,1.220866890030276e-22
1.086204724475878e-09,1.290058607416909e-22
1.116560474151849e-09,1.363171713608504e-22
1.147764564400845e-09,1.440428450381092e-22
1.179840703473719e-09,1.522063654897093e-22
1.212813262186765e-09,1.608325473539331e-22
1.246707292438196e-09,1.699476116201187e-22
1.281548546242097e-09,1.795792653325565e-22
1.317363495294266e-09,1.897567858115346e-22
1.354179351084899e-09,2.005111096475591e-22
1.392024085573360e-09,2.118749267392571e-22
1.430926452440688e-09,2.238827796607929e-22
1.470916008936097e-09,2.365711686608722e-22
1.512023138333998e-09,2.499786626124877e-22
1.554279073018584e-09,2.641460162506414e-22
1.597715918213591e-09,2.791162940544432e-22
1.642366676375233e-09,2.949350011501369e-22
1.688265272266775e-09,3.116502216329371e-22
1.735446578733926e-09,3.293127647281742e-22
1.783946443200524e-09,3.479763192359997e-22
1.833801714904726e-09,3.676976167291451e-22
1.885050272896290e-09,3.885366039997645e-22
1.937731054816348e-09,4.105566252795972e-22
1.991884086481481e-09,4.338246147873244e-22
2.047550512294494e-09,4.584113001883718e-22
2.104772626505145e-09,4.843914175856758e-22
2.163593905344504e-09,5.118439386948918e-22
2.224059040057284e-09,5.408523108945507e-22
2.286213970857392e-09,5.715047108809157e-22
2.350105921832417e-09,6.038943126985403e-22
2.415783436823509e-09,6.381195709612132e-22
2.483296416308057e-09,6.742845201242840e-22
2.552696155313110e-09,7.124990907180234e-22
2.624035382388270e-09,7.528794435032253e-22
2.697368299667829e-09,7.955483225648739e-22
2.772750624052511e-09,8.406354284171378e-22
2.850239629542007e-09,8.882778122537473e-22
2.929894190750663e-09,9.386202925422779e-22
3.011774827639277e-09,9.918158952286069e-22
3.095943751496906e-09,1.048026318889557e-21
3.182464912207800e-09,1.107422426247789e-21
3.271404046839307e-09,1.170184763542936e-21
3.362828729587514e-09,1.236504109337627e-21
3.456808423118824e-09,1.306582054426764e-21
3.553414531346363e-09,1.380631614612724e-21
3.652720453681174e-09,1.458877878209051e-21
3.754801640799677e-09,1.541558690241010e-21
3.859735651969659e-09,1.628925375422734e-21
3.967602213978164e-09,1.721243502108412e-21
4.078483281706390e-09,1.818793689539978e-21
4.192463100397428e-09,1.921872460844950e-21
4.309628269664037e-09,2.030793144377156e-21
4.430067809285365e-09,2.145886826140408e-21
4.553873226842474e-09,2.267503356190072e-21
4.681138587243882e-09,2.396012412071549e-21
4.811960584194269e-09,2.531804622528485e-21
4.946438613660509e-09,2.675292754896313e-21
5.084674849390643e-09,2.826912969790259e-21
5.226774320543521e-09,2.987126146902019e-21
5.372844991487960e-09,3.156419285935009e-21
5.522997843831791e-09,3.335306986936318e-21
5.677346960743595e-09,3.524333014525647e-21
5.836009613630782e-09,3.724071950775574e-21
5.999106351240181e-09,3.935130941767756e-21
6.166761091248463e-09,4.158151543133592e-21
6.339101214412401e-09,4.393811670189799e-21
6.516257661350333e-09,4.642827658596465e-21
6.698365032028104e-09,4.905956441801067e-21
6.885561688025528e-09,5.183997851887766e-21
7.077989857660869e-09,5.477797050825693e-21
7.275795744052945e-09,5.788247099505995e-21
7.479129636203431e-09,6.116291672377509e-21
7.688146023183587e-09,6.462927925932450e-21
7.903003711511797e-09,6.829209529760863e-21
8.123865945811725e-09,7.216249869388328e-21
8.350900532842446e-09,7.625225430632083e-21
8.584279968994515e-09,8.057379375762485e-21
8.824181571349397e-09,8.514025322341260e-21
9.070787612401597e-09,8.996551336222647e-21
9.324285458545489e-09,9.506424150854237e-21
9.584867712432694e-09,1.004519362570417e-20
9.852732359307887e-09,1.061449745736635e-20
1.012808291743384e-08,1.121606615766342e-20
1.041112859272070e-08,1.185172831388052e-20
1.070208443767659e-08,1.252341614711912e-20
1.100117151480008e-08,1.323317138566537e-20
1.130861706453912e-08,1.398315147122818e-20
1.162465467794409e-08,1.477563611691115e-20
1.194952447414530e-08,1.561303423685173e-20
1.228347328279094e-08,1.649789126859343e-20
1.262675483158349e-08,1.743289691044813e-20
1.297962993905676e-08,1.842089329736639e-20
1.334236671274074e-08,1.946488364017019e-20
1.371524075286461e-08,2.056804135440795e-20
1.409853536175201e-08,2.173371970657908e-20
1.449254175906869e-08,2.296546200705247e-20
1.489755930308564e-08,2.426701238066122e-20
1.531389571812527e-08,2.564232714771088e-20
1.574186732836443e-08,2.709558684999998e-20
1.618179929817120e-08,2.863120895840477e-20
1.663402587915859e-08,3.025386130065845e-20
1.709889066414185e-08,3.196847625013697e-20
1.757674684819401e-08,3.378026571878732e-20
1.806795749699609e-08,3.569473699976518e-20
1.857289582268744e-08,3.771770950794478e-20
1.909194546742484e-08,3.985533246918320e-20
1.962550079486652e-08,4.211410361211233e-20
2.017396718980132e-08,4.450088891927056e-20
2.073776136615269e-08,4.702294349762003e-20
2.131731168358912e-08,4.968793363187970e-20
2.191305847298364e-08,5.250396008771842e-20
2.252545437096840e-08,5.547958273563695e-20
2.315496466383934e-08,5.862384657039240e-20
2.380206764107101e-08,6.194630920504978e-20
2.446725495871170e-08,6.545706992324228e-20
2.515103201293431e-08,6.916680037794714e-20
2.585391832402576e-08,7.308677703008645e-20
2.657644793110851e-08,7.722891542556658e-20
2.731916979789331e-08,8.160580641494343e-20
2.808264822977026e-08,8.623075442580402e-20
2.886746330255725e-08,9.111781790421279e-20
2.967421130323044e-08,9.628185204814696e-20
3.050350518297062e-08,1.017385539628101e-19
3.135597502287172e-08,1.075045103750967e-19
3.223226851266441e-08,1.135972480522382e-19
3.313305144281713e-08,1.200352870778808e-19
3.405900821039090e-08,1.268381971475518e-19
3.501084233903118e-08,1.340266570546313e-19
3.598927701349028e-08,1.416225175476367e-19
3.699505562908933e-08,1.496488677499057e-19
3.802894235653577e-08,1.581301053435670e-19
3.909172272252427e-08,1.670920107311227e-19
4.018420420656477e-08,1.765618254000943e-19
4.130721685449000e-08,1.865683347289274e-19
4.246161390910691e-08,1.971419554858459e-19
4.364827245847430e-08,2.083148282866529e-19
4.486809410229667e-08,2.201209152924979e-19
4.612200563694260e-08,2.325961034446051e-19
4.741095975960495e-08,2.457783135497294e-19
4.873593579214294e-08,2.597076155479797e-19
5.009794042515015e-08,2.744263503133287e-19
5.149800848281886e-08,2.899792583570994e-19
5.293720370917873e-08,3.064136158256104e-19
5.441661957630918e-08,3.237793782054029e-19
5.593738011513648e-08,3.421293321728246e-19
5.750064076945192e-08,3.615192560496140e-19
5.910758927379359e-08,3.820080893521458e-19
6.075944655586454e-08,4.036581119497822e-19
6.245746766416898e-08,4.265351333768721e-19
6.420294272157436e-08,4.507086928738871e-19
6.599719790551970e-08,4.762522707657042e-19
6.784159645561975e-08,5.032435118196252e-19
6.973753970942828e-08,5.317644612620471e-19
7.168646816714504e-08,5.619018141711643e-19
7.368986258608017e-08,5.937471790038515e-19
7.574924510570516e-08,6.273973560577368e-19
7.786618040414261e-08,6.629546317148655e-19
8.004227688697856e-08,7.005270893614400e-19
8.227918790929825e-08,7.402289379287114e-19
8.457861303187077e-08,7.821808590536272e-19
8.694229931244251e-08,8.265103739145979e-19
8.937204263311833e-08,8.733522308574147e-19
9.186968906483512e-08,9.228488149895090e-19
9.443713626997095e-08,9.751505809877257e-19
9.707633494415276e-08,1.030416510435154e-18
9.978929029835384e-08,1.088814595077110e-18
1.025780635824148e-07,1.150522347465364e-18
1.054447736511415e-07,1.215727340542746e-18
1.083915985741669e-07,1.284627777808230e-18
1.114207772908060e-07,1.357433095795769e-18
1.145346113111595e-07,1.434364600698187e-18
1.177354664647529e-07,1.515656141071142e-18
1.210257746980486e-07,1.601554818662202e-18
1.244080359221899e-07,1.692321739525549e-18
1.278848199123860e-07,1.788232807705639e-18
1.314587682603731e-07,1.889579563902121e-18
1.351325963814474e-07,1.996670071665691e-18
1.389090955775805e-07,2.109829853818203e-18
1.427911351581975e-07,2.229402881943859e-18
1.467816646202202e-07,2.355752621958970e-18
1.508837158890393e-07,2.489263138938723e-18
1.551004056221072e-07,2.630340264558958e-18
1.594349375769170e-07,2.779412830702128e-18
1.638906050451507e-07,2.936933972976660e-18
1.684707933548586e-07,3.103382508112513e-18
1.731789824425641e-07,3.279264389419480e-18
1.780187494972529e-07,3.465114244732648e-18
1.829937716782461e-07,3.661497001519472e-18
1.881078289090382e-07,3.869009604088994e-18
1.933648067492040e-07,4.088282828122171e-18
1.987686993465719e-07,4.319983198039681e-18
2.043236124718976e-07,4.564815013034934e-18
2.100337666383506e-07,4.823522487931187e-18
2.159035003081709e-07,5.096892015369741e-18
2.219372731889536e-07,5.385754556206528e-18
2.281396696220405e-07,5.690988165382034e-18
2.345154020656154e-07,6.013520660943465e-18
2.410693146751351e-07,6.354332444331497e-18
2.478063869838265e-07,6.714459480504946e-18
2.547317376860317e-07,7.094996446961280e-18
2.618506285262940e-07,7.497100061225951e-18
2.691684682971301e-07,7.921992596924738e-18
2.766908169485177e-07,8.370965599126331e-18
2.844233898122388e-07,8.845383810249684e-18
2.923720619442784e-07,9.346689318469274e-18
3.005428725885704e-07,9.876405941227514e-18
3.089420297654981e-07,1.043614385718003e-17
3.175759149886293e-07,1.102760450065308e-17
3.264510881132571e-07,1.165258573348988e-17
3.355742923204529e-07,1.231298731000832e-17
3.449524592403991e-07,1.301081665168048e-17
3.545927142189112e-07,1.374819494908853e-17
3.645023817311238e-07,1.452736360970306e-17
3.746889909464944e-07,1.535069107108627e-17
3.851602814493063e-07,1.622068000022643e-17
3.959242091190585e-07,1.713997490089071e-17
4.069889521751818e-07,1.811137015211816e-17
4.183629173906955e-07,1.913781850228924e-17
4.300547464794952e-07,2.022244004458861e-17
4.420733226621698e-07,2.136853170114800e-17
4.544277774152851e-07,2.257957724469328e-17
4.671274974093056e-07,2.385925788816272e-17
4.801821316403982e-07,2.521146347448292e-17
4.936015987615555e-07,2.664030430051809e-17
5.073960946185794e-07,2.815012361113055e-17
5.215760999966987e-07,2.974551080133590e-17
5.361523885836485e-07,3.143131536667721e-17
5.511360351553129e-07,3.321266164422867e-17
5.665384239901172e-07,3.509496438903324e-17
5.823712575185859e-07,3.708394523332475e-17
5.986465652146023e-07,3.918565007856106e-17
6.153767127351837e-07,4.140646747314210e-17
6.325744113156464e-07,4.375314803166673e-17
6.502527274273607e-07,4.623282495476484e-17
6.684250927053919e-07,4.885303571187362e-17
6.871053141536027e-07,5.162174495287144e-17
7.063075846349219e-07,5.454736871820661e-17
7.260464936548237e-07,5.763880002112370e-17
7.463370384461258e-07,6.090543587973673e-17
7.671946353636016e-07,6.435720588112972e-17
7.886351315970154e-07,6.800460236430359e-17
8.106748172115172e-07,7.185871231372205e-17
8.333304375244928e-07,7.593125106039504e-17
8.566192058283340e-07,8.023459789295045e-17
8.805588164687691e-07,8.478183368693741e-17
9.051674582886549e-07,8.958678066673605e-17
9.304638284475113e-07,9.466404442094961e-17
9.564671466272649e-07,1.000290582989881e-16
9.831971696349596e-07,1.056981303237876e-16
1.010674206413600e-06,1.116884927632806e-16
1.038919133472498e-06,1.180183545112917e-16
1.067953410748805e-06,1.247069564370744e-16
1.097799097912366e-06,1.317746298717494e-16
1.128478871126213e-06,1.392428584094131e-16
1.160016040275480e-06,1.471343432107843e-16
1.192434566677764e-06,1.554730720078724e-16
1.225759081288498e-06,1.642843920194534e-16
1.260014903415027e-06,1.735950869989553e-16
1.295228059953740e-06,1.834334586489899e-16
1.331425305164779e-06,1.938294126499841e-16
1.368634140999420e-06,2.048145495644288e-16
1.406882837995473e-06,2.164222608930397e-16
1.446200456756721e-06,2.286878305748550e-16
1.486616870032555e-06,2.416485422397485e-16
1.528162785414720e-06,2.553437925394188e-16
1.570869768668323e-06,2.698152109013156e-16
1.614770267714905e-06,2.851067860695435e-16
1.659897637285680e-06,3.012649998173527e-16
1.706286164263863e-06,3.183389682377180e-16
1.753971093735108e-06,3.363805910414214e-16
1.802988655766061e-06,3.554447093165180e-16
1.853376092931233e-06,3.755892722286870e-16
1.905171688609198e-06,3.968755131692159e-16
1.958414796069501e-06,4.193681358860089e-16
2.013145868372550e-06,4.431355111634762e-16
2.069406489104998e-06,4.682498846490608e-16
2.127239403974165e-06,4.947875964582148e-16
2.186688553285358e-06,5.228293132253017e-16
2.247799105326889e-06,5.524602733058357e-16
2.310617490687980e-06,5.837705458753260e-16
2.375191437535880e-06,6.168553047124212e-16
2.441570007878719e-06,6.518151174984400e-16
2.509803634841893e-06,6.887562515127871e-16
2.579944160986125e-06,7.277909966533983e-16
2.652044877696473e-06,7.690380067641639e-16
2.726160565671996e-06,8.126226603067684e-16
2.802347536547085e-06,8.586774414733842e-16
2.880663675675961e-06,9.073423428986578e-16
2.961168486112755e-06,9.587652911950222e-16
3.043923133820783e-06,1.013102596604971e-15
3.128990494145279e-06,1.070519428137045e-15
3.216435199584759e-06,1.131190315629720e-15
3.306323688897556e-06,1.195299680269460e-15
3.398724257580715e-06,1.263042395175494e-15
3.493707109759480e-06,1.334624377755227e-15
3.591344411527054e-06,1.410263215631042e-15
3.691710345774945e-06,1.490188828040986e-15
3.794881168555713e-06,1.574644164723901e-15
3.900935267020714e-06,1.663885944413224e-15
4.009953218977224e-06,1.758185435184554e-15
4.122017854109758e-06,1.857829279028634e-15
4.237214316912489e-06,1.963120363156548e-15
4.355630131380317e-06,2.074378740685390e-15
4.477355267507941e-06,2.191942603503215e-15
4.602482209647158e-06,2.316169310270184e-15
4.731106026774791e-06,2.447436472681178e-15
4.863324444724085e-06,2.586143103291248e-15
4.999237920434944e-06,2.732710828393436e-15
5.138949718279080e-06,2.887585169635398e-15
5.282565988518329e-06,3.051236898270852e-15
5.430195847955379e-06,3.224163466161933e-15
5.581951462838720e-06,3.406890517882906e-15
5.737948134084198e-06,3.599973488520850e-15
5.898304384878456e-06,3.803999292030790e-15
6.063142050730458e-06,4.019588105276908e-15
6.232586372039807e-06,4.247395253183178e-15
6.406766089251741e-06,4.488113200723098e-15
6.585813540671790e-06,4.742473657804501e-15
6.769864763013613e-06,5.011249803446575e-15
6.959059594757117e-06,5.295258636010867e-15
7.153541782394909e-06,5.595363456629642e-15
7.353459089648158e-06,5.912476493380940e-15
7.558963409734372e-06,6.247561674186347e-15
7.770210880772946e-06,6.601637556861056e-15
7.987362004415920e-06,6.975780425222394e-15
8.210581767793769e-06,7.371127560667461e-15
8.440039768869450e-06,7.788880699165472e-15
8.675910345295695e-06,8.230309684172591e-15
8.918372706873102e-06,8.696756326572417e-15
9.167611071710297e-06,9.189638483376259e-15
9.423814806189333e-06,9.710454367580750e-15
9.687178568842290e-06,1.026078710228271e-14
9.957902458249136e-06,1.084230953289589e-14
1.023619216506859e-05,1.145678931209592e-14
1.052225912831795e-05,1.210609427295125e-14
1.081632069602015e-05,1.279219810657165e-14
1.111860029034047e-05,1.351718636153343e-14
1.142932757733842e-05,1.428326278331802e-14
1.174873864146331e-05,1.509275601303267e-14
1.207707616492669e-05,1.594812666577696e-14
1.241458961208744e-05,1.685197481016992e-14
1.276153541898976e-05,1.780704787177366e-14
1.311817718819839e-05,1.881624898443826e-14
1.348478588907854e-05,1.988264581495227e-14
1.386164006367294e-05,2.100947988782363e-14
1.424902603833279e-05,2.220017643853628e-14
1.464723814126277e-05,2.345835482523207e-14
1.505657892614566e-05,2.478783953046677e-14
1.547735940201688e-05,2.619267178648333e-14
1.590989926956290e-05,2.767712185933791e-14
1.635452716402336e-05,2.924570202921957e-14
1.681158090488190e-05,3.090318030642072e-14
1.728140775253455e-05,3.265459492464909e-14
1.776436467213127e-05,3.450526965573719e-14
1.826081860479118e-05,3.646082999230258e-14
1.877114674639709e-05,3.852722024754731e-14
1.929573683418137e-05,4.071072162417532e-14
1.983498744132124e-05,4.301797130735413e-14
2.038930827976654e-05,4.545598263975311e-14
2.095912051153103e-05,4.803216643998974e-14
2.154485706868284e-05,5.075435352928096e-14
2.214696298227756e-05,5.363081853477547e-14
2.276589572048429e-05,5.667030504192426e-14
2.340212553616082e-05,5.988205217234066e-14
2.405613582414227e-05,6.327582266794084e-14
2.472842348851522e-05,6.686193256673414e-14
2.541949932015549e-05,7.065128256046435e-14
2.612988838481676e-05,7.465539112942164e-14
2.686013042206551e-05,7.888642955514795e-14
2.761078025536426e-05,8.335725891745872e-14
2.838240821361535e-05,8.808146918824244e-14
2.917560056448583e-05,9.307342054087573e-14
2.999095995984196e-05,9.834828700081540e-14
3.082910589363196e-05,1.039221025700546e-13
3.169067517256561e-05,1.098118099656521e-13
3.257632239994724e-05,1.160353121204772e-13
3.348672047303018e-05,1.226115266027213e-13
3.442256109427126e-05,1.295604431195978e-13
3.538455529687208e-05,1.369031842800164e-13
3.637343398500851e-05,1.446620698009412e-13
3.738994848915700e-05,1.528606843525931e-13
3.843487113694041e-05,1.615239492487267e-13
3.950899583992771e-05,1.706781981999067e-13
4.061313869683207e-05,1.803512573600375e-13
4.174813861356626e-05,1.905725299094710e-13
4.291485794062731e-05,2.013730854318047e-13
4.411418312829311e-05,2.127857543560363e-13
4.534702540012951e-05,2.248452277511566e-13
4.661432144532055e-05,2.375881627765337e-13
4.791703413034606e-05,2.510532941086118e-13
4.925615323054833e-05,2.652815516826331e-13
5.063269618214443e-05,2.803161851072940e-13
5.204770885525380e-05,2.962028951304990e-13
5.350226634852940e-05,3.129899725558375e-13
5.499747380599705e-05,3.307284450320589e-13
5.653446725672169e-05,3.494722321617201e-13
5.811441447793944e-05,3.692783094004995e-13
5.973851588231236e-05,3.902068812453936e-13
6.140800542997794e-05,4.123215642382145e-13
6.312415156608720e-05,4.356895803406707e-13
6.488825818454512e-05,4.603819612688530e-13
6.670166561868243e-05,4.864737644081992e-13
6.856575165961533e-05,5.140443009653063e-13
7.048193260306349e-05,5.431773770500537e-13
7.245166432542312e-05,5.739615484208783e-13
7.447644338991397e-05,6.064903896675632e-13
7.655780818363801e-05,6.408627786497449e-13
7.869734008641505e-05,6.771831970557537e-13
8.089666467228486e-05,7.155620479954274e-13
8.315745294458566e-05,7.561159915922370e-13
8.548142260554896e-05,7.989682995948424e-13
8.787033936137670e-05,8.442492300860201e-13
9.032601826378949e-05,8.920964234279134e-13
9.285032508906643e-05,9.426553206471798e-13
9.544517775562610e-05,9.960796055318353e-13
9.811254778122262e-05,1.052531671783578e-12
1.008544617808651e-04,1.112183116645613e-12
1.036730030066011e-04,1.175215262506505e-12
1.065703129303294e-04,1.241819708065506e-12
1.095485928708476e-04,1.312198910734752e-12
1.126101056663723e-04,1.386566802048732e-12
1.157571773937965e-04,1.465149437951535e-12
1.189921991359992e-04,1.548185685938738e-12
1.223176287985414e-04,1.635927951142480e-12
1.257359929771341e-04,1.728642943566862e-12
1.292498888772969e-04,1.826612488805903e-12
1.328619862876625e-04,1.930134384708263e-12
1.365750296084290e-04,2.039523306592807e-12
1.403918399365021e-04,2.155111763766636e-12
1.443153172089084e-04,2.277251110253012e-12
1.483484424061085e-04,2.406312612801502e-12
1.524942798168899e-04,2.542688579426915e-12
1.567559793665513e-04,2.686793551907219e-12
1.611367790101528e-04,2.839065565865407e-12
1.656400071926524e-04,2.999967482265643e-12
1.702690853777913e-04,3.169988394370865e-12
1.750275306476535e-04,3.349645114438654e-12
1.799189583748775e-04,3.539483744674577e-12
1.849470849695436e-04,3.740081337218046e-12
1.901157307028279e-04,3.952047648206606e-12
1.954288226095713e-04,4.176026991250662e-12
2.008903974719600e-04,4.412700195952266e-12
2.065046048865954e-04,4.662786677421739e-12
2.122757104172747e-04,4.927046623082420e-12
2.182080988358800e-04,5.206283303410940e-12
2.243062774538445e-04,5.501345513637148e-12
2.305748795467172e-04,5.813130153825374e-12
2.370186678744323e-04,6.142584955179840e-12
2.436425382999631e-04,6.490711360861643e-12
2.504515235091008e-04,6.858567570073617e-12
2.574507968341874e-04,7.247271754666465e-12
2.646456761847151e-04,7.658005458043858e-12
2.720416280877668e-04,8.092017186697686e-12
2.796442718413739e-04,8.550626205290896e-12
2.874593837839510e-04,9.035226546824039e-12
2.954929016830421e-04,9.547291250074823e-12
3.037509292467171e-04,1.008837683719122e-11
3.122397407610522e-04,1.066012804504930e-11
3.209657858572066e-04,1.126428282475676e-11
3.299356944117224e-04,1.190267762449966e-11
3.391562815837791e-04,1.257725297179093e-11
3.486345529932108e-04,1.329005937208794e-11
3.583777100432425e-04,1.404326354171058e-11
3.683931553919722e-04,1.483915499400473e-11
3.786884985767615e-04,1.568015299877172e-11
3.892715617958165e-04,1.656881393611863e-11
4.001503858513366e-04,1.750783906708209e-11
4.113332362587553e-04,1.850008274464638e-11
4.228286095267197e-04,1.954856109011536e-11
4.346452396125675e-04,2.065646116121079e-11
4.467921045582127e-04,2.182715063976559e-11
4.592784333114893e-04,2.306418806846068e-11
4.721137127381210e-04,2.437133366772049e-11
4.853076948296513e-04,2.575256076564787e-11
4.988704041128193e-04,2.721206787574279e-11
5.128121452659947e-04,2.875429145911607e-11
5.271435109484650e-04,3.038391940999166e-11
5.418753898485350e-04,3.210590530549095e-11
5.570189749565339e-04,3.392548346301185e-11
5.725857720690246e-04,3.584818485097334e-11
5.885876085306884e-04,3.787985390129123e-11
6.050366422204981e-04,4.002666627468592e-11
6.219453707890431e-04,4.229514763282832e-11
6.393266411539925e-04,4.469219347438114e-11
6.571936592609267e-04,4.722509009523320e-11
6.755600001169604e-04,4.990153673664094e-11
6.944396181047611e-04,5.272966898859737e-11
7.138468575848092e-04,5.571808351956970e-11
7.337964637939673e-04,5.887586420777807e-11
7.543035940486163e-04,6.221260975344306e-11
7.753838292608793e-04,6.573846285593655e-11
7.970531857767002e-04,6.946414104452800e-11
8.193281275447420e-04,7.340096925643820e-11
8.422255786253648e-04,7.756091426122910e-11
8.657629360492016e-04,8.195662103617355e-11
8.899580830350739e-04,8.660145120316885e-11
9.148294025773017e-04,9.150952364403333e-11
9.403957914127506e-04,9.669575741764800e-11
9.666766743781933e-04,1.021759171093917e-10
9.936920191689104e-04,1.079666607507212e-10
1.021462351509765e-03,1.140855904545624e-10
1.050008770750224e-03,1.205513059204171e-10
1.079352965895246e-03,1.273834609718393e-10
1.109517232084147e-03,1.346028232981254e-10
1.140524487530003e-03,1.422313375818203e-10
1.172398290932467e-03,1.502921922039318e-10
1.205162859377200e-03,1.588098897296090e-10
1.238843086735519e-03,1.678103213885428e-10
1.273464562578291e-03,1.773208457764943e-10
1.309053591618373e-03,1.873703720171655e-10
1.345637213696401e-03,1.979894476372093e-10
1.383243224325148e-03,2.092103514214938e-10
1.421900195807994e-03,2.210671915308651e-10
1.461637498947588e-03,2.335960091806580e-10
1.502485325361223e-03,2.468348881951192e-10
1.544474710419819e-03,2.608240707707351e-10
1.587637556827977e-03,2.756060798003608e-10
1.632006658863038e-03,2.912258481299862e-10
1.677615727291522e-03,3.077308551410231e-10
1.724499414981889e-03,3.251712710732917e-10
1.772693343233125e-03,3.436001095274132e-10
1.822234128839088e-03,3.630733886101538e-10
1.873159411909216e-03,3.836503012125556e-10
1.925507884466764e-03,4.053933949384718e-10
1.979319319846204e-03,4.283687622303908e-10
2.034634602912248e-03,4.526462412705260e-10
2.091495761123352e-03,4.782996282678057e-10
2.149945996463328e-03,5.054069017760706e-10
2.210029718265387e-03,5.340504597253519e-10
2.271792576953458e-03,5.643173698867060e-10
2.335281498726467e-03,5.962996345319517e-10
2.400544721211958e-03,6.300944700928220e-10
2.467631830116077e-03,6.658046026695698e-10
2.536593796897798e-03,7.035385802872993e-10
2.607483017496059e-03,7.434111028492152e-10
2.680353352139141e-03,7.855433707897053e-10
2.755260166266595e-03,8.300634534870684e-10
2.832260372594838e-03,8.771066785557911e-10
2.911412474358293e-03,9.268160432016424e-10
2.992776609758970e-03,9.793426488900074e-10
3.076414597658325e-03,1.034846160648762e-09
3.162389984545984e-03,1.093495292401754e-09
3.250768092821096e-03,1.155468319808202e-09
3.341616070423038e-03,1.220953622166917e-09
3.435002941849048e-03,1.290150255032485e-09
3.530999660597714e-03,1.363268555284104e-09
3.629679163078023e-03,1.440530780486200e-09
3.731116424024977e-03,1.522171784484325e-09
3.835388513463960e-03,1.608439731289998e-09
3.942574655267001e-03,1.699596849424384e-09
4.052756287345475e-03,1.795920229013833e-09
4.166017123525070e-03,1.897702664060270e-09
4.282443217149874e-03,2.005253542446581e-09
4.402123026463975e-03,2.118899786382362e-09
4.525147481820340e-03,2.238986846148820e-09
4.651610054767873e-03,2.365879750163342e-09
4.781606829069222e-03,2.499964214555679e-09
4.915236573703377e-03,2.641647815628627e-09
5.052600817908363e-03,2.791361228766942e-09
5.193803928321113e-03,2.949559537560495e-09
5.338953188273238e-03,3.116723617121093e-09
5.488158879302751e-03,3.293361595797654e-09
5.641534364943769e-03,3.480010399732992e-09
5.799196176857957e-03,3.677237384957318e-09
5.961264103372890e-03,3.885642061979232e-09
6.127861280494945e-03,4.105857918116829e-09
6.299114285465562e-03,4.338554343107899e-09
6.475153232932095e-03,4.584438663852651e-09
6.656111873806416e-03,4.844258294474100e-09
6.842127696886191e-03,5.118803008231382e-09
7.033342033316099e-03,5.408907338192026e-09
7.229900163968520e-03,5.715453113960718e-09
7.431951429825042e-03,6.039372142175101e-09
7.639649345442727e-03,6.381649038916640e-09
7.853151715591533e-03,6.743324222646469e-09
8.072620755151220e-03,7.125497076763454e-09
8.298223212358942e-03,7.529329291397791e-09
8.530130495501375e-03,7.956048394598581e-09
8.768518803147288e-03,8.406951483648520e-09
9.013569258019683e-03,8.883409167848051e-09
9.265468044609359e-03,9.386869734754142e-09
9.524406550634159e-03,9.918863552537297e-09
9.790581512451517e-03,1.048100772183872e-08
1.006419516453498e-02,1.107501099126853e-08
1.034545539312783e-02,1.170267895148543e-08
1.063457589419103e-02,1.236591952364768e-08
1.093177633576519e-02,1.306674875891743e-08
1.123728252486990e-02,1.380729696664765e-08
1.155132657906758e-02,1.458981518987987e-08
1.187414710282175e-02,1.541668204783548e-08
1.220598936878391e-02,1.629041096620011e-08
1.254710550414699e-02,1.721365781717941e-08
1.289775468220655e-02,1.818922899254887e-08
1.325820331927543e-02,1.922008993423752e-08
1.362872527710176e-02,2.030937414837684e-08
1.400960207094364e-02,2.146039273021342e-08
1.440112308345875e-02,2.267664442883894e-08
1.480358578457176e-02,2.396182628233188e-08
1.521729595748603e-02,2.531984485563729e-08
1.564256793101152e-02,2.675482811534472e-08
1.607972481838580e-02,2.827113797746150e-08
1.652909876276901e-02,2.987338356632051e-08
1.699103118959958e-02,3.156643522492674e-08
1.746587306600272e-02,3.335543931933087e-08
1.795398516744809e-02,3.524583388202782e-08
1.845573835186006e-02,3.724336514193516e-08
1.897151384138815e-02,3.935410499119429e-08
1.950170351205197e-02,4.158446944188954e-08
2.004671019148106e-02,4.394123812878935e-08
2.060694796497533e-02,4.643157491738925e-08
2.118284249011868e-02,4.906304967990034e-08
2.177483132018547e-02,5.184366130537702e-08
2.238336423658479e-02,5.478186201392522e-08
2.300890359059528e-02,5.788658304889961e-08
2.365192465465078e-02,6.116726182518923e-08
2.431291598344282e-02,6.463387061610973e-08
2.499237978511460e-02,6.829694686610357e-08
2.569083230282919e-02,7.216762522139243e-08
2.640880420700068e-02,7.625767137594023e-08
2.714684099848692e-02,8.057951783561085e-08
2.790550342305058e-02,8.514630170923530e-08
2.868536789740259e-02,8.997190464145697e-08
2.948702694715196e-02,9.507099500874012e-08
3.031108965699539e-02,1.004590725068101e-07
3.115818213348739e-02,1.061525152650470e-07
3.202894798074400e-02,1.121686296310584e-07
3.292404878944033e-02,1.185257027767522e-07
3.384416463947391e-02,1.252430582858177e-07
3.478999461667626e-02,1.323411148915909e-07
3.576225734396441e-02,1.398414485438402e-07
3.676169152733602e-02,1.477668579931391e-07
3.778905651712414e-02,1.561414340921909e-07
3.884513288493632e-02,1.649906330247483e-07
3.993072301671725e-02,1.743413536847263e-07
4.104665172238622e-02,1.842220194407259e-07
4.219376686251113e-02,1.946626645344932e-07
4.337293999249597e-02,2.056950253759480e-07
4.458506702477186e-02,2.173526370122951e-07
4.583106890949336e-02,2.296709350644449e-07
4.711189233425790e-02,2.426873634406028e-07
4.842851044338089e-02,2.564414881544541e-07
4.978192357727122e-02,2.709751175939016e-07
5.117316003246985e-02,2.863324296059429e-07
5.260327684292974e-02,3.025601057839985e-07
5.407336058312912e-02,3.197074733658624e-07
5.558452819362894e-02,3.378266551736147e-07
5.713792782970296e-02,3.569727280512769e-07
5.873473973368259e-02,3.772038902817843e-07
6.037617713168242e-02,3.985816384922111e-07
6.206348715538513e-02,4.211709545849512e-07
6.379795178958712e-02,4.450405032630841e-07
6.558088884622593e-02,4.702628407503579e-07
6.741365296562733e-02,4.969146353402065e-07
6.929763664573385e-02,5.250769004442147e-07
7.123427130009803e-02,5.548352408484516e-07
7.322502834544170e-02,5.862801129261755e-07
7.527142031960887e-02,6.195070995979023e-07
7.737500203076295e-02,6.546172008746473e-07
7.953737173869889e-02,6.917171408674702e-07
8.176017236916878e-02,7.309196921965522e-07
8.404509276214540e-02,7.723440187859405e-07
8.639386895496895e-02,8.161160380859057e-07
8.880828550135331e-02,8.623688038239742e-07
9.129017682725579e-02,9.112429104481233e-07
9.384142862463718e-02,9.628869204914594e-07
9.646397928417261e-02,1.017457816157467e-06
9.915982136800379e-02,1.075121476498557e-06
1.019310031236466e-01,1.136053181638281e-06
1.047796300402115e-01,1.200438145570059e-06
1.077078664481099e-01,1.268472079151761e-06
1.107179371634705e-01,1.340361785007666e-06
1.138121291785125e-01,1.416325786146066e-06
1.169927933991539e-01,1.496594990203184e-06
1.202623464311851e-01,1.581413391332735e-06
1.236232724163592e-01,1.671038811874542e-06
1.270781249197913e-01,1.765743686056569e-06
1.306295288701085e-01,1.865815888112788e-06
1.342801825538179e-01,1.971559607333947e-06
1.380328596654132e-01,2.083296272711258e-06
1.418904114147700e-01,2.201365529983434e-06
1.458557686934404e-01,2.326126274057253e-06
1.499319443014877e-01,2.457957739939829e-06
1.541220352365493e-01,2.597260655498450e-06
1.584292250468759e-01,2.744458459552410e-06
1.628567862501302e-01,2.899998588999278e-06
1.674080828197777e-01,3.064353838887903e-06
1.720865727409688e-01,3.238023799572715e-06
1.768958106378497e-01,3.421536375317701e-06
1.818394504742916e-01,3.615449388965894e-06
1.869212483301022e-01,3.820352277552517e-06
1.921450652548227e-01,4.036867884015754e-06
1.975148702012731e-01,4.265654350451149e-06
2.030347430410858e-01,4.507407118664983e-06
2.087088776645143e-01,4.762861044107610e-06
2.145415851668627e-01,5.032792629612012e-06
2.205372971239734e-01,5.318022385728141e-06
2.267005689592536e-01,5.619417324827494e-06
2.330360834047903e-01,5.937893596558783e-06
2.395486540592004e-01,6.274419272666475e-06
2.462432290449109e-01,6.630017289636876e-06
2.531248947676381e-01,7.005768558116005e-06
2.601988797809414e-01,7.402815248551876e-06
2.674705587587780e-01,7.822364263048087e-06
2.749454565790680e-01,8.265690903981648e-06
2.826292525213896e-01,8.734142750537417e-06
2.905277845819877e-01,9.229143754942331e-06
2.986470539093611e-01,9.752198570850024e-06
3.069932293638194e-01,1.030489712703394e-05
3.155726522044653e-01,1.088891946029124e-05
3.243918409071504e-01,1.150604082224709e-05
3.334574961170876e-01,1.215813707558403e-05
3.427765057398734e-01,1.284719039609869e-05
3.523559501747743e-01,1.357529529791733e-05
3.622031076942774e-01,1.434466500018696e-05
3.723254599739835e-01,1.515763815459388e-05
3.827306977770270e-01,1.601668595415826e-05
3.934267267973711e-01,1.692441964491556e-05
4.044216736663955e-01,1.788359846331613e-05
4.157238921273563e-01,1.889713802347171e-05
4.273419693823852e-01,1.996811917974160e-05
4.392847326168807e-01,2.109979739160041e-05
4.515612557062348e-01,2.229561261925282e-05
4.641808661099729e-01,2.355919978007340e-05
4.771531519585788e-01,2.489439979765876e-05
4.904879693383724e-01,2.630527127707676e-05
5.041954497799577e-01,2.779610284179967e-05
5.182860079559650e-01,2.937142616982572e-05
5.327703495939199e-01,3.103602976861326e-05
5.476594796102304e-01,3.279497353069675e-05
5.629647104715119e-01,3.465360411423358e-05
5.786976707895811e-01,3.661757119523195e-05
5.948703141566334e-01,3.869284464085925e-05
6.114949282273512e-01,4.088573265603710e-05
6.285841440548295e-01,4.320290095848144e-05
6.461509456873852e-01,4.565139304047069e-05
6.642086800335870e-01,4.823865157893721e-05
6.827710670029820e-01,5.097254105896015e-05
7.018522099301944e-01,5.386137167942416e-05
7.214666062903693e-01,5.691392461351690e-05
7.416291587140754e-01,6.013947870084656e-05
7.623551863100131e-01,6.354783865231125e-05
7.836604363041775e-01,6.714936485346195e-05
8.055610960042999e-01,7.095500485694955e-05
8.280738050986247e-01,7.497632665977727e-05
8.512156682984259e-01,7.922555386652200e-05
8.750042683338372e-01,8.371560284540448e-05
8.994576793128439e-01,8.846012199014696e-05
9.245944804536423e-01,9.347353320697230e-05
9.504337702007730e-01,9.877107575284849e-05
9.769951807357207e-01,1.043688525582260e-04
1.004298892893066e+00,1.102838791750882e-04
1.032365651493501e+00,1.165341354990967e-04
1.061216781105304e+00,1.231386204230422e-04
1.090874202246343e+00,1.301174095877467e-04
1.121360448038859e+00,1.374917164059560e-04
1.152698681329666e+00,1.452839565447053e-04
1.184912712288837e+00,1.535178160621863e-04
1.218027016500196e+00,1.622183234062121e-04
1.252066753557398e+00,1.714119254931504e-04
1.287057786179662e+00,1.811265680985589e-04
1.323026699861772e+00,1.913917808039125e-04
1.360000823073221e+00,2.022387667576232e-04
1.398008248021814e+00,2.137004975231841e-04
1.437077851997587e+00,2.258118133027760e-04
1.477239319313216e+00,2.386095288409715e-04
1.518523163857540e+00,2.521325453304373e-04
1.560960752279426e+00,2.664219686598232e-04
1.604584327819546e+00,2.815212343632644e-04
1.649427034808118e+00,2.974762396512824e-04
1.695522943847333e+00,3.143354829244589e-04
1.742907077697542e+00,3.321502111939435e-04
1.791615437886817e+00,3.509745758568856e-04
1.841685032064223e+00,3.708657973003447e-04
1.893153902117517e+00,3.918843388340066e-04
1.946061153076580e+00,4.140940904803780e-04
2.000446982824668e+00,4.375625631811804e-04
2.056352712639991e+00,4.623610940102476e-04
2.113820818590757e+00,4.885650630166789e-04
2.172894963807671e+00,5.162541223574474e-04
2.233620031658347e+00,5.455124384159287e-04
2.296042159848749e+00,5.764289476422801e-04
2.360208775477735e+00,6.090976268934180e-04
2.426168631071257e+00,6.436177790943130e-04
2.493971841623511e+00,6.800943350888832e-04
2.563669922673343e+00,7.186381725981031e-04
2.635315829444774e+00,7.593664532548268e-04
2.708963997081265e+00,8.024029787397594e-04
2.784670382004495e+00,8.478785671012135e-04
2.862492504428982e+00,8.959314504025178e-04
2.942489492064729e+00,9.467076949057248e-04
3.024722125041332e+00,1.000361645068985e-03
3.109252882087548e+00,1.057056392707135e-03
3.196145988001336e+00,1.116964272741554e-03
3.285467462446613e+00,1.180267387046317e-03
3.377285170113737e+00,1.247158157982978e-03
3.471668872281676e+00,1.317839913306405e-03
3.568690279821287e+00,1.392527504219815e-03
3.668423107679861e+00,1.471447958457625e-03
3.770943130888200e+00,1.554841170381173e-03
3.851175963460289e+00,1.626682488004603e-03
3.931408796032379e+00,1.698521384364254e-03
4.011641628604469e+00,1.795708491239212e-03
4.091874461176557e+00,1.909963086501064e-03
4.172107293748647e+00,1.903377249018818e-03
4.252340126320736e+00,1.896791411536572e-03
4.332572958892826e+00,1.997721792215777e-03
4.412805791464915e+00,2.129259368340966e-03
4.493038624037005e+00,2.275869311498135e-03
4.573271456609094e+00,2.427413790239428e-03
4.653504289181184e+00,2.578936477606698e-03
4.733737121753272e+00,2.711742795952732e-03
4.813969954325362e+00,2.827890819490730e-03
4.894202786897451e+00,2.944038843028730e-03
4.974435619469541e+00,3.108515291620271e-03
5.054668452041629e+00,3.365605079805902e-03
5.134901284613719e+00,3.460397556802205e-03
5.215134117185809e+00,3.485481849565467e-03
5.295366949757899e+00,3.610588549090345e-03
5.375599782329987e+00,3.926297133395529e-03
5.455832614902077e+00,4.167672919647417e-03
5.536065447474166e+00,4.356700982970568e-03
5.616298280046256e+00,4.545753258931523e-03
5.696531112618345e+00,4.767928423406126e-03
5.776763945190434e+00,4.992839615952400e-03
5.856996777762524e+00,5.217726595860870e-03
5.937229610334613e+00,5.535517467017059e-03
6.017462442906703e+00,5.872315258848112e-03
6.097695275478792e+00,6.209113050679165e-03
6.177928108050882e+00,6.350684343909659e-03
6.258160940622971e+00,6.524071043212475e-03
6.338393773195060e+00,6.803000630695851e-03
6.418626605767149e+00,7.236600548460803e-03
6.498859438339239e+00,7.670200466225757e-03
6.579092270911328e+00,8.106948026905019e-03
6.659325103483417e+00,8.548659178333770e-03
6.739557936055506e+00,8.990370329762520e-03
6.819790768627596e+00,9.441088582453754e-03
6.900023601199686e+00,9.970134718435676e-03
6.980256433771775e+00,1.049915664177979e-02
7.060489266343864e+00,1.105118057103617e-02
7.140722098915954e+00,1.169986135039963e-02
7.220954931488043e+00,1.234856634240089e-02
7.301187764060132e+00,1.294228443395296e-02
7.381420596632221e+00,1.346324354890889e-02
7.461653429204311e+00,1.400865742804522e-02
7.541886261776400e+00,1.671812423604453e-02
7.622119094348490e+00,1.945923696165154e-02
7.702351926920579e+00,2.125479775580015e-02
7.782584759492669e+00,2.456347892413267e-02
7.862817592064758e+00,2.894088171242427e-02
7.943050424636847e+00,3.353522973542516e-02
8.023283257208938e+00,3.458194206762189e-02
8.103516089781026e+00,3.498338760238529e-02
8.183748922353114e+00,3.556061688759394e-02
8.263981754925206e+00,3.557683935492154e-02
8.344214587497293e+00,3.572671558291823e-02
8.424447420069384e+00,3.604995429757996e-02
8.504680252641473e+00,3.673614045289930e-02
8.584913085213561e+00,3.742256873459666e-02
8.665145917785653e+00,3.812521948362163e-02
8.745378750357741e+00,3.882835448540264e-02
8.825611582929829e+00,3.955836551514427e-02
8.905844415501921e+00,4.042275668468911e-02
8.986077248074009e+00,4.128714785423394e-02
9.066310080646099e+00,4.236073621439131e-02
9.146542913218189e+00,4.354013380174505e-02
9.226775745790276e+00,4.472727943319556e-02
9.307008578362368e+00,4.591975184496258e-02
9.387241410934456e+00,4.717493498863777e-02
9.467474243506544e+00,4.906448924273521e-02
9.547707076078636e+00,5.131699093749027e-02
9.627939908650724e+00,5.228646495509742e-02
9.708172741222814e+00,5.338741359597147e-02
9.788405573794904e+00,5.532418249378354e-02
9.868638406366991e+00,5.826044908007771e-02
9.948871238939082e+00,6.632325746826899e-02
1.002910407151117e+01,8.670836148684559e-02
1.010933690408326e+01,8.591200782952545e-02
1.018956973665535e+01,8.550305637704331e-02
1.026980256922744e+01,8.420840663375026e-02
1.035003540179953e+01,8.293893803377167e-02
1.043026823437162e+01,6.953264260897397e-02
1.051050106694371e+01,6.659298625338747e-02
1.059073389951580e+01,6.419448235268407e-02
1.067096673208789e+01,6.206594936347717e-02
1.075119956465997e+01,6.009358788809561e-02
1.083143239723207e+01,5.820839190880261e-02
1.091166522980415e+01,5.646774537718977e-02
1.099189806237624e+01,5.477528199480368e-02
1.107213089494833e+01,5.320460818056353e-02
1.115236372752042e+01,5.164047177853002e-02
1.123259656009251e+01,5.016011110329274e-02
1.131282939266460e+01,4.885214440920838e-02
1.139306222523669e+01,4.765749286003913e-02
1.147329505780878e+01,4.646284131086989e-02
1.155352789038087e+01,4.549191453499460e-02
1.163376072295296e+01,4.453599959455679e-02
1.171399355552505e+01,4.366700802382950e-02
1.179422638809714e+01,4.289438275155567e-02
1.187445922066923e+01,4.228858255374022e-02
1.195469205324132e+01,4.207865898399362e-02
1.203492488581341e+01,4.182079439139831e-02
1.211515771838550e+01,4.137382909756645e-02
1.219539055095758e+01,4.070967644264727e-02
1.227562338352967e+01,4.016852398776415e-02
1.235585621610176e+01,3.992785036800853e-02
1.243608904867385e+01,3.988111997704995e-02
1.251632188124594e+01,3.924456972922549e-02
1.259655471381803e+01,3.873416732435139e-02
1.267678754639012e+01,3.823780824940268e-02
1.275702037896221e+01,3.773394325673523e-02
1.283725321153430e+01,3.722233021997102e-02
1.291748604410639e+01,3.676471136550611e-02
1.299771887667848e+01,3.634268508861069e-02
1.307795170925057e+01,3.592065881171527e-02
1.315818454182266e+01,3.550638057891661e-02
1.323841737439474e+01,3.509258659887401e-02
1.331865020696684e+01,3.467830836607534e-02
1.339888303953892e+01,3.425361869902167e-02
1.347911587211101e+01,3.387904919221890e-02
1.355934870468310e+01,3.373619462918489e-02
1.363958153725519e+01,3.382336012527345e-02
1.371981436982728e+01,3.416887446671335e-02
1.380004720239937e+01,3.516280324850089e-02
1.388028003497146e+01,3.619861989368655e-02
1.396051286754355e+01,3.730610594676724e-02
1.404074570011564e+01,3.846443853923292e-02
1.412097853268773e+01,4.086584795647260e-02
1.420121136525982e+01,4.491613800805409e-02
1.428144419783191e+01,3.902714024176014e-02
1.436167703040400e+01,3.684437094387592e-02
1.444190986297609e+01,3.422601629192696e-02
1.452214269554818e+01,2.890625764036688e-02
1.460237552812027e+01,2.503853087781530e-02
1.468260836069235e+01,2.187079147413041e-02
1.476284119326444e+01,1.808083570420006e-02
1.484307402583653e+01,1.666938419614834e-02
1.492330685840862e+01,1.421596603290916e-02
1.500353969098071e+01,1.331496535500714e-02
1.508377252355280e+01,1.162499587431468e-02
1.516400535612489e+01,4.125300803493259e-03
1.524423818869698e+01,3.892302589920993e-03
1.532447102126907e+01,3.860245057470647e-03
1.540470385384116e+01,3.841504475811607e-03
1.548493668641325e+01,3.851262168845964e-03
1.556516951898534e+01,3.872036612080404e-03
1.564540235155743e+01,3.913149671068839e-03
1.572563518412952e+01,3.954238517419471e-03
1.580586801670161e+01,3.998596069873425e-03
1.588610084927369e+01,4.058110733591665e-03
1.596633368184578e+01,4.117625397309905e-03
1.604656651441788e+01,4.177164273665949e-03
1.612679934698996e+01,4.223095647577057e-03
1.620703217956205e+01,4.259027202075783e-03
1.628726501213414e+01,4.294958756574509e-03
1.636749784470623e+01,4.338832056272415e-03
1.644773067727832e+01,4.392051434162038e-03
1.652796350985041e+01,4.445270812051661e-03
1.660819634242250e+01,4.498490189941285e-03
1.668842917499459e+01,4.551709567830907e-03
1.676866200756668e+01,4.619480741039758e-03
1.684889484013877e+01,4.743401021312319e-03
1.692912767271086e+01,4.867297088947079e-03
1.700936050528295e+01,4.991217369219640e-03
1.708959333785504e+01,5.090222845193557e-03
1.716982617042712e+01,5.146468802808477e-03
1.725005900299922e+01,5.202714760423397e-03
1.733029183557131e+01,5.258936505400514e-03
1.741052466814339e+01,5.333680918296450e-03
1.749075750071548e+01,5.437359433366225e-03
1.757099033328757e+01,5.541037948436000e-03
1.765122316585966e+01,5.644716463505775e-03
1.773145599843175e+01,5.743407175188260e-03
1.781168883100384e+01,5.838926031318635e-03
1.789192166357593e+01,5.934444887449009e-03
1.797215449614802e+01,6.051198226932068e-03
1.805238732872011e+01,6.218967594264733e-03
1.813262016129220e+01,6.385405266518267e-03
1.821285299386428e+01,6.461626650320147e-03
1.829308582643638e+01,6.537848034122028e-03
1.837331865900846e+01,6.618476118003941e-03
1.845355149158055e+01,6.708353429526361e-03
1.853378432415264e+01,6.798206528410979e-03
1.861401715672474e+01,6.888083839933399e-03
1.869424998929682e+01,7.014861211466642e-03
1.877448282186891e+01,7.145803156701893e-03
1.885471565444100e+01,7.286769133987328e-03
1.893494848701309e+01,7.442335331867595e-03
1.901518131958518e+01,7.597925742385664e-03
1.909541415215727e+01,7.753491940265932e-03
1.917564698472936e+01,7.890922872432218e-03
1.925587981730145e+01,8.010872280105190e-03
1.933611264987354e+01,8.130821687778162e-03
1.941634548244563e+01,8.243579942023830e-03
1.949657831501771e+01,8.353384254457606e-03
1.957681114758981e+01,8.524277052066776e-03
1.965704398016189e+01,8.755628806268482e-03
1.973727681273398e+01,8.951557471365310e-03
1.981750964530608e+01,9.103661262039838e-03
1.989774247787816e+01,9.255740840076562e-03
1.997797531045025e+01,9.428715924536738e-03
2.005820814302234e+01,9.661593074919992e-03
2.013844097559443e+01,9.894470225303249e-03
2.021867380816652e+01,1.011332825839893e-02
2.029890664073861e+01,1.026603736501851e-02
2.037913947331070e+01,1.041877068427590e-02
2.045937230588279e+01,1.057150400353329e-02
2.053960513845487e+01,1.074871629960888e-02
2.061983797102697e+01,1.094014141407447e-02
2.070007080359906e+01,1.114829746126150e-02
2.078030363617114e+01,1.140756638684934e-02
2.086053646874324e+01,1.155729733901924e-02
2.094076930131532e+01,1.181673575307170e-02
2.102100213388741e+01,1.211026556114991e-02
2.110123496645951e+01,1.236500672346871e-02
2.118146779903159e+01,1.264856092477234e-02
2.126170063160368e+01,1.294560156533189e-02
2.134193346417577e+01,1.324266641852924e-02
2.142216629674786e+01,1.343644015886166e-02
2.150239912931995e+01,1.372091444040178e-02
2.158263196189204e+01,1.406776047692082e-02
2.166286479446413e+01,1.438569662390382e-02
2.174309762703622e+01,1.470757943084861e-02
2.182333045960831e+01,1.505921956965252e-02
2.190356329218040e+01,1.541083549581863e-02
2.198379612475249e+01,1.576245142198473e-02
2.206402895732457e+01,1.611406734815084e-02
2.214426178989667e+01,1.645822578187382e-02
2.222449462246875e+01,1.679640369405961e-02
2.230472745504084e+01,1.713458160624539e-02
2.238496028761294e+01,1.749326762264980e-02
2.246519312018502e+01,1.795701227447871e-02
2.254542595275711e+01,1.842075692630762e-02
2.262565878532920e+01,1.889837541959730e-02
2.270589161790129e+01,1.939613882753855e-02
2.278612445047338e+01,1.991959184418812e-02
2.286635728304547e+01,2.045202774946237e-02
2.294659011561756e+01,2.098615853938279e-02
2.302682294818965e+01,2.175154423295371e-02
2.310705578076174e+01,2.251692992652462e-02
2.318728861333383e+01,2.353913906926534e-02
2.326752144590592e+01,2.468260510212036e-02
2.334775427847800e+01,2.641768272703864e-02
2.342798711105010e+01,2.904160628568216e-02
2.350821994362218e+01,3.182073285263891e-02
2.358845277619427e+01,3.659449652175541e-02
2.366868560876637e+01,4.755458914937902e-02
2.374891844133845e+01,4.593645856504622e-02
2.382915127391054e+01,4.484107883086673e-02
2.390938410648263e+01,3.919662870637678e-02
2.398961693905472e+01,3.506232080162103e-02
2.406984977162681e+01,3.259892703160727e-02
2.415008260419890e+01,2.972198140792893e-02
2.423031543677099e+01,2.811692564800941e-02
2.431054826934308e+01,2.610001291907147e-02
2.439078110191517e+01,2.465887671707404e-02
2.447101393448726e+01,2.302353094726374e-02
2.455124676705935e+01,2.154304920883745e-02
2.463147959963144e+01,2.022956203333414e-02
2.471171243220353e+01,1.910921906958039e-02
2.479194526477561e+01,1.847184559207064e-02
2.487217809734770e+01,1.794890104081491e-02
2.495241092991980e+01,1.706104782523958e-02
2.503264376249188e+01,1.610334114960439e-02
2.511287659506397e+01,1.525076574730712e-02
2.519310942763606e+01,1.446264438683977e-02
2.527334226020815e+01,1.412332848067727e-02
2.535357509278024e+01,1.370861442039817e-02
2.543380792535233e+01,1.341622260629667e-02
2.551404075792442e+01,1.287494908822455e-02
2.559427359049651e+01,1.255957948084860e-02
2.567450642306860e+01,1.206760289334212e-02
2.575473925564069e+01,1.142582271575234e-02
2.583497208821278e+01,1.079919964942684e-02
2.591520492078487e+01,1.052663798568549e-02
2.599543775335696e+01,1.057758137562169e-02
2.607567058592904e+01,1.064627262906703e-02
2.615590341850113e+01,1.070573886750967e-02
2.623613625107323e+01,1.075573796457157e-02
2.631636908364531e+01,1.074058085330729e-02
2.639660191621740e+01,1.064247124493206e-02
2.647683474878949e+01,1.060641862724432e-02
2.655706758136158e+01,1.069661070305817e-02
2.663730041393367e+01,1.096876075195688e-02
2.671753324650576e+01,1.155204319661612e-02
2.679776607907785e+01,1.214919948273613e-02
2.687799891164994e+01,1.274713057326581e-02
2.695823174422203e+01,1.327905801314621e-02
2.703846457679412e+01,1.368900218377824e-02
2.711869740936621e+01,1.409894635441028e-02
2.719893024193830e+01,1.443559887041452e-02
2.727916307451039e+01,1.461099521865493e-02
2.735939590708247e+01,1.486544582932010e-02
2.743962873965457e+01,1.540286953798165e-02
2.751986157222666e+01,1.676405560995563e-02
2.760009440479874e+01,1.815572539292281e-02
2.768032723737083e+01,1.924727953032954e-02
2.776056006994292e+01,2.003474714957622e-02
2.784079290251501e+01,2.072546106816461e-02
2.792102573508710e+01,2.108344491807274e-02
2.800125856765919e+01,2.127080230938753e-02
2.808149140023128e+01,2.130174606049896e-02
2.816172423280337e+01,2.129298108561450e-02
2.824195706537546e+01,2.152636670139161e-02
2.832218989794755e+01,2.184367331979175e-02
2.840242273051964e+01,2.221565207434965e-02
2.848265556309173e+01,2.258288515189830e-02
2.856288839566382e+01,2.293430737696198e-02
2.864312122823590e+01,2.326529413572047e-02
2.872335406080800e+01,2.351473273036055e-02
2.880358689338009e+01,2.342943160738278e-02
2.888381972595217e+01,2.329236386478353e-02
2.896405255852426e+01,2.314563527970112e-02
2.904428539109635e+01,2.306520089692163e-02
2.912451822366844e+01,2.306520089692163e-02
2.920475105624053e+01,2.315120418639567e-02
2.928498388881262e+01,2.338117582024264e-02
2.936521672138471e+01,2.365100145591232e-02
2.944544955395680e+01,2.393615369131091e-02
2.952568238652889e+01,2.411760319900191e-02
2.960591521910098e+01,2.432232105162100e-02
2.968614805167307e+01,2.467945745920606e-02
2.976638088424516e+01,2.470536498165460e-02
2.984661371681725e+01,2.469374291550945e-02
2.992684654938933e+01,2.461408333713964e-02
3.000707938196143e+01,2.434217541461895e-02
3.008731221453352e+01,2.400380380133075e-02
3.016754504710560e+01,2.360780611007288e-02
3.024777787967770e+01,2.311982460780379e-02
3.032801071224978e+01,2.345158617097195e-02
3.040824354482187e+01,2.333076510833809e-02
3.048847637739396e+01,2.273893560253461e-02
3.056870920996605e+01,2.238712597526608e-02
3.064894204253814e+01,2.222964697899943e-02
3.072917487511022e+01,2.210533929652203e-02
3.080940770768232e+01,2.196781151380453e-02
3.088964054025441e+01,2.182640970903866e-02
3.096987337282649e+01,2.167273209690697e-02
3.105010620539859e+01,2.142309980116447e-02
3.113033903797067e+01,2.117344329278417e-02
3.121057187054276e+01,2.096773272201519e-02
3.129080470311485e+01,2.078916451822266e-02
3.137103753568694e+01,2.059945850104104e-02
3.145127036825903e+01,2.035958389833290e-02
3.153150320083112e+01,2.011970929562476e-02
3.161173603340321e+01,1.985554941720083e-02
3.169196886597530e+01,1.955323042160036e-02
3.177220169854739e+01,1.925093563863770e-02
3.185243453111948e+01,1.897551688363567e-02
3.193266736369157e+01,1.873523066608488e-02
3.201290019626366e+01,1.849494444853410e-02
3.209313302883575e+01,1.830736914347910e-02
3.217336586140784e+01,1.815541062863138e-02
3.225359869397992e+01,1.786243771122262e-02
3.233383152655202e+01,1.751978046104340e-02
3.241406435912410e+01,1.719220768421505e-02
3.249429719169619e+01,1.689901685306608e-02
3.257453002426828e+01,1.660582602191710e-02
3.265476285684037e+01,1.633445077742807e-02
3.273499568941246e+01,1.606554522199488e-02
3.281522852198456e+01,1.590223098001785e-02
3.289546135455664e+01,1.580199065951602e-02
3.297569418712873e+01,1.566526189384600e-02
3.305592701970082e+01,1.547303776233293e-02
3.313615985227291e+01,1.523294524588457e-02
3.321639268484500e+01,1.498183597923613e-02
3.329662551741708e+01,1.473227632140703e-02
3.337685834998918e+01,1.448298300259377e-02
3.345709118256126e+01,1.429390651399501e-02
3.353732401513335e+01,1.410480581275845e-02
3.361755684770544e+01,1.388577829119816e-02
3.369778968027754e+01,1.365009247482983e-02
3.377802251284962e+01,1.347508352879425e-02
3.385825534542172e+01,1.335014631773399e-02
3.393848817799380e+01,1.322612918691022e-02
3.401872101056589e+01,1.311828609813843e-02
3.409895384313798e+01,1.323455518486545e-02
3.417918667571007e+01,4.124768125461607e-02
3.425941950828216e+01,1.025807140718153e-01
3.433965234085425e+01,1.709777839678578e-01
3.441988517342634e+01,1.910854111572192e-01
3.450011800599843e+01,1.868835499929948e-01
3.458035083857052e+01,1.398827038701561e-01
3.466058367114261e+01,1.330419073118508e-01
3.474081650371470e+01,1.289342333086776e-01
3.482104933628678e+01,1.305337201619026e-01
3.490128216885888e+01,1.466189018331552e-01
3.498151500143096e+01,1.516209906767482e-01
3.506174783400306e+01,1.550340041013711e-01
3.514198066657514e+01,1.569194422070422e-01
3.522221349914723e+01,1.569475288668929e-01
3.530244633171932e+01,1.535405686017206e-01
3.538267916429142e+01,1.471273672270051e-01
3.546291199686350e+01,1.438877162890472e-01
3.554314482943560e+01,1.524221868616288e-01
3.562337766200768e+01,1.788795783146634e-01
3.570361049457977e+01,2.055713481016249e-01
3.578384332715186e+01,2.084952662426398e-01
3.586407615972395e+01,2.421263780237624e-01
3.594430899229604e+01,2.304440224104939e-01
3.602454182486812e+01,2.092594170916828e-01
3.610477465744022e+01,1.410231191106480e-01
3.618500749001230e+01,7.410883115362307e-02
3.626524032258440e+01,6.005097364556343e-02
3.634547315515649e+01,4.797588904714037e-02
3.642570598772858e+01,3.897750433426528e-02
3.650593882030066e+01,3.383837196071091e-02
3.658617165287276e+01,3.252749975009026e-02
3.666640448544484e+01,3.191177237077584e-02
3.674663731801693e+01,3.042608491522203e-02
3.682687015058902e+01,2.756947790729768e-02
3.690710298316111e+01,2.355112432497752e-02
3.698733581573320e+01,1.918950817653307e-02
3.706756864830529e+01,1.615418768898938e-02
3.714780148087738e+01,1.410473317484505e-02
3.722803431344947e+01,1.354433167290905e-02
3.730826714602156e+01,1.311826188550063e-02
3.738849997859365e+01,1.147110034844278e-02
3.746873281116574e+01,7.936297355673872e-03
3.754896564373782e+01,5.480772692945886e-03
3.762919847630992e+01,3.129096033752291e-03
3.770943130888200e+01,6.014443442748061e-04
3.778966414145409e+01,0.000000000000000e+00
