# Ge phonon DOS from DarkELF data/Ge/Ge_pDoS.dat, renormalized under the
# SAME convention as ge_vdos_normalized.csv: int g dw = 1, w in meV, g in 1/meV.
# Source file header: '# eV, DoS'. Raw trapezoid integral = 1.002008598589655e+00 (already ~1).
# Renormalization factor applied: 1/1.002008598589655e+00.
# The E = 0 row of the source file is dropped (g is identically zero there and
# g/E would be 0/0); the digitization carries NO support below 2.396141 meV, which
# is why no parabolic segment is prepended here -- see MANIFEST.md section 3.
omega_meV,g_per_meV
1.261126798250631e-01,0.000000000000000e+00
2.522253596501261e-01,0.000000000000000e+00
3.783380394751892e-01,0.000000000000000e+00
5.044507193002522e-01,0.000000000000000e+00
6.305633991253152e-01,0.000000000000000e+00
7.566760789503784e-01,0.000000000000000e+00
8.827887587754414e-01,0.000000000000000e+00
1.008901438600504e+00,0.000000000000000e+00
1.135014118425568e+00,0.000000000000000e+00
1.261126798250630e+00,0.000000000000000e+00
1.387239478075694e+00,0.000000000000000e+00
1.513352157900757e+00,0.000000000000000e+00
1.639464837725820e+00,0.000000000000000e+00
1.765577517550883e+00,0.000000000000000e+00
1.891690197375946e+00,0.000000000000000e+00
2.017802877201009e+00,0.000000000000000e+00
2.143915557026072e+00,0.000000000000000e+00
2.270028236851135e+00,0.000000000000000e+00
2.396140916676198e+00,-1.903860008374618e-04
2.522253596501261e+00,-5.189254470703901e-05
2.648366276326324e+00,-5.130572952330257e-05
2.774478956151387e+00,-9.151595926437476e-05
2.900591635976450e+00,2.472726276250599e-05
3.026704315801513e+00,1.057324314507068e-04
3.152816995626576e+00,4.447312524474646e-05
3.278929675451639e+00,2.908430217990219e-04
3.405042355276702e+00,-2.753546424951593e-04
3.531155035101766e+00,-3.533025008868367e-04
3.657267714926828e+00,7.463678522408011e-04
3.783380394751891e+00,8.008855289548259e-04
3.909493074576955e+00,5.447504435801205e-04
4.035605754402018e+00,1.541420565277656e-04
4.161718434227081e+00,-9.641437633554048e-05
4.287831114052143e+00,1.364393091376107e-03
4.413943793877206e+00,1.686249234740411e-03
4.540056473702270e+00,1.912991615802898e-03
4.666169153527333e+00,2.127885618267006e-03
4.792281833352396e+00,2.365270137466711e-03
4.918394513177459e+00,2.572524660728940e-03
5.044507193002522e+00,2.850570300415671e-03
5.170619872827585e+00,3.126707417120043e-03
5.296732552652649e+00,3.265037782530828e-03
5.422845232477711e+00,3.565088818676459e-03
5.548957912302774e+00,3.881787403283516e-03
5.675070592127837e+00,4.201419041139724e-03
5.801183271952900e+00,4.576772148393721e-03
5.927295951777963e+00,4.996565556600826e-03
6.053408631603027e+00,5.415279842901532e-03
6.179521311428090e+00,5.909526787538079e-03
6.305633991253153e+00,6.269186291872459e-03
6.431746671078216e+00,6.916312762409132e-03
6.557859350903279e+00,7.519002088529640e-03
6.683972030728341e+00,8.193769933581660e-03
6.810084710553404e+00,8.897691742897744e-03
6.936197390378468e+00,9.686659727237651e-03
7.062310070203531e+00,1.056778550232003e-02
7.188422750028594e+00,1.163476413788843e-02
7.314535429853657e+00,1.263526928956873e-02
7.440648109678720e+00,1.349064633892808e-02
7.566760789503783e+00,1.638415480509171e-02
7.692873469328847e+00,1.983890943466294e-02
7.818986149153909e+00,2.439599524112806e-02
7.945098828978971e+00,3.153261547814884e-02
8.071211508804035e+00,3.479409423584265e-02
8.197324188629098e+00,3.550354886210767e-02
8.323436868454161e+00,3.581818098357324e-02
8.449549548279224e+00,3.661848590403417e-02
8.575662228104287e+00,3.741303225480674e-02
8.701774907929350e+00,3.831723644394969e-02
8.827887587754413e+00,3.942729367695753e-02
8.954000267579477e+00,4.082485756245836e-02
9.080112947404540e+00,4.234866379269787e-02
9.206225627229603e+00,4.416633105445230e-02
9.332338307054666e+00,4.600115267410045e-02
9.458450986879729e+00,4.816848893293316e-02
9.584563666704792e+00,5.154472244936516e-02
9.710676346529855e+00,5.327033157176934e-02
9.836789026354918e+00,5.595947769954557e-02
9.962901706179981e+00,6.318266556657787e-02
1.008901438600504e+01,8.729006636843822e-02
1.021512706583011e+01,8.669760551397597e-02
1.034123974565517e+01,8.487774809050132e-02
1.046735242548023e+01,7.350355222905394e-02
1.059346510530530e+01,6.597705623783885e-02
1.071957778513036e+01,6.258727614758104e-02
1.084569046495542e+01,5.913120208938093e-02
1.097180314478049e+01,5.654229584632069e-02
1.109791582460555e+01,5.395009244477057e-02
1.122402850443061e+01,5.118747631731015e-02
1.135014118425567e+01,4.917165443527233e-02
1.147625386408074e+01,4.733324240683635e-02
1.160236654390580e+01,4.564763813687886e-02
1.172847922373086e+01,4.428142702567754e-02
1.185459190355593e+01,4.299799510125466e-02
1.198070458338099e+01,4.247312292473793e-02
1.210681726320605e+01,4.202991273406304e-02
1.223292994303112e+01,4.114410223340069e-02
1.235904262285618e+01,4.035366726529575e-02
1.248515530268124e+01,3.995836387470218e-02
1.261126798250631e+01,3.917979484585841e-02
1.273738066233137e+01,3.834222404751007e-02
1.286349334215643e+01,3.758122971267393e-02
1.298960602198149e+01,3.679594021258997e-02
1.311571870180656e+01,3.611899960805510e-02
1.324183138163162e+01,3.542380886087076e-02
1.336794406145668e+01,3.475572902672103e-02
1.349405674128175e+01,3.417724417600579e-02
1.362016942110681e+01,3.393670496358042e-02
1.374628210093187e+01,3.434678168769222e-02
1.387239478075694e+01,3.583853778999754e-02
1.399850746058200e+01,3.753676091120537e-02
1.412462014040706e+01,3.988359787321784e-02
1.425073282023213e+01,4.564461802302130e-02
1.437684550005719e+01,3.735857930483204e-02
1.450295817988225e+01,3.233676303948924e-02
1.462907085970731e+01,2.569415200821032e-02
1.475518353953238e+01,1.978488666343851e-02
1.488129621935744e+01,1.618078763098983e-02
1.500740889918250e+01,1.338928336716711e-02
1.513352157900757e+01,1.069498015973806e-02
1.525963425883263e+01,3.706297137303368e-03
1.538574693865769e+01,3.492298176423320e-03
1.551185961848276e+01,3.414371911797037e-03
1.563797229830782e+01,3.444687377092323e-03
1.576408497813288e+01,3.590855983168662e-03
1.589019765795794e+01,3.678967222820551e-03
1.601631033778301e+01,3.695542146074463e-03
1.614242301760807e+01,3.827209757493143e-03
1.626853569743313e+01,3.936385177197479e-03
1.639464837725820e+01,3.943562533844029e-03
1.652076105708326e+01,3.952818922913669e-03
1.664687373690832e+01,4.070903611338114e-03
1.677298641673339e+01,4.152928163346961e-03
1.689909909655845e+01,4.371123565001397e-03
1.702521177638351e+01,4.484863275081769e-03
1.715132445620857e+01,4.688195738489823e-03
1.727743713603364e+01,4.857089720786088e-03
1.740354981585870e+01,4.959108435060797e-03
1.752966249568376e+01,5.019361300346401e-03
1.765577517550883e+01,5.267813040143500e-03
1.778188785533389e+01,5.353648074859256e-03
1.790800053515895e+01,5.545329907755796e-03
1.803411321498402e+01,5.708853604455578e-03
1.816022589480908e+01,5.985883514212174e-03
1.828633857463414e+01,6.128683359599300e-03
1.841245125445921e+01,6.272800956929027e-03
1.853856393428427e+01,6.392269597067194e-03
1.866467661410933e+01,5.937684195981797e-03
1.879078929393440e+01,6.807612574897353e-03
1.891690197375946e+01,7.084642484653964e-03
1.904301465358452e+01,7.315810902035898e-03
1.916912733340958e+01,7.526420455291878e-03
1.929524001323465e+01,7.783162687312495e-03
1.942135269305971e+01,7.905197349661979e-03
1.954746537288477e+01,8.138368216908800e-03
1.967357805270984e+01,8.421106381556052e-03
1.979969073253490e+01,8.713343051290418e-03
1.992580341235996e+01,8.969457946178604e-03
2.005191609218502e+01,9.271745792940904e-03
2.017802877201009e+01,9.524894573508030e-03
2.030414145183515e+01,9.861677057326237e-03
2.043025413166021e+01,1.009906157652594e-02
2.055636681148528e+01,1.037277956064187e-02
2.068247949131034e+01,1.071419101408019e-02
2.080859217113540e+01,1.110185267865439e-02
2.093470485096046e+01,1.150262398943741e-02
2.106081753078553e+01,1.192723601351970e-02
2.118693021061059e+01,1.235893194556933e-02
2.131304289043566e+01,1.281015755012391e-02
2.143915557026072e+01,1.318415292325828e-02
2.156526825008578e+01,1.358230255273202e-02
2.169138092991085e+01,1.406167872392774e-02
2.181749360973591e+01,1.462169376348981e-02
2.194360628956097e+01,1.513708570575645e-02
2.206971896938603e+01,1.568317784124006e-02
2.219583164921110e+01,1.624660041092843e-02
2.232194432903616e+01,1.688148909623961e-02
2.244805700886122e+01,1.751637778155082e-02
2.257416968868629e+01,1.817529859135959e-02
2.270028236851135e+01,1.891148287770542e-02
2.282639504833641e+01,1.968683580264574e-02
2.295250772816147e+01,2.065232449233976e-02
2.307862040798654e+01,2.173546406520709e-02
2.320473308781160e+01,2.297994469839021e-02
2.333084576763666e+01,2.489796710302833e-02
2.345695844746173e+01,2.834169389495884e-02
2.358307112728679e+01,3.291031610929853e-02
2.370918380711185e+01,4.770206869632624e-02
2.383529648693692e+01,4.580563091569115e-02
2.396140916676198e+01,3.895345138431944e-02
2.408752184658704e+01,3.357367359857660e-02
2.421363452641211e+01,2.975100848567546e-02
2.433974720623717e+01,2.646083765986807e-02
2.446585988606223e+01,2.415943883880704e-02
2.459197256588730e+01,2.175266906145475e-02
2.471808524571236e+01,1.958787998059752e-02
2.484419792553742e+01,1.837313353370409e-02
2.497031060536249e+01,1.730710398110667e-02
2.509642328518755e+01,1.581820974057360e-02
2.522253596501261e+01,1.448316092816641e-02
2.534864864483767e+01,1.377262116917299e-02
2.547476132466274e+01,1.318279507406861e-02
2.560087400448780e+01,1.259296897896423e-02
2.572698668431286e+01,1.182872712923745e-02
2.585309936413793e+01,1.074127074576088e-02
2.597921204396299e+01,1.029384999840812e-02
2.610532472378805e+01,1.029384999840812e-02
2.623143740361311e+01,1.039751085724901e-02
2.635755008343818e+01,1.029692416447162e-02
2.648366276326324e+01,1.029384999840812e-02
2.660977544308830e+01,1.041491278121473e-02
2.673588812291337e+01,1.105501463135580e-02
2.686200080273843e+01,1.209761191853065e-02
2.698811348256349e+01,1.292130734801732e-02
2.711422616238855e+01,1.359236035070087e-02
2.724033884221362e+01,1.415353673096952e-02
2.736645152203868e+01,1.451202649854668e-02
2.749256420186375e+01,1.526506821800045e-02
2.761867688168881e+01,1.737453586728343e-02
2.774478956151387e+01,1.919930291128945e-02
2.787090224133894e+01,2.037425363221046e-02
2.799701492116400e+01,2.107078590868591e-02
2.812312760098906e+01,2.127730640370706e-02
2.824924028081412e+01,2.141907582695918e-02
2.837535296063919e+01,2.188736557246144e-02
2.850146564046425e+01,2.244026021502825e-02
2.862757832028931e+01,2.292800726079844e-02
2.875369100011438e+01,2.335925514319466e-02
2.887980367993944e+01,2.336158800260979e-02
2.900591635976450e+01,2.317623046670381e-02
2.913202903958956e+01,2.302022831936275e-02
2.925814171941463e+01,2.315421752167618e-02
2.938425439923969e+01,2.349130681755052e-02
2.951036707906475e+01,2.387415613432295e-02
2.963647975888982e+01,2.424352696149367e-02
2.976259243871488e+01,2.456137532823136e-02
2.988870511853994e+01,2.464116515393720e-02
3.001481779836501e+01,2.448580283899198e-02
3.014093047819007e+01,2.387395699770498e-02
3.026704315801513e+01,2.330139426485602e-02
3.039315583784019e+01,2.335062999691070e-02
3.051926851766526e+01,2.293200363519428e-02
3.064538119749032e+01,2.239232661185890e-02
3.077149387731539e+01,2.212607297976691e-02
3.089760655714045e+01,2.176357883256773e-02
3.102371923696551e+01,2.145416645707991e-02
3.114983191679057e+01,2.112270514863123e-02
3.127594459661564e+01,2.080748761742063e-02
3.140205727644070e+01,2.052796801650193e-02
3.152816995626576e+01,2.022501187177734e-02
3.165428263609083e+01,1.978536486701536e-02
3.178039531591589e+01,1.929540834980976e-02
3.190650799574096e+01,1.896228995737010e-02
3.203262067556602e+01,1.855091160925934e-02
3.215873335539108e+01,1.818690331380820e-02
3.228484603521614e+01,1.782652958505338e-02
3.241095871504120e+01,1.731656429874176e-02
3.253707139486627e+01,1.685726600981445e-02
3.266318407469133e+01,1.635249536003072e-02
3.278929675451639e+01,1.588158934304976e-02
3.291540943434146e+01,1.566934807924447e-02
3.304152211416652e+01,1.547451924027159e-02
3.316763479399158e+01,1.516349321815951e-02
3.329374747381664e+01,1.471575056578942e-02
3.341986015364171e+01,1.431813612869211e-02
3.354597283346677e+01,1.398841793879999e-02
3.367208551329183e+01,1.369443065977198e-02
3.379819819311690e+01,1.336186674545112e-02
3.392431087294196e+01,1.312531531678475e-02
3.405042355276702e+01,1.297606109253646e-02
3.417653623259208e+01,1.425028381655732e-02
3.430264891241715e+01,9.995822125281752e-02
3.442876159224221e+01,1.887415274654825e-01
3.455487427206727e+01,1.690241576674029e-01
3.468098695189234e+01,1.374069759427131e-01
3.480709963171740e+01,1.308728433289020e-01
3.493321231154246e+01,1.431369240977483e-01
3.505932499136753e+01,1.541337123755086e-01
3.518543767119259e+01,1.588018364809313e-01
3.531155035101765e+01,1.586586491161535e-01
3.543766303084271e+01,1.498785842039799e-01
3.556377571066778e+01,1.488486930764473e-01
3.568988839049285e+01,1.842684814363179e-01
3.581600107031791e+01,2.111334871724023e-01
3.594211375014297e+01,2.384283096800829e-01
3.606822642996804e+01,2.243436061524476e-01
3.619433910979310e+01,1.099297471971292e-01
3.632045178961816e+01,5.979221587690335e-02
3.644656446944322e+01,4.505657941279733e-02
3.657267714926829e+01,3.377848513935906e-02
3.669878982909335e+01,3.244130350512497e-02
3.682490250891841e+01,2.981124110006729e-02
3.695101518874348e+01,2.467768396065919e-02
3.707712786856854e+01,1.814441747020019e-02
3.720324054839360e+01,1.408956303786502e-02
3.732935322821866e+01,1.309909619132203e-02
3.745546590804373e+01,1.128474288606885e-02
3.758157858786879e+01,6.002177386100423e-03
3.770769126769385e+01,2.190618598313342e-03
