energy,unc_en,intensity,unc_i,type,shell,p_z,p_n,p_symbol,p_energy_shift,p_energy,unc_pe,jp,half_life,operator_hl,unc_hl,unit_hl,half_life_sec,unc_hls,decay,decay_%,unc_d,q,unc_q,d_z,d_n,d_symbol,ensdf_publication_cut-off,ensdf_authors,Extraction_date
1.041,,122.308333042,0.3495775668707079,AU,L,32,39,Ge,,0,,1/2-,11.43,,3,d,987552,2592,EC,100,,232.5,12,31,40,Ga,17-Jan-2023,Balraj Singh and Jun Chen,2026-07-23
1.121,,126.849004957728,21.409433567457594,AU,L,32,39,Ge,,198.371,0.012,9/2+,20.22,,12,ms,0.02022,0.00012,IT,100,,,,32,39,Ge,17-Jan-2023,Balraj Singh and Jun Chen,2026-07-23
7.95,,32.240489254686786,0.2772617025341942,AU,KLL,32,39,Ge,,0,,1/2-,11.43,,3,d,987552,2592,EC,100,,232.5,12,31,40,Ga,17-Jan-2023,Balraj Singh and Jun Chen,2026-07-23
8.474,,30.418444130434782,5.829889923721533,AU,KLL,32,39,Ge,,198.371,0.012,9/2+,20.22,,12,ms,0.02022,0.00012,IT,100,,,,32,39,Ge,17-Jan-2023,Balraj Singh and Jun Chen,2026-07-23
9.061,,42.30597,0.35036,AU,K,32,39,Ge,,0,,1/2-,11.43,,3,d,987552,2592,EC,100,,232.5,12,31,40,Ga,17-Jan-2023,Balraj Singh and Jun Chen,2026-07-23
9.077,,9.381982373113855,0.1259556028836271,AU,KLX,32,39,Ge,,0,,1/2-,11.43,,3,d,987552,2592,EC,100,,232.5,12,31,40,Ga,17-Jan-2023,Balraj Singh and Jun Chen,2026-07-23
9.683,,40.298354784,7.722889459241361,AU,K,32,39,Ge,,198.371,0.012,9/2+,20.22,,12,ms,0.02022,0.00012,IT,100,,,,32,39,Ge,17-Jan-2023,Balraj Singh and Jun Chen,2026-07-23
9.695,,9.186370127391305,1.7629901057655082,AU,KLX,32,39,Ge,,198.371,0.012,9/2+,20.22,,12,ms,0.02022,0.00012,IT,100,,,,32,39,Ge,17-Jan-2023,Balraj Singh and Jun Chen,2026-07-23
10.201,,0.6834983721993598,0.01715845449444436,AU,KXY,32,39,Ge,,0,,1/2-,11.43,,3,d,987552,2592,EC,100,,232.5,12,31,40,Ga,17-Jan-2023,Balraj Singh and Jun Chen,2026-07-23
10.912,,0.693540526173913,0.133477217726832,AU,KXY,32,39,Ge,,198.371,0.012,9/2+,20.22,,12,ms,0.02022,0.00012,IT,100,,,,32,39,Ge,17-Jan-2023,Balraj Singh and Jun Chen,2026-07-23
12.331,,81.36,16.992424782826024,CE,K,32,39,Ge,,198.371,0.012,9/2+,20.22,,12,ms,0.02022,0.00012,IT,100,,,,32,39,Ge,17-Jan-2023,Balraj Singh and Jun Chen,2026-07-23
22.025,,15.696,3.2787955105495676,CE,L,32,39,Ge,,198.371,0.012,9/2+,20.22,,12,ms,0.02022,0.00012,IT,100,,,,32,39,Ge,17-Jan-2023,Balraj Singh and Jun Chen,2026-07-23
23.254,,2.4144,0.5044636359540695,CE,M,32,39,Ge,,198.371,0.012,9/2+,20.22,,12,ms,0.02022,0.00012,IT,100,,,,32,39,Ge,17-Jan-2023,Balraj Singh and Jun Chen,2026-07-23
23.4237,,0.1272,0.02656946367543011,CE,N,32,39,Ge,,198.371,0.012,9/2+,20.22,,12,ms,0.02022,0.00012,IT,100,,,,32,39,Ge,17-Jan-2023,Balraj Singh and Jun Chen,2026-07-23
163.849,,7.402896,0.11037071872557504,CE,K,32,39,Ge,,198.371,0.012,9/2+,20.22,,12,ms,0.02022,0.00012,IT,100,,,,32,39,Ge,17-Jan-2023,Balraj Singh and Jun Chen,2026-07-23
173.543,,0.8465688,0.011962099723710717,CE,L,32,39,Ge,,198.371,0.012,9/2+,20.22,,12,ms,0.02022,0.00012,IT,100,,,,32,39,Ge,17-Jan-2023,Balraj Singh and Jun Chen,2026-07-23
174.772,,0.12542778,0.0018397493520585894,CE,M,32,39,Ge,,198.371,0.012,9/2+,20.22,,12,ms,0.02022,0.00012,IT,100,,,,32,39,Ge,17-Jan-2023,Balraj Singh and Jun Chen,2026-07-23
174.9417,,0.007247142,0.00010122800792270882,CE,N,32,39,Ge,,198.371,0.012,9/2+,20.22,,12,ms,0.02022,0.00012,IT,100,,,,32,39,Ge,17-Jan-2023,Balraj Singh and Jun Chen,2026-07-23

