# QPD Phase-6 Plan 06-01 -- reconstructed-energy spectra dR/dE_rec, design Al->Hf.
# Source R: artifacts/stage1/response_matrix_AlHf.npz, key R_non_paralyzable
#   (CONVENTIONS Section F RESOLVED non-paralyzable; paralyzable is a sensitivity only).
# Axis: RECONSTRUCTED energy E_rec (from npz E_rec grid), NOT deposited energy.
# Grid: shared 584-bin E_dep (10.14 eV -> 197 MeV) folded to 161 E_rec bins;
#   the [0, 1e-3 eV) underflow catch-bin is omitted below.
# CEvNS rebinned onto the shared E_dep grid conserving counts; the 5-10.14 eV
#   sub-floor low edge is reconstructed via E_rec = 0.5*E_dep (retained, not dropped).
# Bands: cevns = folded 1-sigma flux band; muon = +/-30% normalization;
#   compton = factor-2 site-flux (0.5x / 2x).
# Units: counts/kg/day/keV (per-kg normalization; CONVENTIONS A).
E_rec_keV,cevns_dRdErec,cevns_band_lo,cevns_band_hi,muon_dRdErec,muon_band_lo,muon_band_hi,compton_dRdErec,compton_band_lo,compton_band_hi,total_dRdErec
1.059254e-06,0.000000e+00,0.000000e+00,0.000000e+00,0.000000e+00,0.000000e+00,0.000000e+00,0.000000e+00,0.000000e+00,0.000000e+00,0.000000e+00
1.188502e-06,0.000000e+00,0.000000e+00,0.000000e+00,0.000000e+00,0.000000e+00,0.000000e+00,0.000000e+00,0.000000e+00,0.000000e+00,0.000000e+00
1.333521e-06,0.000000e+00,0.000000e+00,0.000000e+00,0.000000e+00,0.000000e+00,0.000000e+00,0.000000e+00,0.000000e+00,0.000000e+00,0.000000e+00
1.496236e-06,0.000000e+00,0.000000e+00,0.000000e+00,0.000000e+00,0.000000e+00,0.000000e+00,0.000000e+00,0.000000e+00,0.000000e+00,0.000000e+00
1.678804e-06,0.000000e+00,0.000000e+00,0.000000e+00,0.000000e+00,0.000000e+00,0.000000e+00,0.000000e+00,0.000000e+00,0.000000e+00,0.000000e+00
1.883649e-06,0.000000e+00,0.000000e+00,0.000000e+00,0.000000e+00,0.000000e+00,0.000000e+00,0.000000e+00,0.000000e+00,0.000000e+00,0.000000e+00
2.113489e-06,0.000000e+00,0.000000e+00,0.000000e+00,0.000000e+00,0.000000e+00,0.000000e+00,0.000000e+00,0.000000e+00,0.000000e+00,0.000000e+00
2.371374e-06,0.000000e+00,0.000000e+00,0.000000e+00,0.000000e+00,0.000000e+00,0.000000e+00,0.000000e+00,0.000000e+00,0.000000e+00,0.000000e+00
2.660725e-06,0.000000e+00,0.000000e+00,0.000000e+00,0.000000e+00,0.000000e+00,0.000000e+00,0.000000e+00,0.000000e+00,0.000000e+00,0.000000e+00
2.985383e-06,0.000000e+00,0.000000e+00,0.000000e+00,0.000000e+00,0.000000e+00,0.000000e+00,0.000000e+00,0.000000e+00,0.000000e+00,0.000000e+00
3.349654e-06,0.000000e+00,0.000000e+00,0.000000e+00,0.000000e+00,0.000000e+00,0.000000e+00,0.000000e+00,0.000000e+00,0.000000e+00,0.000000e+00
3.758374e-06,0.000000e+00,0.000000e+00,0.000000e+00,0.000000e+00,0.000000e+00,0.000000e+00,0.000000e+00,0.000000e+00,0.000000e+00,0.000000e+00
4.216965e-06,0.000000e+00,0.000000e+00,0.000000e+00,0.000000e+00,0.000000e+00,0.000000e+00,0.000000e+00,0.000000e+00,0.000000e+00,0.000000e+00
4.731513e-06,0.000000e+00,0.000000e+00,0.000000e+00,0.000000e+00,0.000000e+00,0.000000e+00,0.000000e+00,0.000000e+00,0.000000e+00,0.000000e+00
5.308844e-06,0.000000e+00,0.000000e+00,0.000000e+00,0.000000e+00,0.000000e+00,0.000000e+00,0.000000e+00,0.000000e+00,0.000000e+00,0.000000e+00
5.956621e-06,0.000000e+00,0.000000e+00,0.000000e+00,0.000000e+00,0.000000e+00,0.000000e+00,0.000000e+00,0.000000e+00,0.000000e+00,0.000000e+00
6.683439e-06,0.000000e+00,0.000000e+00,0.000000e+00,0.000000e+00,0.000000e+00,0.000000e+00,0.000000e+00,0.000000e+00,0.000000e+00,0.000000e+00
7.498942e-06,0.000000e+00,0.000000e+00,0.000000e+00,0.000000e+00,0.000000e+00,0.000000e+00,0.000000e+00,0.000000e+00,0.000000e+00,0.000000e+00
8.413951e-06,0.000000e+00,0.000000e+00,0.000000e+00,0.000000e+00,0.000000e+00,0.000000e+00,0.000000e+00,0.000000e+00,0.000000e+00,0.000000e+00
9.440609e-06,0.000000e+00,0.000000e+00,0.000000e+00,0.000000e+00,0.000000e+00,0.000000e+00,0.000000e+00,0.000000e+00,0.000000e+00,0.000000e+00
1.059254e-05,0.000000e+00,0.000000e+00,0.000000e+00,0.000000e+00,0.000000e+00,0.000000e+00,0.000000e+00,0.000000e+00,0.000000e+00,0.000000e+00
1.188502e-05,0.000000e+00,0.000000e+00,0.000000e+00,0.000000e+00,0.000000e+00,0.000000e+00,0.000000e+00,0.000000e+00,0.000000e+00,0.000000e+00
1.333521e-05,0.000000e+00,0.000000e+00,0.000000e+00,0.000000e+00,0.000000e+00,0.000000e+00,0.000000e+00,0.000000e+00,0.000000e+00,0.000000e+00
1.496236e-05,0.000000e+00,0.000000e+00,0.000000e+00,0.000000e+00,0.000000e+00,0.000000e+00,0.000000e+00,0.000000e+00,0.000000e+00,0.000000e+00
1.678804e-05,0.000000e+00,0.000000e+00,0.000000e+00,0.000000e+00,0.000000e+00,0.000000e+00,0.000000e+00,0.000000e+00,0.000000e+00,0.000000e+00
1.883649e-05,0.000000e+00,0.000000e+00,0.000000e+00,0.000000e+00,0.000000e+00,0.000000e+00,0.000000e+00,0.000000e+00,0.000000e+00,0.000000e+00
2.113489e-05,0.000000e+00,0.000000e+00,0.000000e+00,0.000000e+00,0.000000e+00,0.000000e+00,0.000000e+00,0.000000e+00,0.000000e+00,0.000000e+00
2.371374e-05,0.000000e+00,0.000000e+00,0.000000e+00,0.000000e+00,0.000000e+00,0.000000e+00,0.000000e+00,0.000000e+00,0.000000e+00,0.000000e+00
2.660725e-05,0.000000e+00,0.000000e+00,0.000000e+00,0.000000e+00,0.000000e+00,0.000000e+00,0.000000e+00,0.000000e+00,0.000000e+00,0.000000e+00
2.985383e-05,0.000000e+00,0.000000e+00,0.000000e+00,0.000000e+00,0.000000e+00,0.000000e+00,0.000000e+00,0.000000e+00,0.000000e+00,0.000000e+00
3.349654e-05,0.000000e+00,0.000000e+00,0.000000e+00,0.000000e+00,0.000000e+00,0.000000e+00,0.000000e+00,0.000000e+00,0.000000e+00,0.000000e+00
3.758374e-05,0.000000e+00,0.000000e+00,0.000000e+00,0.000000e+00,0.000000e+00,0.000000e+00,0.000000e+00,0.000000e+00,0.000000e+00,0.000000e+00
4.216965e-05,0.000000e+00,0.000000e+00,0.000000e+00,0.000000e+00,0.000000e+00,0.000000e+00,0.000000e+00,0.000000e+00,0.000000e+00,0.000000e+00
4.731513e-05,0.000000e+00,0.000000e+00,0.000000e+00,0.000000e+00,0.000000e+00,0.000000e+00,0.000000e+00,0.000000e+00,0.000000e+00,0.000000e+00
5.308844e-05,0.000000e+00,0.000000e+00,0.000000e+00,0.000000e+00,0.000000e+00,0.000000e+00,0.000000e+00,0.000000e+00,0.000000e+00,0.000000e+00
5.956621e-05,0.000000e+00,0.000000e+00,0.000000e+00,0.000000e+00,0.000000e+00,0.000000e+00,0.000000e+00,0.000000e+00,0.000000e+00,0.000000e+00
6.683439e-05,0.000000e+00,0.000000e+00,0.000000e+00,0.000000e+00,0.000000e+00,0.000000e+00,0.000000e+00,0.000000e+00,0.000000e+00,0.000000e+00
7.498942e-05,0.000000e+00,0.000000e+00,0.000000e+00,0.000000e+00,0.000000e+00,0.000000e+00,0.000000e+00,0.000000e+00,0.000000e+00,0.000000e+00
8.413951e-05,0.000000e+00,0.000000e+00,0.000000e+00,0.000000e+00,0.000000e+00,0.000000e+00,0.000000e+00,0.000000e+00,0.000000e+00,0.000000e+00
9.440609e-05,0.000000e+00,0.000000e+00,0.000000e+00,0.000000e+00,0.000000e+00,0.000000e+00,0.000000e+00,0.000000e+00,0.000000e+00,0.000000e+00
1.059254e-04,0.000000e+00,0.000000e+00,0.000000e+00,0.000000e+00,0.000000e+00,0.000000e+00,0.000000e+00,0.000000e+00,0.000000e+00,0.000000e+00
1.188502e-04,0.000000e+00,0.000000e+00,0.000000e+00,0.000000e+00,0.000000e+00,0.000000e+00,0.000000e+00,0.000000e+00,0.000000e+00,0.000000e+00
1.333521e-04,0.000000e+00,0.000000e+00,0.000000e+00,0.000000e+00,0.000000e+00,0.000000e+00,0.000000e+00,0.000000e+00,0.000000e+00,0.000000e+00
1.496236e-04,0.000000e+00,0.000000e+00,0.000000e+00,0.000000e+00,0.000000e+00,0.000000e+00,0.000000e+00,0.000000e+00,0.000000e+00,0.000000e+00
1.678804e-04,0.000000e+00,0.000000e+00,0.000000e+00,0.000000e+00,0.000000e+00,0.000000e+00,0.000000e+00,0.000000e+00,0.000000e+00,0.000000e+00
1.883649e-04,0.000000e+00,0.000000e+00,0.000000e+00,0.000000e+00,0.000000e+00,0.000000e+00,0.000000e+00,0.000000e+00,0.000000e+00,0.000000e+00
2.113489e-04,0.000000e+00,0.000000e+00,0.000000e+00,0.000000e+00,0.000000e+00,0.000000e+00,0.000000e+00,0.000000e+00,0.000000e+00,0.000000e+00
2.371374e-04,0.000000e+00,0.000000e+00,0.000000e+00,0.000000e+00,0.000000e+00,0.000000e+00,0.000000e+00,0.000000e+00,0.000000e+00,0.000000e+00
2.660725e-04,0.000000e+00,0.000000e+00,0.000000e+00,0.000000e+00,0.000000e+00,0.000000e+00,0.000000e+00,0.000000e+00,0.000000e+00,0.000000e+00
2.985383e-04,0.000000e+00,0.000000e+00,0.000000e+00,0.000000e+00,0.000000e+00,0.000000e+00,0.000000e+00,0.000000e+00,0.000000e+00,0.000000e+00
3.349654e-04,0.000000e+00,0.000000e+00,0.000000e+00,0.000000e+00,0.000000e+00,0.000000e+00,0.000000e+00,0.000000e+00,0.000000e+00,0.000000e+00
3.758374e-04,0.000000e+00,0.000000e+00,0.000000e+00,0.000000e+00,0.000000e+00,0.000000e+00,0.000000e+00,0.000000e+00,0.000000e+00,0.000000e+00
4.216965e-04,0.000000e+00,0.000000e+00,0.000000e+00,0.000000e+00,0.000000e+00,0.000000e+00,0.000000e+00,0.000000e+00,0.000000e+00,0.000000e+00
4.731513e-04,0.000000e+00,0.000000e+00,0.000000e+00,0.000000e+00,0.000000e+00,0.000000e+00,0.000000e+00,0.000000e+00,0.000000e+00,0.000000e+00
5.308844e-04,0.000000e+00,0.000000e+00,0.000000e+00,0.000000e+00,0.000000e+00,0.000000e+00,0.000000e+00,0.000000e+00,0.000000e+00,0.000000e+00
5.956621e-04,0.000000e+00,0.000000e+00,0.000000e+00,0.000000e+00,0.000000e+00,0.000000e+00,0.000000e+00,0.000000e+00,0.000000e+00,0.000000e+00
6.683439e-04,0.000000e+00,0.000000e+00,0.000000e+00,0.000000e+00,0.000000e+00,0.000000e+00,0.000000e+00,0.000000e+00,0.000000e+00,0.000000e+00
7.498942e-04,0.000000e+00,0.000000e+00,0.000000e+00,0.000000e+00,0.000000e+00,0.000000e+00,0.000000e+00,0.000000e+00,0.000000e+00,0.000000e+00
8.413951e-04,0.000000e+00,0.000000e+00,0.000000e+00,0.000000e+00,0.000000e+00,0.000000e+00,0.000000e+00,0.000000e+00,0.000000e+00,0.000000e+00
9.440609e-04,0.000000e+00,0.000000e+00,0.000000e+00,0.000000e+00,0.000000e+00,0.000000e+00,0.000000e+00,0.000000e+00,0.000000e+00,0.000000e+00
1.059254e-03,0.000000e+00,0.000000e+00,0.000000e+00,0.000000e+00,0.000000e+00,0.000000e+00,0.000000e+00,0.000000e+00,0.000000e+00,0.000000e+00
1.188502e-03,0.000000e+00,0.000000e+00,0.000000e+00,0.000000e+00,0.000000e+00,0.000000e+00,0.000000e+00,0.000000e+00,0.000000e+00,0.000000e+00
1.333521e-03,0.000000e+00,0.000000e+00,0.000000e+00,0.000000e+00,0.000000e+00,0.000000e+00,0.000000e+00,0.000000e+00,0.000000e+00,0.000000e+00
1.496236e-03,0.000000e+00,0.000000e+00,0.000000e+00,0.000000e+00,0.000000e+00,0.000000e+00,0.000000e+00,0.000000e+00,0.000000e+00,0.000000e+00
1.678804e-03,0.000000e+00,0.000000e+00,0.000000e+00,0.000000e+00,0.000000e+00,0.000000e+00,0.000000e+00,0.000000e+00,0.000000e+00,0.000000e+00
1.883649e-03,0.000000e+00,0.000000e+00,0.000000e+00,0.000000e+00,0.000000e+00,0.000000e+00,0.000000e+00,0.000000e+00,0.000000e+00,0.000000e+00
2.113489e-03,0.000000e+00,0.000000e+00,0.000000e+00,0.000000e+00,0.000000e+00,0.000000e+00,0.000000e+00,0.000000e+00,0.000000e+00,0.000000e+00
2.371374e-03,0.000000e+00,0.000000e+00,0.000000e+00,0.000000e+00,0.000000e+00,0.000000e+00,0.000000e+00,0.000000e+00,0.000000e+00,0.000000e+00
2.660725e-03,3.341156e+03,2.840994e+03,3.841319e+03,0.000000e+00,0.000000e+00,0.000000e+00,0.000000e+00,0.000000e+00,0.000000e+00,3.341156e+03
2.985383e-03,3.265705e+03,2.812145e+03,3.719265e+03,0.000000e+00,0.000000e+00,0.000000e+00,0.000000e+00,0.000000e+00,0.000000e+00,3.265705e+03
3.349654e-03,2.629964e+03,2.282113e+03,2.977815e+03,0.000000e+00,0.000000e+00,0.000000e+00,0.000000e+00,0.000000e+00,0.000000e+00,2.629964e+03
3.758374e-03,3.045360e+03,2.647416e+03,3.443305e+03,0.000000e+00,0.000000e+00,0.000000e+00,0.000000e+00,0.000000e+00,0.000000e+00,3.045360e+03
4.216965e-03,2.964909e+03,2.580858e+03,3.348959e+03,7.893299e-02,5.525309e-02,1.026129e-01,0.000000e+00,0.000000e+00,0.000000e+00,2.964987e+03
4.731513e-03,3.814145e+03,3.324878e+03,4.303413e+03,1.473553e+01,1.031487e+01,1.915619e+01,4.697731e-01,2.348866e-01,9.395462e-01,3.829351e+03
5.308844e-03,2.823754e+03,2.466377e+03,3.181130e+03,3.032610e+01,2.122827e+01,3.942393e+01,3.929615e+01,1.964808e+01,7.859231e+01,2.893376e+03
5.956621e-03,2.717882e+03,2.390296e+03,3.045467e+03,6.427323e+01,4.499126e+01,8.355520e+01,2.983545e+01,1.491773e+01,5.967090e+01,2.811990e+03
6.683439e-03,2.588244e+03,2.291740e+03,2.884749e+03,1.300151e+02,9.101056e+01,1.690196e+02,9.612699e+01,4.806349e+01,1.922540e+02,2.814386e+03
7.498942e-03,2.554619e+03,2.266081e+03,2.843157e+03,1.131933e+02,7.923528e+01,1.471512e+02,1.268785e+02,6.343925e+01,2.537570e+02,2.794691e+03
8.413951e-03,2.405695e+03,2.149385e+03,2.662005e+03,3.442712e+01,2.409898e+01,4.475525e+01,1.149528e+02,5.747639e+01,2.299056e+02,2.555075e+03
9.440609e-03,2.309165e+03,2.084039e+03,2.534291e+03,4.084793e+01,2.859355e+01,5.310231e+01,9.052682e+01,4.526341e+01,1.810536e+02,2.440540e+03
1.059254e-02,2.217883e+03,2.005129e+03,2.430637e+03,7.755065e+01,5.428545e+01,1.008158e+02,3.707884e+02,1.853942e+02,7.415768e+02,2.666222e+03
1.188502e-02,2.097505e+03,1.901018e+03,2.293992e+03,3.522624e+01,2.465837e+01,4.579411e+01,1.483238e+02,7.416190e+01,2.966476e+02,2.281055e+03
1.333521e-02,1.973753e+03,1.802150e+03,2.145356e+03,4.220756e+01,2.954529e+01,5.486983e+01,1.659811e+02,8.299054e+01,3.319622e+02,2.181942e+03
1.496236e-02,1.881213e+03,1.730699e+03,2.031726e+03,6.863436e+01,4.804406e+01,8.922467e+01,1.497777e+02,7.488883e+01,2.995553e+02,2.099625e+03
1.678804e-02,1.771150e+03,1.644220e+03,1.898081e+03,7.709286e+01,5.396501e+01,1.002207e+02,1.380790e+02,6.903950e+01,2.761580e+02,1.986322e+03
1.883649e-02,1.634333e+03,1.519351e+03,1.749316e+03,1.184032e+02,8.288225e+01,1.539242e+02,2.950332e+02,1.475166e+02,5.900664e+02,2.047769e+03
2.113489e-02,1.528450e+03,1.431193e+03,1.625707e+03,8.070538e+01,5.649377e+01,1.049170e+02,2.297922e+02,1.148961e+02,4.595845e+02,1.838948e+03
2.371374e-02,1.410460e+03,1.332178e+03,1.488743e+03,8.936493e+01,6.255545e+01,1.161744e+02,1.628081e+02,8.140404e+01,3.256162e+02,1.662633e+03
2.660725e-02,1.294245e+03,1.228329e+03,1.360160e+03,9.289990e+01,6.502993e+01,1.207699e+02,1.761998e+02,8.809991e+01,3.523996e+02,1.563344e+03
2.985383e-02,1.179151e+03,1.130030e+03,1.228272e+03,1.057419e+02,7.401933e+01,1.374645e+02,3.009381e+02,1.504690e+02,6.018761e+02,1.585831e+03
3.349654e-02,1.074581e+03,1.033399e+03,1.115764e+03,6.576856e+01,4.603799e+01,8.549913e+01,2.361270e+02,1.180635e+02,4.722540e+02,1.376477e+03
3.758374e-02,9.562129e+02,9.235920e+02,9.888338e+02,8.613456e+01,6.029419e+01,1.119749e+02,2.352609e+02,1.176305e+02,4.705219e+02,1.277608e+03
4.216965e-02,8.645483e+02,8.362583e+02,8.928383e+02,8.080808e+01,5.656566e+01,1.050505e+02,3.719541e+02,1.859771e+02,7.439083e+02,1.317311e+03
4.731513e-02,7.607142e+02,7.357822e+02,7.856462e+02,8.476743e+01,5.933720e+01,1.101977e+02,5.010899e+02,2.505449e+02,1.002180e+03,1.346572e+03
5.308844e-02,6.594029e+02,6.374110e+02,6.813947e+02,8.286399e+01,5.800479e+01,1.077232e+02,3.836156e+02,1.918078e+02,7.672312e+02,1.125882e+03
5.956621e-02,5.868749e+02,5.669394e+02,6.068103e+02,1.098280e+02,7.687962e+01,1.427764e+02,3.050220e+02,1.525110e+02,6.100439e+02,1.001725e+03
6.683439e-02,4.976567e+02,4.804256e+02,5.148878e+02,6.444018e+01,4.510813e+01,8.377224e+01,4.025442e+02,2.012721e+02,8.050885e+02,9.646412e+02
7.498942e-02,4.123259e+02,3.977642e+02,4.268876e+02,9.482483e+01,6.637738e+01,1.232723e+02,3.340622e+02,1.670311e+02,6.681244e+02,8.412130e+02
8.413951e-02,3.585026e+02,3.455791e+02,3.714262e+02,9.193580e+01,6.435506e+01,1.195165e+02,4.654623e+02,2.327311e+02,9.309245e+02,9.159007e+02
9.440609e-02,2.932347e+02,2.824336e+02,3.040359e+02,8.777465e+01,6.144225e+01,1.141070e+02,4.968145e+02,2.484072e+02,9.936290e+02,8.778239e+02
1.059254e-01,2.255799e+02,2.170858e+02,2.340741e+02,6.175902e+01,4.323132e+01,8.028673e+01,6.043813e+02,3.021907e+02,1.208763e+03,8.917203e+02
1.188502e-01,1.880885e+02,1.808430e+02,1.953339e+02,1.178162e+02,8.247132e+01,1.531610e+02,5.796949e+02,2.898474e+02,1.159390e+03,8.855995e+02
1.333521e-01,1.507461e+02,1.447972e+02,1.566950e+02,8.934666e+01,6.254266e+01,1.161507e+02,6.788373e+02,3.394186e+02,1.357675e+03,9.189300e+02
1.496236e-01,1.068332e+02,1.025129e+02,1.111535e+02,8.925450e+01,6.247815e+01,1.160308e+02,6.087727e+02,3.043864e+02,1.217545e+03,8.048604e+02
1.678804e-01,7.980048e+01,7.649455e+01,8.310642e+01,5.854696e+01,4.098287e+01,7.611104e+01,5.325836e+02,2.662918e+02,1.065167e+03,6.709310e+02
1.883649e-01,6.374736e+01,6.103823e+01,6.645648e+01,1.146424e+02,8.024967e+01,1.490351e+02,6.850864e+02,3.425432e+02,1.370173e+03,8.634762e+02
2.113489e-01,4.213538e+01,4.029746e+01,4.397329e+01,8.650086e+01,6.055060e+01,1.124511e+02,7.760675e+02,3.880337e+02,1.552135e+03,9.047037e+02
2.371374e-01,2.719948e+01,2.598358e+01,2.841538e+01,1.038766e+02,7.271361e+01,1.350396e+02,7.384565e+02,3.692282e+02,1.476913e+03,8.695325e+02
2.660725e-01,1.978171e+01,1.887568e+01,2.068773e+01,7.684258e+01,5.378981e+01,9.989535e+01,8.339450e+02,4.169725e+02,1.667890e+03,9.305693e+02
2.985383e-01,1.237811e+01,1.179735e+01,1.295887e+01,1.158812e+02,8.111686e+01,1.506456e+02,7.851124e+02,3.925562e+02,1.570225e+03,9.133717e+02
3.349654e-01,6.492266e+00,6.180990e+00,6.803541e+00,6.733346e+01,4.713342e+01,8.753350e+01,7.081624e+02,3.540812e+02,1.416325e+03,7.819881e+02
3.758374e-01,3.971640e+00,3.777711e+00,4.165568e+00,1.071566e+02,7.500962e+01,1.393036e+02,9.035546e+02,4.517773e+02,1.807109e+03,1.014683e+03
4.216965e-01,1.873976e+00,1.781179e+00,1.966774e+00,9.668947e+01,6.768263e+01,1.256963e+02,9.127270e+02,4.563635e+02,1.825454e+03,1.011290e+03
4.731513e-01,7.011453e-01,6.661661e-01,7.361245e-01,9.379528e+01,6.565669e+01,1.219339e+02,8.587080e+02,4.293540e+02,1.717416e+03,9.532045e+02
5.308844e-01,2.830350e-01,2.688846e-01,2.971854e-01,1.105048e+02,7.735335e+01,1.436562e+02,1.205988e+03,6.029941e+02,2.411976e+03,1.316776e+03
5.956621e-01,5.406578e-02,5.136249e-02,5.676907e-02,7.892080e+01,5.524456e+01,1.025970e+02,9.019306e+02,4.509653e+02,1.803861e+03,9.809054e+02
6.683439e-01,1.248609e-02,1.186179e-02,1.311039e-02,1.086183e+02,7.603283e+01,1.412038e+02,1.275542e+03,6.377710e+02,2.551084e+03,1.384173e+03
7.498942e-01,1.342668e-03,1.275535e-03,1.409801e-03,9.090499e+01,6.363350e+01,1.181765e+02,1.018312e+03,5.091562e+02,2.036625e+03,1.109219e+03
8.413951e-01,1.630254e-04,1.548742e-04,1.711767e-04,9.981723e+01,6.987206e+01,1.297624e+02,1.315245e+03,6.576223e+02,2.630489e+03,1.415062e+03
9.440609e-01,7.877740e-07,7.483853e-07,8.271627e-07,1.110277e+02,7.771936e+01,1.443359e+02,1.297770e+03,6.488852e+02,2.595541e+03,1.408798e+03
1.059254e+00,0.000000e+00,0.000000e+00,0.000000e+00,1.004231e+02,7.029619e+01,1.305501e+02,1.200507e+03,6.002537e+02,2.401015e+03,1.300930e+03
1.188502e+00,0.000000e+00,0.000000e+00,0.000000e+00,1.031802e+02,7.222614e+01,1.341343e+02,1.319327e+03,6.596633e+02,2.638653e+03,1.422507e+03
1.333521e+00,0.000000e+00,0.000000e+00,0.000000e+00,1.186426e+02,8.304981e+01,1.542354e+02,1.445855e+03,7.229274e+02,2.891710e+03,1.564497e+03
1.496236e+00,0.000000e+00,0.000000e+00,0.000000e+00,1.351089e+02,9.457625e+01,1.756416e+02,1.593304e+03,7.966522e+02,3.186609e+03,1.728413e+03
1.678804e+00,0.000000e+00,0.000000e+00,0.000000e+00,1.252165e+02,8.765152e+01,1.627814e+02,1.804206e+03,9.021028e+02,3.608411e+03,1.929422e+03
1.883649e+00,0.000000e+00,0.000000e+00,0.000000e+00,1.270938e+02,8.896569e+01,1.652220e+02,1.712742e+03,8.563710e+02,3.425484e+03,1.839836e+03
2.113489e+00,0.000000e+00,0.000000e+00,0.000000e+00,1.507525e+02,1.055267e+02,1.959782e+02,2.144027e+03,1.072014e+03,4.288055e+03,2.294780e+03
2.371374e+00,0.000000e+00,0.000000e+00,0.000000e+00,1.559679e+02,1.091775e+02,2.027582e+02,2.235532e+03,1.117766e+03,4.471064e+03,2.391500e+03
2.660725e+00,0.000000e+00,0.000000e+00,0.000000e+00,1.615249e+02,1.130674e+02,2.099823e+02,2.355632e+03,1.177816e+03,4.711263e+03,2.517157e+03
2.985383e+00,0.000000e+00,0.000000e+00,0.000000e+00,1.909042e+02,1.336330e+02,2.481755e+02,2.549667e+03,1.274834e+03,5.099334e+03,2.740571e+03
3.349654e+00,0.000000e+00,0.000000e+00,0.000000e+00,2.176548e+02,1.523584e+02,2.829513e+02,3.115076e+03,1.557538e+03,6.230151e+03,3.332730e+03
3.758374e+00,0.000000e+00,0.000000e+00,0.000000e+00,2.386821e+02,1.670775e+02,3.102868e+02,3.415827e+03,1.707914e+03,6.831655e+03,3.654510e+03
4.216965e+00,0.000000e+00,0.000000e+00,0.000000e+00,2.963852e+02,2.074696e+02,3.853007e+02,4.250350e+03,2.125175e+03,8.500700e+03,4.546735e+03
4.731513e+00,0.000000e+00,0.000000e+00,0.000000e+00,3.534772e+02,2.474340e+02,4.595203e+02,5.080179e+03,2.540089e+03,1.016036e+04,5.433656e+03
5.308844e+00,0.000000e+00,0.000000e+00,0.000000e+00,4.181822e+02,2.927276e+02,5.436369e+02,6.110036e+03,3.055018e+03,1.222007e+04,6.528219e+03
5.956621e+00,0.000000e+00,0.000000e+00,0.000000e+00,4.849777e+02,3.394844e+02,6.304710e+02,6.724745e+03,3.362372e+03,1.344949e+04,7.209722e+03
6.683439e+00,0.000000e+00,0.000000e+00,0.000000e+00,7.007165e+02,4.905015e+02,9.109314e+02,9.253060e+03,4.626530e+03,1.850612e+04,9.953777e+03
7.498942e+00,0.000000e+00,0.000000e+00,0.000000e+00,9.122535e+02,6.385775e+02,1.185930e+03,1.224217e+04,6.121083e+03,2.448433e+04,1.315442e+04
8.413951e+00,0.000000e+00,0.000000e+00,0.000000e+00,1.276483e+03,8.935378e+02,1.659427e+03,1.611111e+04,8.055554e+03,3.222222e+04,1.738759e+04
9.440609e+00,0.000000e+00,0.000000e+00,0.000000e+00,1.833821e+03,1.283675e+03,2.383968e+03,1.563141e+04,7.815705e+03,3.126282e+04,1.746523e+04
1.059254e+01,0.000000e+00,0.000000e+00,0.000000e+00,2.894608e+03,2.026226e+03,3.762991e+03,2.246964e+04,1.123482e+04,4.493928e+04,2.536425e+04
1.188502e+01,0.000000e+00,0.000000e+00,0.000000e+00,4.432380e+03,3.102666e+03,5.762094e+03,2.546759e+04,1.273380e+04,5.093518e+04,2.989997e+04
1.333521e+01,0.000000e+00,0.000000e+00,0.000000e+00,1.683051e+05,1.178135e+05,2.187966e+05,4.754778e+04,2.377389e+04,9.509556e+04,2.158528e+05
1.496236e+01,0.000000e+00,0.000000e+00,0.000000e+00,3.730677e+05,2.611474e+05,4.849880e+05,2.069341e+03,1.034670e+03,4.138681e+03,3.751370e+05
1.678804e+01,0.000000e+00,0.000000e+00,0.000000e+00,6.421395e+04,4.494976e+04,8.347813e+04,0.000000e+00,0.000000e+00,0.000000e+00,6.421395e+04
1.883649e+01,0.000000e+00,0.000000e+00,0.000000e+00,1.059687e+04,7.417811e+03,1.377594e+04,0.000000e+00,0.000000e+00,0.000000e+00,1.059687e+04
2.113489e+01,0.000000e+00,0.000000e+00,0.000000e+00,2.285572e+03,1.599901e+03,2.971244e+03,0.000000e+00,0.000000e+00,0.000000e+00,2.285572e+03
2.371374e+01,0.000000e+00,0.000000e+00,0.000000e+00,9.343278e+02,6.540294e+02,1.214626e+03,0.000000e+00,0.000000e+00,0.000000e+00,9.343278e+02
2.660725e+01,0.000000e+00,0.000000e+00,0.000000e+00,2.262686e+02,1.583880e+02,2.941492e+02,0.000000e+00,0.000000e+00,0.000000e+00,2.262686e+02
2.985383e+01,0.000000e+00,0.000000e+00,0.000000e+00,0.000000e+00,0.000000e+00,0.000000e+00,0.000000e+00,0.000000e+00,0.000000e+00,0.000000e+00
3.349654e+01,0.000000e+00,0.000000e+00,0.000000e+00,0.000000e+00,0.000000e+00,0.000000e+00,0.000000e+00,0.000000e+00,0.000000e+00,0.000000e+00
3.758374e+01,0.000000e+00,0.000000e+00,0.000000e+00,0.000000e+00,0.000000e+00,0.000000e+00,0.000000e+00,0.000000e+00,0.000000e+00,0.000000e+00
4.216965e+01,0.000000e+00,0.000000e+00,0.000000e+00,0.000000e+00,0.000000e+00,0.000000e+00,0.000000e+00,0.000000e+00,0.000000e+00,0.000000e+00
4.731513e+01,0.000000e+00,0.000000e+00,0.000000e+00,0.000000e+00,0.000000e+00,0.000000e+00,0.000000e+00,0.000000e+00,0.000000e+00,0.000000e+00
5.308844e+01,0.000000e+00,0.000000e+00,0.000000e+00,0.000000e+00,0.000000e+00,0.000000e+00,0.000000e+00,0.000000e+00,0.000000e+00,0.000000e+00
5.956621e+01,0.000000e+00,0.000000e+00,0.000000e+00,0.000000e+00,0.000000e+00,0.000000e+00,0.000000e+00,0.000000e+00,0.000000e+00,0.000000e+00
6.683439e+01,0.000000e+00,0.000000e+00,0.000000e+00,0.000000e+00,0.000000e+00,0.000000e+00,0.000000e+00,0.000000e+00,0.000000e+00,0.000000e+00
7.498942e+01,0.000000e+00,0.000000e+00,0.000000e+00,0.000000e+00,0.000000e+00,0.000000e+00,0.000000e+00,0.000000e+00,0.000000e+00,0.000000e+00
8.413951e+01,0.000000e+00,0.000000e+00,0.000000e+00,0.000000e+00,0.000000e+00,0.000000e+00,0.000000e+00,0.000000e+00,0.000000e+00,0.000000e+00
9.440609e+01,0.000000e+00,0.000000e+00,0.000000e+00,0.000000e+00,0.000000e+00,0.000000e+00,0.000000e+00,0.000000e+00,0.000000e+00,0.000000e+00
