# QPD Phase-6 Plan 06-01 -- reconstructed-energy spectra dR/dE_rec, design Ta->Al.
# Source R: artifacts/stage1/response_matrix_TaAl.npz, key R_non_paralyzable
#   (CONVENTIONS Section F RESOLVED non-paralyzable; paralyzable is a sensitivity only).
# Axis: RECONSTRUCTED energy E_rec (from npz E_rec grid), NOT deposited energy.
# Grid: shared 584-bin E_dep (10.14 eV -> 197 MeV) folded to 161 E_rec bins;
#   the [0, 1e-3 eV) underflow catch-bin is omitted below.
# CEvNS rebinned onto the shared E_dep grid conserving counts; the 5-10.14 eV
#   sub-floor low edge is reconstructed via E_rec = 0.5*E_dep (retained, not dropped).
# Bands: cevns = folded 1-sigma flux band; muon = +/-30% normalization;
#   compton = factor-2 site-flux (0.5x / 2x).
# Units: counts/kg/day/keV (per-kg normalization; CONVENTIONS A).
E_rec_keV,cevns_dRdErec,cevns_band_lo,cevns_band_hi,muon_dRdErec,muon_band_lo,muon_band_hi,compton_dRdErec,compton_band_lo,compton_band_hi,total_dRdErec
1.059254e-06,0.000000e+00,0.000000e+00,0.000000e+00,0.000000e+00,0.000000e+00,0.000000e+00,0.000000e+00,0.000000e+00,0.000000e+00,0.000000e+00
1.188502e-06,0.000000e+00,0.000000e+00,0.000000e+00,0.000000e+00,0.000000e+00,0.000000e+00,0.000000e+00,0.000000e+00,0.000000e+00,0.000000e+00
1.333521e-06,0.000000e+00,0.000000e+00,0.000000e+00,0.000000e+00,0.000000e+00,0.000000e+00,0.000000e+00,0.000000e+00,0.000000e+00,0.000000e+00
1.496236e-06,0.000000e+00,0.000000e+00,0.000000e+00,0.000000e+00,0.000000e+00,0.000000e+00,0.000000e+00,0.000000e+00,0.000000e+00,0.000000e+00
1.678804e-06,0.000000e+00,0.000000e+00,0.000000e+00,0.000000e+00,0.000000e+00,0.000000e+00,0.000000e+00,0.000000e+00,0.000000e+00,0.000000e+00
1.883649e-06,0.000000e+00,0.000000e+00,0.000000e+00,0.000000e+00,0.000000e+00,0.000000e+00,0.000000e+00,0.000000e+00,0.000000e+00,0.000000e+00
2.113489e-06,0.000000e+00,0.000000e+00,0.000000e+00,0.000000e+00,0.000000e+00,0.000000e+00,0.000000e+00,0.000000e+00,0.000000e+00,0.000000e+00
2.371374e-06,0.000000e+00,0.000000e+00,0.000000e+00,0.000000e+00,0.000000e+00,0.000000e+00,0.000000e+00,0.000000e+00,0.000000e+00,0.000000e+00
2.660725e-06,0.000000e+00,0.000000e+00,0.000000e+00,0.000000e+00,0.000000e+00,0.000000e+00,0.000000e+00,0.000000e+00,0.000000e+00,0.000000e+00
2.985383e-06,0.000000e+00,0.000000e+00,0.000000e+00,0.000000e+00,0.000000e+00,0.000000e+00,0.000000e+00,0.000000e+00,0.000000e+00,0.000000e+00
3.349654e-06,0.000000e+00,0.000000e+00,0.000000e+00,0.000000e+00,0.000000e+00,0.000000e+00,0.000000e+00,0.000000e+00,0.000000e+00,0.000000e+00
3.758374e-06,0.000000e+00,0.000000e+00,0.000000e+00,0.000000e+00,0.000000e+00,0.000000e+00,0.000000e+00,0.000000e+00,0.000000e+00,0.000000e+00
4.216965e-06,0.000000e+00,0.000000e+00,0.000000e+00,0.000000e+00,0.000000e+00,0.000000e+00,0.000000e+00,0.000000e+00,0.000000e+00,0.000000e+00
4.731513e-06,0.000000e+00,0.000000e+00,0.000000e+00,0.000000e+00,0.000000e+00,0.000000e+00,0.000000e+00,0.000000e+00,0.000000e+00,0.000000e+00
5.308844e-06,0.000000e+00,0.000000e+00,0.000000e+00,0.000000e+00,0.000000e+00,0.000000e+00,0.000000e+00,0.000000e+00,0.000000e+00,0.000000e+00
5.956621e-06,0.000000e+00,0.000000e+00,0.000000e+00,0.000000e+00,0.000000e+00,0.000000e+00,0.000000e+00,0.000000e+00,0.000000e+00,0.000000e+00
6.683439e-06,0.000000e+00,0.000000e+00,0.000000e+00,0.000000e+00,0.000000e+00,0.000000e+00,0.000000e+00,0.000000e+00,0.000000e+00,0.000000e+00
7.498942e-06,0.000000e+00,0.000000e+00,0.000000e+00,0.000000e+00,0.000000e+00,0.000000e+00,0.000000e+00,0.000000e+00,0.000000e+00,0.000000e+00
8.413951e-06,0.000000e+00,0.000000e+00,0.000000e+00,0.000000e+00,0.000000e+00,0.000000e+00,0.000000e+00,0.000000e+00,0.000000e+00,0.000000e+00
9.440609e-06,0.000000e+00,0.000000e+00,0.000000e+00,0.000000e+00,0.000000e+00,0.000000e+00,0.000000e+00,0.000000e+00,0.000000e+00,0.000000e+00
1.059254e-05,0.000000e+00,0.000000e+00,0.000000e+00,0.000000e+00,0.000000e+00,0.000000e+00,0.000000e+00,0.000000e+00,0.000000e+00,0.000000e+00
1.188502e-05,0.000000e+00,0.000000e+00,0.000000e+00,0.000000e+00,0.000000e+00,0.000000e+00,0.000000e+00,0.000000e+00,0.000000e+00,0.000000e+00
1.333521e-05,0.000000e+00,0.000000e+00,0.000000e+00,0.000000e+00,0.000000e+00,0.000000e+00,0.000000e+00,0.000000e+00,0.000000e+00,0.000000e+00
1.496236e-05,0.000000e+00,0.000000e+00,0.000000e+00,0.000000e+00,0.000000e+00,0.000000e+00,0.000000e+00,0.000000e+00,0.000000e+00,0.000000e+00
1.678804e-05,0.000000e+00,0.000000e+00,0.000000e+00,0.000000e+00,0.000000e+00,0.000000e+00,0.000000e+00,0.000000e+00,0.000000e+00,0.000000e+00
1.883649e-05,0.000000e+00,0.000000e+00,0.000000e+00,0.000000e+00,0.000000e+00,0.000000e+00,0.000000e+00,0.000000e+00,0.000000e+00,0.000000e+00
2.113489e-05,0.000000e+00,0.000000e+00,0.000000e+00,0.000000e+00,0.000000e+00,0.000000e+00,0.000000e+00,0.000000e+00,0.000000e+00,0.000000e+00
2.371374e-05,0.000000e+00,0.000000e+00,0.000000e+00,0.000000e+00,0.000000e+00,0.000000e+00,0.000000e+00,0.000000e+00,0.000000e+00,0.000000e+00
2.660725e-05,0.000000e+00,0.000000e+00,0.000000e+00,0.000000e+00,0.000000e+00,0.000000e+00,0.000000e+00,0.000000e+00,0.000000e+00,0.000000e+00
2.985383e-05,0.000000e+00,0.000000e+00,0.000000e+00,0.000000e+00,0.000000e+00,0.000000e+00,0.000000e+00,0.000000e+00,0.000000e+00,0.000000e+00
3.349654e-05,0.000000e+00,0.000000e+00,0.000000e+00,0.000000e+00,0.000000e+00,0.000000e+00,0.000000e+00,0.000000e+00,0.000000e+00,0.000000e+00
3.758374e-05,0.000000e+00,0.000000e+00,0.000000e+00,0.000000e+00,0.000000e+00,0.000000e+00,0.000000e+00,0.000000e+00,0.000000e+00,0.000000e+00
4.216965e-05,0.000000e+00,0.000000e+00,0.000000e+00,0.000000e+00,0.000000e+00,0.000000e+00,0.000000e+00,0.000000e+00,0.000000e+00,0.000000e+00
4.731513e-05,0.000000e+00,0.000000e+00,0.000000e+00,0.000000e+00,0.000000e+00,0.000000e+00,0.000000e+00,0.000000e+00,0.000000e+00,0.000000e+00
5.308844e-05,0.000000e+00,0.000000e+00,0.000000e+00,0.000000e+00,0.000000e+00,0.000000e+00,0.000000e+00,0.000000e+00,0.000000e+00,0.000000e+00
5.956621e-05,0.000000e+00,0.000000e+00,0.000000e+00,0.000000e+00,0.000000e+00,0.000000e+00,0.000000e+00,0.000000e+00,0.000000e+00,0.000000e+00
6.683439e-05,0.000000e+00,0.000000e+00,0.000000e+00,0.000000e+00,0.000000e+00,0.000000e+00,0.000000e+00,0.000000e+00,0.000000e+00,0.000000e+00
7.498942e-05,0.000000e+00,0.000000e+00,0.000000e+00,0.000000e+00,0.000000e+00,0.000000e+00,0.000000e+00,0.000000e+00,0.000000e+00,0.000000e+00
8.413951e-05,0.000000e+00,0.000000e+00,0.000000e+00,0.000000e+00,0.000000e+00,0.000000e+00,0.000000e+00,0.000000e+00,0.000000e+00,0.000000e+00
9.440609e-05,0.000000e+00,0.000000e+00,0.000000e+00,0.000000e+00,0.000000e+00,0.000000e+00,0.000000e+00,0.000000e+00,0.000000e+00,0.000000e+00
1.059254e-04,0.000000e+00,0.000000e+00,0.000000e+00,0.000000e+00,0.000000e+00,0.000000e+00,0.000000e+00,0.000000e+00,0.000000e+00,0.000000e+00
1.188502e-04,0.000000e+00,0.000000e+00,0.000000e+00,0.000000e+00,0.000000e+00,0.000000e+00,0.000000e+00,0.000000e+00,0.000000e+00,0.000000e+00
1.333521e-04,0.000000e+00,0.000000e+00,0.000000e+00,0.000000e+00,0.000000e+00,0.000000e+00,0.000000e+00,0.000000e+00,0.000000e+00,0.000000e+00
1.496236e-04,0.000000e+00,0.000000e+00,0.000000e+00,0.000000e+00,0.000000e+00,0.000000e+00,0.000000e+00,0.000000e+00,0.000000e+00,0.000000e+00
1.678804e-04,0.000000e+00,0.000000e+00,0.000000e+00,0.000000e+00,0.000000e+00,0.000000e+00,0.000000e+00,0.000000e+00,0.000000e+00,0.000000e+00
1.883649e-04,0.000000e+00,0.000000e+00,0.000000e+00,0.000000e+00,0.000000e+00,0.000000e+00,0.000000e+00,0.000000e+00,0.000000e+00,0.000000e+00
2.113489e-04,0.000000e+00,0.000000e+00,0.000000e+00,0.000000e+00,0.000000e+00,0.000000e+00,0.000000e+00,0.000000e+00,0.000000e+00,0.000000e+00
2.371374e-04,0.000000e+00,0.000000e+00,0.000000e+00,0.000000e+00,0.000000e+00,0.000000e+00,0.000000e+00,0.000000e+00,0.000000e+00,0.000000e+00
2.660725e-04,0.000000e+00,0.000000e+00,0.000000e+00,0.000000e+00,0.000000e+00,0.000000e+00,0.000000e+00,0.000000e+00,0.000000e+00,0.000000e+00
2.985383e-04,0.000000e+00,0.000000e+00,0.000000e+00,0.000000e+00,0.000000e+00,0.000000e+00,0.000000e+00,0.000000e+00,0.000000e+00,0.000000e+00
3.349654e-04,0.000000e+00,0.000000e+00,0.000000e+00,0.000000e+00,0.000000e+00,0.000000e+00,0.000000e+00,0.000000e+00,0.000000e+00,0.000000e+00
3.758374e-04,0.000000e+00,0.000000e+00,0.000000e+00,0.000000e+00,0.000000e+00,0.000000e+00,0.000000e+00,0.000000e+00,0.000000e+00,0.000000e+00
4.216965e-04,0.000000e+00,0.000000e+00,0.000000e+00,0.000000e+00,0.000000e+00,0.000000e+00,0.000000e+00,0.000000e+00,0.000000e+00,0.000000e+00
4.731513e-04,0.000000e+00,0.000000e+00,0.000000e+00,0.000000e+00,0.000000e+00,0.000000e+00,0.000000e+00,0.000000e+00,0.000000e+00,0.000000e+00
5.308844e-04,0.000000e+00,0.000000e+00,0.000000e+00,0.000000e+00,0.000000e+00,0.000000e+00,0.000000e+00,0.000000e+00,0.000000e+00,0.000000e+00
5.956621e-04,0.000000e+00,0.000000e+00,0.000000e+00,0.000000e+00,0.000000e+00,0.000000e+00,0.000000e+00,0.000000e+00,0.000000e+00,0.000000e+00
6.683439e-04,0.000000e+00,0.000000e+00,0.000000e+00,0.000000e+00,0.000000e+00,0.000000e+00,0.000000e+00,0.000000e+00,0.000000e+00,0.000000e+00
7.498942e-04,0.000000e+00,0.000000e+00,0.000000e+00,0.000000e+00,0.000000e+00,0.000000e+00,0.000000e+00,0.000000e+00,0.000000e+00,0.000000e+00
8.413951e-04,0.000000e+00,0.000000e+00,0.000000e+00,0.000000e+00,0.000000e+00,0.000000e+00,0.000000e+00,0.000000e+00,0.000000e+00,0.000000e+00
9.440609e-04,0.000000e+00,0.000000e+00,0.000000e+00,0.000000e+00,0.000000e+00,0.000000e+00,0.000000e+00,0.000000e+00,0.000000e+00,0.000000e+00
1.059254e-03,0.000000e+00,0.000000e+00,0.000000e+00,0.000000e+00,0.000000e+00,0.000000e+00,0.000000e+00,0.000000e+00,0.000000e+00,0.000000e+00
1.188502e-03,0.000000e+00,0.000000e+00,0.000000e+00,0.000000e+00,0.000000e+00,0.000000e+00,0.000000e+00,0.000000e+00,0.000000e+00,0.000000e+00
1.333521e-03,0.000000e+00,0.000000e+00,0.000000e+00,0.000000e+00,0.000000e+00,0.000000e+00,0.000000e+00,0.000000e+00,0.000000e+00,0.000000e+00
1.496236e-03,0.000000e+00,0.000000e+00,0.000000e+00,0.000000e+00,0.000000e+00,0.000000e+00,0.000000e+00,0.000000e+00,0.000000e+00,0.000000e+00
1.678804e-03,0.000000e+00,0.000000e+00,0.000000e+00,0.000000e+00,0.000000e+00,0.000000e+00,0.000000e+00,0.000000e+00,0.000000e+00,0.000000e+00
1.883649e-03,0.000000e+00,0.000000e+00,0.000000e+00,0.000000e+00,0.000000e+00,0.000000e+00,0.000000e+00,0.000000e+00,0.000000e+00,0.000000e+00
2.113489e-03,0.000000e+00,0.000000e+00,0.000000e+00,0.000000e+00,0.000000e+00,0.000000e+00,0.000000e+00,0.000000e+00,0.000000e+00,0.000000e+00
2.371374e-03,0.000000e+00,0.000000e+00,0.000000e+00,0.000000e+00,0.000000e+00,0.000000e+00,0.000000e+00,0.000000e+00,0.000000e+00,0.000000e+00
2.660725e-03,3.341156e+03,2.840994e+03,3.841319e+03,0.000000e+00,0.000000e+00,0.000000e+00,0.000000e+00,0.000000e+00,0.000000e+00,3.341156e+03
2.985383e-03,3.265705e+03,2.812145e+03,3.719265e+03,0.000000e+00,0.000000e+00,0.000000e+00,0.000000e+00,0.000000e+00,0.000000e+00,3.265705e+03
3.349654e-03,2.629964e+03,2.282113e+03,2.977815e+03,0.000000e+00,0.000000e+00,0.000000e+00,0.000000e+00,0.000000e+00,0.000000e+00,2.629964e+03
3.758374e-03,3.045360e+03,2.647416e+03,3.443305e+03,0.000000e+00,0.000000e+00,0.000000e+00,0.000000e+00,0.000000e+00,0.000000e+00,3.045360e+03
4.216965e-03,2.962385e+03,2.578658e+03,3.346113e+03,4.783059e-02,3.348141e-02,6.217977e-02,1.418044e-01,7.090221e-02,2.836088e-01,2.962575e+03
4.731513e-03,3.480681e+03,3.034125e+03,3.927237e+03,1.120035e+01,7.840245e+00,1.456045e+01,3.581132e+01,1.790566e+01,7.162265e+01,3.527692e+03
5.308844e-03,2.676450e+03,2.336560e+03,3.016341e+03,2.737631e+01,1.916341e+01,3.558920e+01,9.916393e+01,4.958197e+01,1.983279e+02,2.802990e+03
5.956621e-03,2.655239e+03,2.332029e+03,2.978448e+03,5.464585e+01,3.825209e+01,7.103960e+01,1.143342e+02,5.716712e+01,2.286685e+02,2.824219e+03
6.683439e-03,2.532425e+03,2.240709e+03,2.824140e+03,1.238848e+02,8.671933e+01,1.610502e+02,1.380141e+02,6.900705e+01,2.760282e+02,2.794323e+03
7.498942e-03,2.438466e+03,2.162478e+03,2.714454e+03,1.185301e+02,8.297105e+01,1.540891e+02,1.344908e+02,6.724542e+01,2.689817e+02,2.691487e+03
8.413951e-03,2.360689e+03,2.103634e+03,2.617743e+03,3.659313e+01,2.561519e+01,4.757107e+01,1.396371e+02,6.981857e+01,2.792743e+02,2.536919e+03
9.440609e-03,2.248837e+03,2.027388e+03,2.470287e+03,3.892675e+01,2.724873e+01,5.060478e+01,1.379613e+02,6.898067e+01,2.759227e+02,2.425726e+03
1.059254e-02,2.150134e+03,1.943334e+03,2.356933e+03,7.389350e+01,5.172545e+01,9.606156e+01,1.435020e+02,7.175100e+01,2.870040e+02,2.367529e+03
1.188502e-02,2.039858e+03,1.846915e+03,2.232802e+03,3.582908e+01,2.508036e+01,4.657781e+01,1.474059e+02,7.370297e+01,2.948119e+02,2.223093e+03
1.333521e-02,1.931583e+03,1.760249e+03,2.102918e+03,3.912665e+01,2.738865e+01,5.086464e+01,1.686542e+02,8.432711e+01,3.373084e+02,2.139364e+03
1.496236e-02,1.833087e+03,1.681702e+03,1.984472e+03,6.240394e+01,4.368276e+01,8.112512e+01,2.076020e+02,1.038010e+02,4.152041e+02,2.103093e+03
1.678804e-02,1.723145e+03,1.597851e+03,1.848439e+03,5.884909e+01,4.119437e+01,7.650382e+01,2.247232e+02,1.123616e+02,4.494464e+02,2.006718e+03
1.883649e-02,1.606157e+03,1.492316e+03,1.719999e+03,1.349618e+02,9.447327e+01,1.754504e+02,2.185422e+02,1.092711e+02,4.370844e+02,1.959661e+03
2.113489e-02,1.490472e+03,1.391976e+03,1.588968e+03,6.273819e+01,4.391674e+01,8.155965e+01,2.529784e+02,1.264892e+02,5.059568e+02,1.806188e+03
2.371374e-02,1.394937e+03,1.314114e+03,1.475760e+03,6.890220e+01,4.823154e+01,8.957286e+01,2.588188e+02,1.294094e+02,5.176375e+02,1.722658e+03
2.660725e-02,1.281910e+03,1.214894e+03,1.348926e+03,1.131964e+02,7.923750e+01,1.471554e+02,2.749479e+02,1.374740e+02,5.498958e+02,1.670054e+03
2.985383e-02,1.171405e+03,1.119826e+03,1.222984e+03,9.807787e+01,6.865451e+01,1.275012e+02,3.035662e+02,1.517831e+02,6.071324e+02,1.573049e+03
3.349654e-02,1.063948e+03,1.021823e+03,1.106074e+03,7.599977e+01,5.319984e+01,9.879970e+01,2.938354e+02,1.469177e+02,5.876707e+02,1.433784e+03
3.758374e-02,9.589380e+02,9.254311e+02,9.924448e+02,7.059213e+01,4.941449e+01,9.176977e+01,3.267704e+02,1.633852e+02,6.535408e+02,1.356301e+03
4.216965e-02,8.626746e+02,8.341656e+02,8.911835e+02,8.652176e+01,6.056523e+01,1.124783e+02,3.469251e+02,1.734626e+02,6.938502e+02,1.296121e+03
4.731513e-02,7.683252e+02,7.432441e+02,7.934064e+02,8.110114e+01,5.677080e+01,1.054315e+02,3.634376e+02,1.817188e+02,7.268752e+02,1.212864e+03
5.308844e-02,6.741094e+02,6.517461e+02,6.964728e+02,7.199437e+01,5.039606e+01,9.359269e+01,3.883010e+02,1.941505e+02,7.766020e+02,1.134405e+03
5.956621e-02,5.839698e+02,5.642382e+02,6.037013e+02,9.941558e+01,6.959091e+01,1.292403e+02,3.957402e+02,1.978701e+02,7.914804e+02,1.079126e+03
6.683439e-02,5.132907e+02,4.956156e+02,5.309659e+02,8.278030e+01,5.794621e+01,1.076144e+02,4.431439e+02,2.215720e+02,8.862878e+02,1.039215e+03
7.498942e-02,4.260301e+02,4.110659e+02,4.409943e+02,7.536332e+01,5.275432e+01,9.797231e+01,4.652106e+02,2.326053e+02,9.304211e+02,9.666040e+02
8.413951e-02,3.591668e+02,3.462908e+02,3.720429e+02,9.437368e+01,6.606158e+01,1.226858e+02,4.783783e+02,2.391891e+02,9.567565e+02,9.319188e+02
9.440609e-02,3.052175e+02,2.940392e+02,3.163958e+02,8.706692e+01,6.094684e+01,1.131870e+02,5.329439e+02,2.664719e+02,1.065888e+03,9.252283e+02
1.059254e-01,2.361483e+02,2.273060e+02,2.449906e+02,7.061480e+01,4.943036e+01,9.179924e+01,5.445129e+02,2.722565e+02,1.089026e+03,8.512760e+02
1.188502e-01,1.910745e+02,1.837559e+02,1.983930e+02,8.343067e+01,5.840147e+01,1.084599e+02,5.679977e+02,2.839988e+02,1.135995e+03,8.425029e+02
1.333521e-01,1.564577e+02,1.503202e+02,1.625951e+02,1.136316e+02,7.954211e+01,1.477211e+02,6.249829e+02,3.124915e+02,1.249966e+03,8.950722e+02
1.496236e-01,1.130405e+02,1.084963e+02,1.175847e+02,8.304805e+01,5.813364e+01,1.079625e+02,6.085017e+02,3.042509e+02,1.217003e+03,8.045902e+02
1.678804e-01,8.390163e+01,8.044581e+01,8.735745e+01,6.651261e+01,4.655883e+01,8.646639e+01,6.390460e+02,3.195230e+02,1.278092e+03,7.894602e+02
1.883649e-01,6.618171e+01,6.338580e+01,6.897762e+01,8.745388e+01,6.121772e+01,1.136900e+02,7.178416e+02,3.589208e+02,1.435683e+03,8.714772e+02
2.113489e-01,4.484433e+01,4.290002e+01,4.678863e+01,8.788924e+01,6.152247e+01,1.142560e+02,7.132109e+02,3.566055e+02,1.426422e+03,8.459445e+02
2.371374e-01,2.916600e+01,2.786984e+01,3.046216e+01,1.082771e+02,7.579398e+01,1.407602e+02,6.905905e+02,3.452953e+02,1.381181e+03,8.280336e+02
2.660725e-01,2.078888e+01,1.984240e+01,2.173536e+01,8.367739e+01,5.857417e+01,1.087806e+02,7.659400e+02,3.829700e+02,1.531880e+03,8.704062e+02
2.985383e-01,1.385280e+01,1.320662e+01,1.449899e+01,8.459625e+01,5.921738e+01,1.099751e+02,8.467198e+02,4.233599e+02,1.693440e+03,9.451689e+02
3.349654e-01,7.314383e+00,6.965441e+00,7.663325e+00,8.913230e+01,6.239261e+01,1.158720e+02,7.729362e+02,3.864681e+02,1.545872e+03,8.693829e+02
3.758374e-01,4.186542e+00,3.983069e+00,4.390014e+00,8.575223e+01,6.002656e+01,1.114779e+02,8.042015e+02,4.021007e+02,1.608403e+03,8.941402e+02
4.216965e-01,2.387014e+00,2.269218e+00,2.504810e+00,9.978476e+01,6.984933e+01,1.297202e+02,9.492233e+02,4.746117e+02,1.898447e+03,1.051395e+03
4.731513e-01,9.150872e-01,8.695005e-01,9.606740e-01,9.766012e+01,6.836208e+01,1.269582e+02,8.832712e+02,4.416356e+02,1.766542e+03,9.818464e+02
5.308844e-01,3.259360e-01,3.096444e-01,3.422276e-01,9.310054e+01,6.517038e+01,1.210307e+02,8.624948e+02,4.312474e+02,1.724990e+03,9.559213e+02
5.956621e-01,1.083569e-01,1.029390e-01,1.137747e-01,9.171546e+01,6.420082e+01,1.192301e+02,1.066816e+03,5.334081e+02,2.133632e+03,1.158640e+03
6.683439e-01,1.821030e-02,1.729978e-02,1.912081e-02,7.511772e+01,5.258240e+01,9.765303e+01,9.394985e+02,4.697493e+02,1.878997e+03,1.014634e+03
7.498942e-01,3.161013e-03,3.002962e-03,3.319063e-03,9.166294e+01,6.416406e+01,1.191618e+02,9.582348e+02,4.791174e+02,1.916470e+03,1.049901e+03
8.413951e-01,4.669326e-04,4.435860e-04,4.902792e-04,1.006339e+02,7.044370e+01,1.308240e+02,1.162427e+03,5.812134e+02,2.324854e+03,1.263061e+03
9.440609e-01,1.331389e-05,1.264819e-05,1.397958e-05,8.516850e+01,5.961795e+01,1.107191e+02,9.851442e+02,4.925721e+02,1.970288e+03,1.070313e+03
1.059254e+00,0.000000e+00,0.000000e+00,0.000000e+00,9.443038e+01,6.610127e+01,1.227595e+02,1.253016e+03,6.265080e+02,2.506032e+03,1.347446e+03
1.188502e+00,0.000000e+00,0.000000e+00,0.000000e+00,9.601156e+01,6.720809e+01,1.248150e+02,1.080318e+03,5.401592e+02,2.160637e+03,1.176330e+03
1.333521e+00,0.000000e+00,0.000000e+00,0.000000e+00,9.878825e+01,6.915178e+01,1.284247e+02,1.281046e+03,6.405230e+02,2.562092e+03,1.379834e+03
1.496236e+00,0.000000e+00,0.000000e+00,0.000000e+00,1.130065e+02,7.910454e+01,1.469084e+02,1.381094e+03,6.905471e+02,2.762188e+03,1.494101e+03
1.678804e+00,0.000000e+00,0.000000e+00,0.000000e+00,1.128901e+02,7.902304e+01,1.467571e+02,1.399395e+03,6.996976e+02,2.798790e+03,1.512285e+03
1.883649e+00,0.000000e+00,0.000000e+00,0.000000e+00,9.469393e+01,6.628575e+01,1.231021e+02,1.342376e+03,6.711881e+02,2.684752e+03,1.437070e+03
2.113489e+00,0.000000e+00,0.000000e+00,0.000000e+00,1.153220e+02,8.072540e+01,1.499186e+02,1.549656e+03,7.748282e+02,3.099313e+03,1.664978e+03
2.371374e+00,0.000000e+00,0.000000e+00,0.000000e+00,1.217940e+02,8.525577e+01,1.583322e+02,1.687699e+03,8.438497e+02,3.375399e+03,1.809493e+03
2.660725e+00,0.000000e+00,0.000000e+00,0.000000e+00,1.130329e+02,7.912302e+01,1.469428e+02,1.626709e+03,8.133546e+02,3.253418e+03,1.739742e+03
2.985383e+00,0.000000e+00,0.000000e+00,0.000000e+00,1.292665e+02,9.048652e+01,1.680464e+02,1.823555e+03,9.117774e+02,3.647110e+03,1.952821e+03
3.349654e+00,0.000000e+00,0.000000e+00,0.000000e+00,1.444602e+02,1.011221e+02,1.877982e+02,1.970427e+03,9.852135e+02,3.940854e+03,2.114887e+03
3.758374e+00,0.000000e+00,0.000000e+00,0.000000e+00,1.629013e+02,1.140309e+02,2.117718e+02,2.218631e+03,1.109316e+03,4.437262e+03,2.381532e+03
4.216965e+00,0.000000e+00,0.000000e+00,0.000000e+00,1.605366e+02,1.123756e+02,2.086976e+02,2.358541e+03,1.179270e+03,4.717081e+03,2.519077e+03
4.731513e+00,0.000000e+00,0.000000e+00,0.000000e+00,2.042252e+02,1.429577e+02,2.654928e+02,2.903719e+03,1.451859e+03,5.807437e+03,3.107944e+03
5.308844e+00,0.000000e+00,0.000000e+00,0.000000e+00,2.211719e+02,1.548203e+02,2.875234e+02,3.140802e+03,1.570401e+03,6.281604e+03,3.361974e+03
5.956621e+00,0.000000e+00,0.000000e+00,0.000000e+00,2.726257e+02,1.908380e+02,3.544134e+02,3.906126e+03,1.953063e+03,7.812252e+03,4.178752e+03
6.683439e+00,0.000000e+00,0.000000e+00,0.000000e+00,2.878917e+02,2.015242e+02,3.742593e+02,4.272187e+03,2.136094e+03,8.544374e+03,4.560079e+03
7.498942e+00,0.000000e+00,0.000000e+00,0.000000e+00,3.825174e+02,2.677622e+02,4.972726e+02,5.287626e+03,2.643813e+03,1.057525e+04,5.670144e+03
8.413951e+00,0.000000e+00,0.000000e+00,0.000000e+00,4.436696e+02,3.105687e+02,5.767705e+02,5.883051e+03,2.941525e+03,1.176610e+04,6.326720e+03
9.440609e+00,0.000000e+00,0.000000e+00,0.000000e+00,6.233835e+02,4.363684e+02,8.103985e+02,8.455533e+03,4.227767e+03,1.691107e+04,9.078917e+03
1.059254e+01,0.000000e+00,0.000000e+00,0.000000e+00,8.163931e+02,5.714752e+02,1.061311e+03,1.070466e+04,5.352331e+03,2.140933e+04,1.152106e+04
1.188502e+01,0.000000e+00,0.000000e+00,0.000000e+00,1.221340e+03,8.549380e+02,1.587742e+03,1.207381e+04,6.036903e+03,2.414761e+04,1.329515e+04
1.333521e+01,0.000000e+00,0.000000e+00,0.000000e+00,1.762839e+03,1.233987e+03,2.291691e+03,1.395520e+04,6.977602e+03,2.791041e+04,1.571804e+04
1.496236e+01,0.000000e+00,0.000000e+00,0.000000e+00,2.872785e+03,2.010949e+03,3.734620e+03,1.776158e+04,8.880790e+03,3.552316e+04,2.063436e+04
1.678804e+01,0.000000e+00,0.000000e+00,0.000000e+00,9.785074e+03,6.849552e+03,1.272060e+04,3.102306e+04,1.551153e+04,6.204613e+04,4.080814e+04
1.883649e+01,0.000000e+00,0.000000e+00,0.000000e+00,3.450756e+05,2.415529e+05,4.485983e+05,1.452776e+04,7.263881e+03,2.905552e+04,3.596034e+05
2.113489e+01,0.000000e+00,0.000000e+00,0.000000e+00,9.882829e+04,6.917980e+04,1.284768e+05,4.956035e+02,2.478017e+02,9.912070e+02,9.932390e+04
2.371374e+01,0.000000e+00,0.000000e+00,0.000000e+00,1.430802e+04,1.001561e+04,1.860042e+04,0.000000e+00,0.000000e+00,0.000000e+00,1.430802e+04
2.660725e+01,0.000000e+00,0.000000e+00,0.000000e+00,2.807710e+03,1.965397e+03,3.650024e+03,0.000000e+00,0.000000e+00,0.000000e+00,2.807710e+03
2.985383e+01,0.000000e+00,0.000000e+00,0.000000e+00,9.081003e+02,6.356702e+02,1.180530e+03,0.000000e+00,0.000000e+00,0.000000e+00,9.081003e+02
3.349654e+01,0.000000e+00,0.000000e+00,0.000000e+00,2.986200e+02,2.090340e+02,3.882060e+02,0.000000e+00,0.000000e+00,0.000000e+00,2.986200e+02
3.758374e+01,0.000000e+00,0.000000e+00,0.000000e+00,0.000000e+00,0.000000e+00,0.000000e+00,0.000000e+00,0.000000e+00,0.000000e+00,0.000000e+00
4.216965e+01,0.000000e+00,0.000000e+00,0.000000e+00,0.000000e+00,0.000000e+00,0.000000e+00,0.000000e+00,0.000000e+00,0.000000e+00,0.000000e+00
4.731513e+01,0.000000e+00,0.000000e+00,0.000000e+00,0.000000e+00,0.000000e+00,0.000000e+00,0.000000e+00,0.000000e+00,0.000000e+00,0.000000e+00
5.308844e+01,0.000000e+00,0.000000e+00,0.000000e+00,0.000000e+00,0.000000e+00,0.000000e+00,0.000000e+00,0.000000e+00,0.000000e+00,0.000000e+00
5.956621e+01,0.000000e+00,0.000000e+00,0.000000e+00,0.000000e+00,0.000000e+00,0.000000e+00,0.000000e+00,0.000000e+00,0.000000e+00,0.000000e+00
6.683439e+01,0.000000e+00,0.000000e+00,0.000000e+00,0.000000e+00,0.000000e+00,0.000000e+00,0.000000e+00,0.000000e+00,0.000000e+00,0.000000e+00
7.498942e+01,0.000000e+00,0.000000e+00,0.000000e+00,0.000000e+00,0.000000e+00,0.000000e+00,0.000000e+00,0.000000e+00,0.000000e+00,0.000000e+00
8.413951e+01,0.000000e+00,0.000000e+00,0.000000e+00,0.000000e+00,0.000000e+00,0.000000e+00,0.000000e+00,0.000000e+00,0.000000e+00,0.000000e+00
9.440609e+01,0.000000e+00,0.000000e+00,0.000000e+00,0.000000e+00,0.000000e+00,0.000000e+00,0.000000e+00,0.000000e+00,0.000000e+00,0.000000e+00
