# Huber 235U per-fission antineutrino spectrum, tabulated (published) reference points.
# Source: arXiv:1106.0687 (Huber PRC 84,024617), Table VII (12 h irradiation), column N_nubar.
# Extracted verbatim from the arXiv e-print file U235data-5.txt. Used by test-hm-unit.
E_nu_MeV,S_nubar_per_fission_per_MeV
2.0,1.32
2.25,1.12
2.5,0.915
2.75,0.77
3.0,0.651
3.25,0.553
3.5,0.454
3.75,0.36400000000000005
4.0,0.294
4.25,0.22999999999999998
4.5,0.17900000000000002
4.75,0.13799999999999998
5.0,0.11000000000000001
5.25,0.0864
5.5,0.0646
5.75,0.051
6.0,0.038900000000000004
6.25,0.028700000000000003
6.5,0.0217
6.75,0.0161
7.0,0.011399999999999999
7.25,0.00717
7.5,0.00464
7.75,0.0029700000000000004
8.0,0.0016200000000000001
