# QPD Phase-2 Plan 02-01 -- 238U(n,gamma)239U->239Np capture antineutrino component.
# Units: nu-bar/fission/MeV. E_nu in MeV. Additive, separate from fission spectra.
# NORMALIZATION (SOURCED): total = 0.6 nu-bar/fission,
#   Kopeikin/Mikaelyan/Sinev Phys.At.Nucl.67,1892(2004) hep-ph/0308186; Huber-Jaffke PRL116,122503(2016).
# SHAPE (COMPUTED): allowed-beta antineutrino spectrum, 2 branches, F=1 approx;
#   Q(239U->239Np)=1.263 MeV, Q(239Np->239Pu)=0.722 MeV (AME2020, Wang et al. CPC45,030003).
#   Shape confidence MEDIUM (Coulomb/forbidden corrections neglected).
E_nu_MeV,S_ncapture_nubar_per_fission_per_MeV
0.1,0.103725
0.107984,0.119172
0.108118,0.119438
0.116606,0.136739
0.116895,0.137344
0.125916,0.156668
0.126385,0.157698
0.135969,0.179215
0.136645,0.180767
0.146825,0.204645
0.147738,0.206832
0.158547,0.233229
0.159731,0.236175
0.171206,0.26523
0.172698,0.269072
0.184875,0.300897
0.186718,0.305783
0.199635,0.340448
0.201876,0.346528
0.215575,0.384043
0.218264,0.391467
0.232786,0.431764
0.235983,0.44067
0.251372,0.483575
0.255141,0.494071
0.271442,0.539275
0.275853,0.551425
0.293114,0.598445
0.298247,0.612232
0.316516,0.66037
0.322459,0.675667
0.341787,0.723956
0.348637,0.74047
0.369076,0.787619
0.376939,0.804829
0.398543,0.849148
0.407539,0.866222
0.430363,0.905542
0.440624,0.921225
0.464724,0.952791
0.476394,0.965257
0.501828,0.985571
0.515068,0.992207
0.541894,0.996752
0.556881,0.993764
0.585159,0.976347
0.602089,0.957873
0.631879,0.908519
0.650968,0.86345
0.682329,0.757265
0.703814,0.643036
0.736806,0.388218
0.76095,0.391958
0.795634,0.394713
0.822724,0.394653
0.859158,0.391433
0.889513,0.385941
0.927753,0.375316
0.961725,0.362356
1.00183,0.342713
1.0398,0.319673
1.08181,0.288923
1.12421,0.251795
1.16819,0.205501
1.21547,0.142108
1.26145,0.0247805
1.31415,0
1.36217,0
1.42083,0
1.47093,0
1.53617,0
1.58837,0
1.66088,0
1.71518,0
1.79571,0
1.8,0
1.85212,0
1.94149,0
2,0
2.0991,0
2.26951,0
2.45375,0
2.65295,0
2.86832,0
3,0
3.10117,0
3.35292,0
3.62512,0
3.91941,0
4.23759,0
4.5816,0
4.95354,0
5.35567,0
5.79044,0
6.26052,0
6.76875,0
7.31824,0
7.91234,0
8.55467,0
9.24915,0
10,0
