# QPD Phase-2 Plan 02-02 -- BILLARD-2017 CLOSURE VARIANT (validation, NOT the flagship)
# generated: 2026-07-20   git_sha: eb7da23
# Billard et al., J. Phys. G 44, 105101 (2017), arXiv:1612.09035.
# Assumptions reproduced: Huber-Mueller spectra held CONSTANT below 2 MeV; fission
#   fractions 235U/239Pu/238U/241Pu = 55.6/32.6/7.1/4.7 % (isotope-labelled).
#   Fractions used: {'235U': 0.556, '239Pu': 0.326, '238U': 0.071, '241Pu': 0.047}
# Normalization: 3 GW_th, 25 m, <E_f> = 206.011 MeV,
#   R_f = 9.0891e+19 fissions/s. int Phi dE = 4.5861e+12 nu-bar cm^-2 s^-1.
# NOTE: n-capture excluded and sub-2 MeV held flat, matching Billard's flux assumption;
#   ready for the Phase-3 Billard Table 1 reproduction. Do NOT use as the flagship flux.
E_nu_MeV,flux_nu_per_cm2_per_s_per_MeV,S_235U_constbelow2,S_238U_constbelow2,S_239Pu_constbelow2,S_241Pu_constbelow2,region_flag
0.1,1.444644e+12,1.32141,1.39406,1.09008,1.26146,constant_below_2MeV
0.107984,1.444644e+12,1.32141,1.39406,1.09008,1.26146,constant_below_2MeV
0.108118,1.444644e+12,1.32141,1.39406,1.09008,1.26146,constant_below_2MeV
0.116606,1.444644e+12,1.32141,1.39406,1.09008,1.26146,constant_below_2MeV
0.116895,1.444644e+12,1.32141,1.39406,1.09008,1.26146,constant_below_2MeV
0.125916,1.444644e+12,1.32141,1.39406,1.09008,1.26146,constant_below_2MeV
0.126385,1.444644e+12,1.32141,1.39406,1.09008,1.26146,constant_below_2MeV
0.135969,1.444644e+12,1.32141,1.39406,1.09008,1.26146,constant_below_2MeV
0.136645,1.444644e+12,1.32141,1.39406,1.09008,1.26146,constant_below_2MeV
0.146825,1.444644e+12,1.32141,1.39406,1.09008,1.26146,constant_below_2MeV
0.147738,1.444644e+12,1.32141,1.39406,1.09008,1.26146,constant_below_2MeV
0.158547,1.444644e+12,1.32141,1.39406,1.09008,1.26146,constant_below_2MeV
0.159731,1.444644e+12,1.32141,1.39406,1.09008,1.26146,constant_below_2MeV
0.171206,1.444644e+12,1.32141,1.39406,1.09008,1.26146,constant_below_2MeV
0.172698,1.444644e+12,1.32141,1.39406,1.09008,1.26146,constant_below_2MeV
0.184875,1.444644e+12,1.32141,1.39406,1.09008,1.26146,constant_below_2MeV
0.186718,1.444644e+12,1.32141,1.39406,1.09008,1.26146,constant_below_2MeV
0.199635,1.444644e+12,1.32141,1.39406,1.09008,1.26146,constant_below_2MeV
0.201876,1.444644e+12,1.32141,1.39406,1.09008,1.26146,constant_below_2MeV
0.215575,1.444644e+12,1.32141,1.39406,1.09008,1.26146,constant_below_2MeV
0.218264,1.444644e+12,1.32141,1.39406,1.09008,1.26146,constant_below_2MeV
0.232786,1.444644e+12,1.32141,1.39406,1.09008,1.26146,constant_below_2MeV
0.235983,1.444644e+12,1.32141,1.39406,1.09008,1.26146,constant_below_2MeV
0.251372,1.444644e+12,1.32141,1.39406,1.09008,1.26146,constant_below_2MeV
0.255141,1.444644e+12,1.32141,1.39406,1.09008,1.26146,constant_below_2MeV
0.271442,1.444644e+12,1.32141,1.39406,1.09008,1.26146,constant_below_2MeV
0.275853,1.444644e+12,1.32141,1.39406,1.09008,1.26146,constant_below_2MeV
0.293114,1.444644e+12,1.32141,1.39406,1.09008,1.26146,constant_below_2MeV
0.298247,1.444644e+12,1.32141,1.39406,1.09008,1.26146,constant_below_2MeV
0.316516,1.444644e+12,1.32141,1.39406,1.09008,1.26146,constant_below_2MeV
0.322459,1.444644e+12,1.32141,1.39406,1.09008,1.26146,constant_below_2MeV
0.341787,1.444644e+12,1.32141,1.39406,1.09008,1.26146,constant_below_2MeV
0.348637,1.444644e+12,1.32141,1.39406,1.09008,1.26146,constant_below_2MeV
0.369076,1.444644e+12,1.32141,1.39406,1.09008,1.26146,constant_below_2MeV
0.376939,1.444644e+12,1.32141,1.39406,1.09008,1.26146,constant_below_2MeV
0.398543,1.444644e+12,1.32141,1.39406,1.09008,1.26146,constant_below_2MeV
0.407539,1.444644e+12,1.32141,1.39406,1.09008,1.26146,constant_below_2MeV
0.430363,1.444644e+12,1.32141,1.39406,1.09008,1.26146,constant_below_2MeV
0.440624,1.444644e+12,1.32141,1.39406,1.09008,1.26146,constant_below_2MeV
0.464724,1.444644e+12,1.32141,1.39406,1.09008,1.26146,constant_below_2MeV
0.476394,1.444644e+12,1.32141,1.39406,1.09008,1.26146,constant_below_2MeV
0.501828,1.444644e+12,1.32141,1.39406,1.09008,1.26146,constant_below_2MeV
0.515068,1.444644e+12,1.32141,1.39406,1.09008,1.26146,constant_below_2MeV
0.541894,1.444644e+12,1.32141,1.39406,1.09008,1.26146,constant_below_2MeV
0.556881,1.444644e+12,1.32141,1.39406,1.09008,1.26146,constant_below_2MeV
0.585159,1.444644e+12,1.32141,1.39406,1.09008,1.26146,constant_below_2MeV
0.602089,1.444644e+12,1.32141,1.39406,1.09008,1.26146,constant_below_2MeV
0.631879,1.444644e+12,1.32141,1.39406,1.09008,1.26146,constant_below_2MeV
0.650968,1.444644e+12,1.32141,1.39406,1.09008,1.26146,constant_below_2MeV
0.682329,1.444644e+12,1.32141,1.39406,1.09008,1.26146,constant_below_2MeV
0.703814,1.444644e+12,1.32141,1.39406,1.09008,1.26146,constant_below_2MeV
0.736806,1.444644e+12,1.32141,1.39406,1.09008,1.26146,constant_below_2MeV
0.76095,1.444644e+12,1.32141,1.39406,1.09008,1.26146,constant_below_2MeV
0.795634,1.444644e+12,1.32141,1.39406,1.09008,1.26146,constant_below_2MeV
0.822724,1.444644e+12,1.32141,1.39406,1.09008,1.26146,constant_below_2MeV
0.859158,1.444644e+12,1.32141,1.39406,1.09008,1.26146,constant_below_2MeV
0.889513,1.444644e+12,1.32141,1.39406,1.09008,1.26146,constant_below_2MeV
0.927753,1.444644e+12,1.32141,1.39406,1.09008,1.26146,constant_below_2MeV
0.961725,1.444644e+12,1.32141,1.39406,1.09008,1.26146,constant_below_2MeV
1.00183,1.444644e+12,1.32141,1.39406,1.09008,1.26146,constant_below_2MeV
1.0398,1.444644e+12,1.32141,1.39406,1.09008,1.26146,constant_below_2MeV
1.08181,1.444644e+12,1.32141,1.39406,1.09008,1.26146,constant_below_2MeV
1.12421,1.444644e+12,1.32141,1.39406,1.09008,1.26146,constant_below_2MeV
1.16819,1.444644e+12,1.32141,1.39406,1.09008,1.26146,constant_below_2MeV
1.21547,1.444644e+12,1.32141,1.39406,1.09008,1.26146,constant_below_2MeV
1.26145,1.444644e+12,1.32141,1.39406,1.09008,1.26146,constant_below_2MeV
1.31415,1.444644e+12,1.32141,1.39406,1.09008,1.26146,constant_below_2MeV
1.36217,1.444644e+12,1.32141,1.39406,1.09008,1.26146,constant_below_2MeV
1.42083,1.444644e+12,1.32141,1.39406,1.09008,1.26146,constant_below_2MeV
1.47093,1.444644e+12,1.32141,1.39406,1.09008,1.26146,constant_below_2MeV
1.53617,1.444644e+12,1.32141,1.39406,1.09008,1.26146,constant_below_2MeV
1.58837,1.444644e+12,1.32141,1.39406,1.09008,1.26146,constant_below_2MeV
1.66088,1.444644e+12,1.32141,1.39406,1.09008,1.26146,constant_below_2MeV
1.71518,1.444644e+12,1.32141,1.39406,1.09008,1.26146,constant_below_2MeV
1.79571,1.444644e+12,1.32141,1.39406,1.09008,1.26146,constant_below_2MeV
1.8,1.444644e+12,1.32141,1.39406,1.09008,1.26146,constant_below_2MeV
1.85212,1.444644e+12,1.32141,1.39406,1.09008,1.26146,constant_below_2MeV
1.94149,1.444644e+12,1.32141,1.39406,1.09008,1.26146,constant_below_2MeV
2,1.444644e+12,1.32141,1.39406,1.09008,1.26146,above_2MeV
2.0991,1.342964e+12,1.22609,1.34585,1.00523,1.18085,above_2MeV
2.26951,1.190930e+12,1.08476,1.25954,0.880107,1.05591,above_2MeV
2.45375,1.050152e+12,0.95533,1.16305,0.76602,0.935856,above_2MeV
2.65295,9.172451e+11,0.834436,1.05728,0.659745,0.819392,above_2MeV
2.86832,7.899147e+11,0.719613,0.94386,0.55914,0.70586,above_2MeV
3,7.187793e+11,0.655766,0.876056,0.503462,0.641933,above_2MeV
3.10117,6.671948e+11,0.609547,0.825145,0.463347,0.59545,above_2MeV
3.35292,5.496010e+11,0.504246,0.704187,0.372885,0.489318,above_2MeV
3.62512,4.390429e+11,0.405035,0.584584,0.289477,0.389515,above_2MeV
3.91941,3.383759e+11,0.314232,0.470203,0.215521,0.29867,above_2MeV
4.23759,2.505966e+11,0.234472,0.364799,0.153261,0.21942,above_2MeV
4.5816,1.778982e+11,0.16786,0.27159,0.103946,0.153718,above_2MeV
4.95354,1.209524e+11,0.115229,0.192846,0.0673316,0.102272,above_2MeV
5.35567,7.873013e+10,0.0758696,0.129622,0.0417807,0.0643491,above_2MeV
5.79044,4.890419e+10,0.0477979,0.0816719,0.0248369,0.0380318,above_2MeV
6.26052,2.858894e+10,0.0284177,0.0475937,0.0139477,0.0208019,above_2MeV
6.76875,1.509823e+10,0.0152707,0.025156,0.00703033,0.0101715,above_2MeV
7.31824,6.525087e+09,0.00666413,0.0117093,0.00278579,0.00411949,above_2MeV
7.91234,1.887597e+09,0.00186955,0.00458404,0.000646319,0.00117991,above_2MeV
8.55467,2.785054e+08,0.000210546,0.00140319,4.82526e-05,0.000175314,above_2MeV
9.24915,2.760352e+07,3.8812e-06,0.000298863,3.68906e-07,7.55382e-06,above_2MeV
10,3.021851e+06,2.2711e-09,3.6738e-05,3.54464e-11,3.28932e-08,above_2MeV
