# QPD Phase-2 Plan 02-02 -- FROZEN reactor antineutrino flux Phi(E_nu), version v1.0
# generated: 2026-07-20   git_sha: 9404a9b
# Units: flux in nu-bar cm^-2 s^-1 MeV^-1 ; E_nu in MeV.
# Normalization: P_th = 3 GW_th (THERMAL, not electric), standoff d = 25 m,
#   point source 1/(4 pi d^2); <E_f> = 205.815 MeV effective thermal per fission
#   (Ma et al. PRC 88,014605 (2013): 202.4/205.9/211.1/213.6 MeV for 235/238/239/241; NOT total Q).
#   R_f = 9.0977e+19 fissions/s ; 1/(4 pi d^2) = 1.2732e-08 cm^-2.
# Fission fractions (isotope-labelled): {'235U': 0.58, '238U': 0.07, '239Pu': 0.3, '241Pu': 0.05}
# Component provenance:
#   flux_fission_HM (E>=1.8 MeV): SOURCED Huber arXiv:1106.0687 (235U/239Pu/241Pu) +
#     Mueller arXiv:1101.2663 (238U); reconstructed 235U within 0.73%/0.13% of published Huber.
#   flux_fission_summation (E<1.8 MeV): MODEL PLACEHOLDER, seam-anchored, Kopeikin-2012-CONSISTENT
#     (Kopeikin, Phys. At. Nucl. 75, 143 (2012)); a primary digitized Kopeikin-2012 per-isotope
#     table was NOT machine-sourceable in-environment -- covered by the wide (20-25%) below-1.8 band.
#   flux_ncapture_238U: 238U(n,gamma) allowed-beta shape (AME2020 Q-values) normalized to
#     0.6 nu-bar/fission (Kopeikin 2004 / Huber-Jaffke PRL 116,122503 (2016)).
# Uncertainty band (SPLIT, not uniform): ~2-5% above 2 MeV (data-anchored); 10% at the seam;
#   20% on 1.0-1.8 MeV; 25% below 1.0 MeV (model-only, EF-vs-CONFLUX spread + n-capture caveat).
# Integral checks: grand total = 6.477 nu-bar/fission;
#   above-1.8 = 1.882 nu-bar/fission;
#   int Phi dE = 7.5029e+12 nu-bar cm^-2 s^-1 (authoritative target 7-8e12);
#   emission = 1.9643e+20 nu-bar s^-1 GW_th^-1 (Hayes-Vogel ~2e20).
E_nu_MeV,flux_nu_per_cm2_per_s_per_MeV,flux_fission_HM,flux_fission_summation,flux_ncapture_238U,rel_uncertainty,region_flag
0.1,3.445974e+12,0.000000e+00,3.325823e+12,1.201510e+11,0.2500,below_1p8MeV
0.107984,3.462811e+12,0.000000e+00,3.324766e+12,1.380444e+11,0.2500,below_1p8MeV
0.108118,3.463100e+12,0.000000e+00,3.324748e+12,1.383527e+11,0.2500,below_1p8MeV
0.116606,3.481928e+12,0.000000e+00,3.323534e+12,1.583934e+11,0.2500,below_1p8MeV
0.116895,3.482586e+12,0.000000e+00,3.323491e+12,1.590944e+11,0.2500,below_1p8MeV
0.125916,3.503577e+12,0.000000e+00,3.322099e+12,1.814784e+11,0.2500,below_1p8MeV
0.126385,3.504694e+12,0.000000e+00,3.322023e+12,1.826710e+11,0.2500,below_1p8MeV
0.135969,3.528021e+12,0.000000e+00,3.320425e+12,2.075958e+11,0.2500,below_1p8MeV
0.136645,3.529702e+12,0.000000e+00,3.320308e+12,2.093938e+11,0.2500,below_1p8MeV
0.146825,3.555528e+12,0.000000e+00,3.318475e+12,2.370532e+11,0.2500,below_1p8MeV
0.147738,3.557890e+12,0.000000e+00,3.318304e+12,2.395862e+11,0.2500,below_1p8MeV
0.158547,3.586365e+12,0.000000e+00,3.316202e+12,2.701630e+11,0.2500,below_1p8MeV
0.159731,3.589539e+12,0.000000e+00,3.315963e+12,2.735756e+11,0.2500,below_1p8MeV
0.171206,3.620786e+12,0.000000e+00,3.313554e+12,3.072319e+11,0.2500,below_1p8MeV
0.172698,3.624912e+12,0.000000e+00,3.313229e+12,3.116830e+11,0.2500,below_1p8MeV
0.184875,3.659017e+12,0.000000e+00,3.310469e+12,3.485478e+11,0.2500,below_1p8MeV
0.186718,3.664243e+12,0.000000e+00,3.310035e+12,3.542071e+11,0.2500,below_1p8MeV
0.199635,3.701237e+12,0.000000e+00,3.306875e+12,3.943613e+11,0.2500,below_1p8MeV
0.201876,3.707711e+12,0.000000e+00,3.306306e+12,4.014042e+11,0.2500,below_1p8MeV
0.215575,3.747550e+12,0.000000e+00,3.302690e+12,4.448604e+11,0.2500,below_1p8MeV
0.218264,3.755413e+12,0.000000e+00,3.301953e+12,4.534603e+11,0.2500,below_1p8MeV
0.232786,3.797955e+12,0.000000e+00,3.297816e+12,5.001388e+11,0.2500,below_1p8MeV
0.235983,3.807325e+12,0.000000e+00,3.296871e+12,5.104546e+11,0.2500,below_1p8MeV
0.251372,3.852297e+12,0.000000e+00,3.292143e+12,5.601543e+11,0.2500,below_1p8MeV
0.255141,3.863253e+12,0.000000e+00,3.290940e+12,5.723131e+11,0.2500,below_1p8MeV
0.271442,3.910215e+12,0.000000e+00,3.285540e+12,6.246754e+11,0.2500,below_1p8MeV
0.275853,3.922771e+12,0.000000e+00,3.284022e+12,6.387487e+11,0.2500,below_1p8MeV
0.293114,3.971072e+12,0.000000e+00,3.277858e+12,6.932148e+11,0.2500,below_1p8MeV
0.298247,3.985139e+12,0.000000e+00,3.275954e+12,7.091857e+11,0.2500,below_1p8MeV
0.316516,4.033869e+12,0.000000e+00,3.268922e+12,7.649466e+11,0.2500,below_1p8MeV
0.322459,4.049214e+12,0.000000e+00,3.266548e+12,7.826658e+11,0.2500,below_1p8MeV
0.341787,4.097137e+12,0.000000e+00,3.258534e+12,8.386027e+11,0.2500,below_1p8MeV
0.348637,4.113319e+12,0.000000e+00,3.255588e+12,8.577316e+11,0.2500,below_1p8MeV
0.369076,4.158810e+12,0.000000e+00,3.246463e+12,9.123471e+11,0.2500,below_1p8MeV
0.376939,4.175106e+12,0.000000e+00,3.242823e+12,9.322825e+11,0.2500,below_1p8MeV
0.398543,4.216066e+12,0.000000e+00,3.232445e+12,9.836202e+11,0.2500,below_1p8MeV
0.407539,4.231364e+12,0.000000e+00,3.227966e+12,1.003397e+12,0.2500,below_1p8MeV
0.430363,4.265123e+12,0.000000e+00,3.216178e+12,1.048945e+12,0.2500,below_1p8MeV
0.440624,4.277797e+12,0.000000e+00,3.210686e+12,1.067111e+12,0.2500,below_1p8MeV
0.464724,4.300991e+12,0.000000e+00,3.197315e+12,1.103676e+12,0.2500,below_1p8MeV
0.476394,4.308723e+12,0.000000e+00,3.190606e+12,1.118117e+12,0.2500,below_1p8MeV
0.501828,4.317110e+12,0.000000e+00,3.175462e+12,1.141648e+12,0.2500,below_1p8MeV
0.515068,4.316629e+12,0.000000e+00,3.167296e+12,1.149334e+12,0.2500,below_1p8MeV
0.541894,4.304771e+12,0.000000e+00,3.150173e+12,1.154598e+12,0.2500,below_1p8MeV
0.556881,4.291405e+12,0.000000e+00,3.140267e+12,1.151138e+12,0.2500,below_1p8MeV
0.585159,4.251906e+12,0.000000e+00,3.120943e+12,1.130963e+12,0.2500,below_1p8MeV
0.602089,4.218533e+12,0.000000e+00,3.108971e+12,1.109563e+12,0.2500,below_1p8MeV
0.631879,4.139599e+12,0.000000e+00,3.087206e+12,1.052393e+12,0.2500,below_1p8MeV
0.650968,4.072976e+12,0.000000e+00,3.072789e+12,1.000187e+12,0.2500,below_1p8MeV
0.682329,3.925520e+12,0.000000e+00,3.048334e+12,8.771861e+11,0.2500,below_1p8MeV
0.703814,3.775906e+12,0.000000e+00,3.031038e+12,7.448683e+11,0.2500,below_1p8MeV
0.736806,3.453331e+12,0.000000e+00,3.003635e+12,4.496969e+11,0.2500,below_1p8MeV
0.76095,3.436993e+12,0.000000e+00,2.982964e+12,4.540294e+11,0.2500,below_1p8MeV
0.795634,3.409576e+12,0.000000e+00,2.952357e+12,4.572199e+11,0.2500,below_1p8MeV
0.822724,3.384901e+12,0.000000e+00,2.927750e+12,4.571512e+11,0.2500,below_1p8MeV
0.859158,3.347111e+12,0.000000e+00,2.893690e+12,4.534208e+11,0.2500,below_1p8MeV
0.889513,3.311582e+12,0.000000e+00,2.864524e+12,4.470585e+11,0.2500,below_1p8MeV
0.927753,3.261533e+12,0.000000e+00,2.826781e+12,4.347517e+11,0.2500,below_1p8MeV
0.961725,3.212111e+12,0.000000e+00,2.792372e+12,4.197389e+11,0.2500,below_1p8MeV
1.00183,3.147736e+12,0.000000e+00,2.750750e+12,3.969860e+11,0.2000,below_1p8MeV
1.0398,3.080673e+12,0.000000e+00,2.710376e+12,3.702966e+11,0.2000,below_1p8MeV
1.08181,2.999397e+12,0.000000e+00,2.664720e+12,3.346770e+11,0.2000,below_1p8MeV
1.12421,2.909303e+12,0.000000e+00,2.617633e+12,2.916697e+11,0.2000,below_1p8MeV
1.16819,2.805902e+12,0.000000e+00,2.567857e+12,2.380448e+11,0.2000,below_1p8MeV
1.21547,2.677927e+12,0.000000e+00,2.513315e+12,1.646123e+11,0.2000,below_1p8MeV
1.26145,2.488133e+12,0.000000e+00,2.459429e+12,2.870474e+10,0.2000,below_1p8MeV
1.31415,2.396734e+12,0.000000e+00,2.396734e+12,0.000000e+00,0.2000,below_1p8MeV
1.36217,2.338869e+12,0.000000e+00,2.338869e+12,0.000000e+00,0.2000,below_1p8MeV
1.42083,2.267427e+12,0.000000e+00,2.267427e+12,0.000000e+00,0.2000,below_1p8MeV
1.47093,2.205882e+12,0.000000e+00,2.205882e+12,0.000000e+00,0.2000,below_1p8MeV
1.53617,2.125266e+12,0.000000e+00,2.125266e+12,0.000000e+00,0.2000,below_1p8MeV
1.58837,2.060527e+12,0.000000e+00,2.060527e+12,0.000000e+00,0.2000,below_1p8MeV
1.66088,1.970572e+12,0.000000e+00,1.970572e+12,0.000000e+00,0.2000,below_1p8MeV
1.71518,1.903338e+12,0.000000e+00,1.903338e+12,0.000000e+00,0.2000,below_1p8MeV
1.79571,1.804249e+12,0.000000e+00,1.804249e+12,0.000000e+00,0.2000,below_1p8MeV
1.8,1.799003e+12,1.799003e+12,0.000000e+00,0.000000e+00,0.1000,seam
1.85212,1.722932e+12,1.722932e+12,0.000000e+00,0.000000e+00,0.1000,seam
1.94149,1.535001e+12,1.535001e+12,0.000000e+00,0.000000e+00,0.1000,seam
2,1.452695e+12,1.452695e+12,0.000000e+00,0.000000e+00,0.0250,above_2MeV
2.0991,1.350599e+12,1.350599e+12,0.000000e+00,0.000000e+00,0.0255,above_2MeV
2.26951,1.197925e+12,1.197925e+12,0.000000e+00,0.000000e+00,0.0263,above_2MeV
2.45375,1.056545e+12,1.056545e+12,0.000000e+00,0.000000e+00,0.0273,above_2MeV
2.65295,9.230699e+11,9.230699e+11,0.000000e+00,0.000000e+00,0.0283,above_2MeV
2.86832,7.951928e+11,7.951928e+11,0.000000e+00,0.000000e+00,0.0293,above_2MeV
3,7.237479e+11,7.237479e+11,0.000000e+00,0.000000e+00,0.0300,above_2MeV
3.10117,6.719349e+11,6.719349e+11,0.000000e+00,0.000000e+00,0.0305,above_2MeV
3.35292,5.537974e+11,5.537974e+11,0.000000e+00,0.000000e+00,0.0318,above_2MeV
3.62512,4.426796e+11,4.426796e+11,0.000000e+00,0.000000e+00,0.0331,above_2MeV
3.91941,3.414365e+11,3.414365e+11,0.000000e+00,0.000000e+00,0.0346,above_2MeV
4.23759,2.530780e+11,2.530780e+11,0.000000e+00,0.000000e+00,0.0362,above_2MeV
4.5816,1.798233e+11,1.798233e+11,0.000000e+00,0.000000e+00,0.0379,above_2MeV
4.95354,1.223752e+11,1.223752e+11,0.000000e+00,0.000000e+00,0.0398,above_2MeV
5.35567,7.972951e+10,7.972951e+10,0.000000e+00,0.000000e+00,0.0418,above_2MeV
5.79044,4.956914e+10,4.956914e+10,0.000000e+00,0.000000e+00,0.0440,above_2MeV
6.26052,2.900330e+10,2.900330e+10,0.000000e+00,0.000000e+00,0.0463,above_2MeV
6.76875,1.533163e+10,1.533163e+10,0.000000e+00,0.000000e+00,0.0488,above_2MeV
7.31824,6.633423e+09,6.633423e+09,0.000000e+00,0.000000e+00,0.0500,above_2MeV
7.91234,1.920695e+09,1.920695e+09,0.000000e+00,0.000000e+00,0.0500,above_2MeV
8.55467,2.821546e+08,2.821546e+08,0.000000e+00,0.000000e+00,0.0500,above_2MeV
9.24915,2.740667e+07,2.740667e+07,0.000000e+00,0.000000e+00,0.0500,above_2MeV
10,2.982351e+06,2.982351e+06,0.000000e+00,0.000000e+00,0.0500,above_2MeV
