# QPD Phase-9 Plan 09-02 -- SUB-eV ambient neutron differential flux, version v2.0
# ACCURACY_LABEL = order_of_magnitude   <-- attached HERE, at the point of definition,
#   and to EVERY quantity below.  No downstream acceptance test may demand better than
#   order-of-magnitude agreement on this channel (ROADMAP Phase 9 SC3).
#
# ============================ AXIS TAG (READ CAREFULLY) ============================
# E_n is INCIDENT NEUTRON KINETIC ENERGY.  It is NOT a recoil axis: a 1 MeV neutron does
# not deposit 1 MeV of recoil.  No recoil kinematics, no keV_nr, no ionization quenching
# appears in this file.  The n-Ge elastic fold is Phase 13, not here.
#
# ======================== THIS GRID IS NOT shared_energy_grid() ====================
# The nodes below are a STATED log grid, 100 nodes/decade over [1.000e-08, 1.000e-06] MeV = [0.01 eV, 1 eV].
# It is DELIBERATELY NOT the project shared_energy_grid(), whose floor is 0.01 keV.
# WHY: Phase 10 (sub-eV grid extension) owns the shared-grid extension and runs in
# PARALLEL with Phase 9.  Placing this table on the shared grid would take a dependency
# on Phase 10 and serialize two independent phases.  Phase 13/14 must resample.
#
# ================================ NAMED SCALAR ====================================
# Phi_th = 2.767075e-03 cm^-2 s^-1   [ACCURACY_LABEL = order_of_magnitude]
#   integration bounds : 1.000000e-08 MeV -> 5.000000e-07 MeV
#                        (0.01 eV -> 0.5 eV)
#   cutoff convention  : cadmium cutoff, 0.5 eV = 5.0e-7 MeV
#   fraction of Phi(0.01 eV-10 GeV) = 1.317379e-02 : 0.2100
#   This is the separately named quantity Phase 14's (n,gamma) capture channel
#   consumes.  It is NEVER set to zero and never silently omitted (ROADMAP SC4).
#
# ============================== SHAPE vs ANCHOR ====================================
# SHAPE  : PARMA v4.10 / Sato T., PLOS ONE 10(12):e0144679 (2015), open access.
#          Coefficients taken from the OFFICIAL PARMA C++ source at pinned commit
#          6ff37cacb8cf003e2fc269963f9a08f812407264 -- compiled UNMODIFIED, not typed.
# ANCHOR : Gordon M. S. et al., IEEE Trans. Nucl. Sci. 51, 3427 (2004), used ONLY as
#          the >10 MeV INTEGRAL benchmark.  Its DIFFERENTIAL coefficients are PAYWALLED
#          and were unsourceable, so Gordon is NOT the spectral shape source.
# k = 1.09610 applied uniformly at all energies (dimensionless).
#   The only independent cross-check that exists is a SINGLE >10 MeV integral agreeing
#   to ~8.8% UNTUNED.  It constrains nothing about the eV-keV shape.  That is WHY the
#   accuracy label is order_of_magnitude -- a consequence, not a formality.
#
# =========================== EVALUATION POINT / SCENARIO ==========================
# s(W-index) = 100.0; r_c = 2.08 GV (NYC); d = 1033.0 g/cm^2 (sea level); g = 0.15 (ground).
# UNSHIELDED SURFACE, ZERO OVERBURDEN, outdoor.  phi_default = phi_hi (outdoor) is the
# operative normalization.  The v1.1 table's phi_lo = phi_default/5 represents
# INDOOR/building attenuation (NOT applied) and is NOT an error bar for this configuration;
# it is not emitted here.  No NUCLEUS shielding quantity, no post-shield fluence, no buildup
# factor and no veto credit enters -- all NOT applied; veto credit is exactly 1.0 by construction.
#
# =============================== LETHARGY DISCIPLINE ===============================
# Sato Eq. (6) is an energy-weighted (lethargy-form) spectrum.  The division by E happens
# EXACTLY ONCE, inside PARMA's own getNeutSpecCpp at
# data/external/parma/src/subroutines.cpp:673 ('... / e').  Neither the C++ batch driver
# nor src/qpd_potential/parma_neutron_flux.py divides again.
#
# reproduce: PYTHONPATH=src python -c "from qpd_potential import parma_neutron_flux as p; p.write_thermal_table()"
# units: E_n_keV [keV]; phi [cm^-2 s^-1 MeV^-1]; accuracy_label per row.
E_n_keV,phi_default_cm2_s_MeV,phi_native_untuned_cm2_s_MeV,accuracy_label
1.0000000000000001e-05,2.903051061e+04,2.648527563e+04,order_of_magnitude
1.0232929922807535e-05,2.942113598e+04,2.684165311e+04,order_of_magnitude
1.0471285480508984e-05,2.981082194e+04,2.719717356e+04,order_of_magnitude
1.071519305237607e-05,3.019923831e+04,2.755153572e+04,order_of_magnitude
1.0964781961431852e-05,3.058604188e+04,2.790442650e+04,order_of_magnitude
1.122018454301963e-05,3.097087638e+04,2.825552083e+04,order_of_magnitude
1.1481536214968817e-05,3.135337237e+04,2.860448168e+04,order_of_magnitude
1.1748975549395302e-05,3.173314726e+04,2.895096000e+04,order_of_magnitude
1.202264434617413e-05,3.210980527e+04,2.929459471e+04,order_of_magnitude
1.2302687708123811e-05,3.248293749e+04,2.963501277e+04,order_of_magnitude
1.2589254117941661e-05,3.285212197e+04,2.997182918e+04,order_of_magnitude
1.288249551693135e-05,3.321692378e+04,3.030464719e+04,order_of_magnitude
1.3182567385564074e-05,3.357689522e+04,3.063305832e+04,order_of_magnitude
1.3489628825916533e-05,3.393157597e+04,3.095664262e+04,order_of_magnitude
1.3803842646028837e-05,3.428049337e+04,3.127496886e+04,order_of_magnitude
1.4125375446227553e-05,3.462316268e+04,3.158759482e+04,order_of_magnitude
1.4454397707459279e-05,3.495908745e+04,3.189406756e+04,order_of_magnitude
1.4791083881682072e-05,3.528775993e+04,3.219392384e+04,order_of_magnitude
1.5135612484362073e-05,3.560866146e+04,3.248669050e+04,order_of_magnitude
1.5488166189124828e-05,3.592126309e+04,3.277188494e+04,order_of_magnitude
1.5848931924611141e-05,3.622502606e+04,3.304901565e+04,order_of_magnitude
1.6218100973589298e-05,3.651940251e+04,3.331758280e+04,order_of_magnitude
1.6595869074375598e-05,3.680383618e+04,3.357707890e+04,order_of_magnitude
1.6982436524617459e-05,3.707776317e+04,3.382698948e+04,order_of_magnitude
1.7378008287493764e-05,3.734061281e+04,3.406679392e+04,order_of_magnitude
1.7782794100389229e-05,3.759180862e+04,3.429596626e+04,order_of_magnitude
1.8197008586099827e-05,3.783076925e+04,3.451397615e+04,order_of_magnitude
1.8620871366628657e-05,3.805690964e+04,3.472028979e+04,order_of_magnitude
1.9054607179632481e-05,3.826964212e+04,3.491437107e+04,order_of_magnitude
1.9498445997580452e-05,3.846837772e+04,3.509568262e+04,order_of_magnitude
1.9952623149688786e-05,3.865252742e+04,3.526368709e+04,order_of_magnitude
2.0417379446695274e-05,3.882150365e+04,3.541784842e+04,order_of_magnitude
2.0892961308540409e-05,3.897472172e+04,3.555763318e+04,order_of_magnitude
2.1379620895022326e-05,3.911160143e+04,3.568251202e+04,order_of_magnitude
2.1877616239495519e-05,3.923156869e+04,3.579196122e+04,order_of_magnitude
2.2387211385683379e-05,3.933405733e+04,3.588546422e+04,order_of_magnitude
2.2908676527677746e-05,3.941851084e+04,3.596251331e+04,order_of_magnitude
2.3442288153199229e-05,3.948438432e+04,3.602261137e+04,order_of_magnitude
2.3988329190194897e-05,3.953114645e+04,3.606527365e+04,order_of_magnitude
2.4547089156850286e-05,3.955828150e+04,3.609002965e+04,order_of_magnitude
2.5118864315095822e-05,3.956529146e+04,3.609642502e+04,order_of_magnitude
2.5703957827688645e-05,3.955169823e+04,3.608402357e+04,order_of_magnitude
2.6302679918953814e-05,3.951704581e+04,3.605240928e+04,order_of_magnitude
2.691534803926914e-05,3.946090262e+04,3.600118841e+04,order_of_magnitude
2.754228703338169e-05,3.938286378e+04,3.592999159e+04,order_of_magnitude
2.8183829312644552e-05,3.928255349e+04,3.583847595e+04,order_of_magnitude
2.8840315031266056e-05,3.915962743e+04,3.572632737e+04,order_of_magnitude
2.951209226666384e-05,3.901377511e+04,3.559326258e+04,order_of_magnitude
3.0199517204020195e-05,3.884472233e+04,3.543903141e+04,order_of_magnitude
3.0902954325135921e-05,3.865223353e+04,3.526341896e+04,order_of_magnitude
3.1622776601683789e-05,3.843611420e+04,3.506624779e+04,order_of_magnitude
3.2359365692962809e-05,3.819621322e+04,3.484738000e+04,order_of_magnitude
3.3113112148259076e-05,3.793242517e+04,3.460671943e+04,order_of_magnitude
3.3884415613920276e-05,3.764469254e+04,3.434421361e+04,order_of_magnitude
3.4673685045253161e-05,3.733300794e+04,3.405985580e+04,order_of_magnitude
3.5481338923357534e-05,3.699741613e+04,3.375368683e+04,order_of_magnitude
3.6307805477010174e-05,3.663801601e+04,3.342579693e+04,order_of_magnitude
3.7153522909717278e-05,3.625496243e+04,3.307632737e+04,order_of_magnitude
3.8018939632056124e-05,3.584846789e+04,3.270547203e+04,order_of_magnitude
3.8904514499428052e-05,3.541880404e+04,3.231347874e+04,order_of_magnitude
3.9810717055349688e-05,3.496630304e+04,3.190065053e+04,order_of_magnitude
4.0738027780411301e-05,3.449135866e+04,3.146734665e+04,order_of_magnitude
4.1686938347033552e-05,3.399442722e+04,3.101398342e+04,order_of_magnitude
4.265795188015925e-05,3.347602823e+04,3.054103479e+04,order_of_magnitude
4.3651583224016566e-05,3.293674481e+04,3.004903276e+04,order_of_magnitude
4.4668359215096348e-05,3.237722381e+04,2.953856748e+04,order_of_magnitude
4.5708818961487516e-05,3.179817565e+04,2.901028706e+04,order_of_magnitude
4.6773514128719816e-05,3.120037383e+04,2.846489721e+04,order_of_magnitude
4.7863009232263804e-05,3.058465413e+04,2.790316041e+04,order_of_magnitude
4.8977881936844669e-05,2.995191345e+04,2.732589495e+04,order_of_magnitude
5.0118723362727251e-05,2.930310834e+04,2.673397349e+04,order_of_magnitude
5.1286138399136481e-05,2.863925309e+04,2.612832141e+04,order_of_magnitude
5.2480746024977233e-05,2.796141755e+04,2.550991475e+04,order_of_magnitude
5.3703179637025325e-05,2.727072448e+04,2.487977783e+04,order_of_magnitude
5.4954087385762481e-05,2.656834657e+04,2.423898054e+04,order_of_magnitude
5.6234132519034907e-05,2.585550310e+04,2.358863525e+04,order_of_magnitude
5.7543993733715664e-05,2.513345617e+04,2.292989341e+04,order_of_magnitude
5.8884365535558833e-05,2.440350660e+04,2.226394180e+04,order_of_magnitude
6.0255958607435806e-05,2.366698949e+04,2.159199844e+04,order_of_magnitude
6.1659500186148224e-05,2.292526938e+04,2.091530825e+04,order_of_magnitude
6.3095734448019293e-05,2.217973510e+04,2.023513831e+04,order_of_magnitude
6.4565422903465627e-05,2.143179440e+04,1.955277292e+04,order_of_magnitude
6.6069344800759647e-05,2.068286815e+04,1.886950840e+04,order_of_magnitude
6.7608297539198189e-05,1.993438445e+04,1.818664761e+04,order_of_magnitude
6.9183097091893625e-05,1.918777237e+04,1.750549436e+04,order_of_magnitude
7.0794578438413731e-05,1.844445567e+04,1.682734757e+04,order_of_magnitude
7.2443596007499062e-05,1.770584625e+04,1.615349534e+04,order_of_magnitude
7.4131024130091763e-05,1.697333758e+04,1.548520899e+04,order_of_magnitude
7.5857757502918358e-05,1.624829807e+04,1.482373695e+04,order_of_magnitude
7.7624711662869112e-05,1.553206446e+04,1.417029875e+04,order_of_magnitude
7.9432823472428221e-05,1.482593522e+04,1.352607902e+04,order_of_magnitude
8.1283051616409945e-05,1.413116410e+04,1.289222160e+04,order_of_magnitude
8.317637711026709e-05,1.344895388e+04,1.226982381e+04,order_of_magnitude
8.5113803820237595e-05,1.278045030e+04,1.165993093e+04,order_of_magnitude
8.7096358995608137e-05,1.212673624e+04,1.106353092e+04,order_of_magnitude
8.9125093813374588e-05,1.148882637e+04,1.048154947e+04,order_of_magnitude
9.1201083935590964e-05,1.086766204e+04,9.914845398e+03,order_of_magnitude
9.3325430079699046e-05,1.026410673e+04,9.364206489e+03,order_of_magnitude
9.5499258602143688e-05,9.678941955e+03,8.830345730e+03,order_of_magnitude
9.772372209558111e-05,9.112863701e+03,8.313898094e+03,order_of_magnitude
9.9999999999999991e-05,8.566479492e+03,7.815417838e+03,order_of_magnitude
0.00010232929922807536,8.040306046e+03,7.335376376e+03,order_of_magnitude
0.00010471285480508985,7.534767598e+03,6.874160750e+03,order_of_magnitude
0.00010715193052376071,7.050194907e+03,6.432072719e+03,order_of_magnitude
0.00010964781961431851,6.586824956e+03,6.009328489e+03,order_of_magnitude
0.0001122018454301963,6.144801361e+03,5.606059083e+03,order_of_magnitude
0.0001148153621496884,5.724175487e+03,5.222311365e+03,order_of_magnitude
0.00011748975549395303,5.324908272e+03,4.858049696e+03,order_of_magnitude
0.00012022644346174132,4.946872729e+03,4.513158224e+03,order_of_magnitude
0.00012302687708123813,4.589857120e+03,4.187443773e+03,order_of_magnitude
0.00012589254117941661,4.253568751e+03,3.880639313e+03,order_of_magnitude
0.00012882495516931347,3.937638367e+03,3.592407962e+03,order_of_magnitude
0.00013182567385564074,3.641625076e+03,3.322347483e+03,order_of_magnitude
0.00013489628825916533,3.365021769e+03,3.069995228e+03,order_of_magnitude
0.00013803842646028865,3.107260961e+03,2.834833465e+03,order_of_magnitude
0.00014125375446227554,2.867720977e+03,2.616295025e+03,order_of_magnitude
0.0001445439770745928,2.645732436e+03,2.413769214e+03,order_of_magnitude
0.0001479108388168207,2.440584931e+03,2.226607911e+03,order_of_magnitude
0.00015135612484362072,2.251533842e+03,2.054131778e+03,order_of_magnitude
0.00015488166189124794,2.077807190e+03,1.895636520e+03,order_of_magnitude
0.00015848931924611142,1.918612471e+03,1.750399116e+03,order_of_magnitude
0.00016218100973589298,1.773143376e+03,1.617683949e+03,order_of_magnitude
0.00016595869074375596,1.640586323e+03,1.496748767e+03,order_of_magnitude
0.00016982436524617462,1.520126741e+03,1.386850416e+03,order_of_magnitude
0.00017378008287493763,1.410955034e+03,1.287250282e+03,order_of_magnitude
0.00017782794100389227,1.312272162e+03,1.197219380e+03,order_of_magnitude
0.00018197008586099824,1.223294794e+03,1.116043056e+03,order_of_magnitude
0.00018620871366628657,1.143259987e+03,1.043025260e+03,order_of_magnitude
0.00019054607179632481,1.071429359e+03,9.774923445e+02,order_of_magnitude
0.00019498445997580456,1.007092718e+03,9.187963852e+02,order_of_magnitude
0.00019952623149688788,9.495711540e+02,8.663179947e+02,order_of_magnitude
0.00020417379446695317,8.982195642e+02,8.194686290e+02,order_of_magnitude
0.00020892961308540409,8.524286275e+02,7.776923889e+02,order_of_magnitude
0.00021379620895022324,8.116262351e+02,7.404673252e+02,order_of_magnitude
0.00021877616239495518,7.752783987e+02,7.073062665e+02,order_of_magnitude
0.00022387211385683378,7.428896612e+02,6.777571948e+02,order_of_magnitude
0.00022908676527677748,7.140030460e+02,6.514031986e+02,order_of_magnitude
0.00023442288153199229,6.881995824e+02,6.278620403e+02,order_of_magnitude
0.00023988329190194899,6.650974515e+02,6.067853768e+02,order_of_magnitude
0.00024547089156850334,6.443507998e+02,5.878576770e+02,order_of_magnitude
0.00025118864315095823,6.256482687e+02,5.707948807e+02,order_of_magnitude
0.00025703957827688648,6.087112906e+02,5.553428434e+02,order_of_magnitude
0.00026302679918953814,5.932922002e+02,5.412756138e+02,order_of_magnitude
0.0002691534803926914,5.791722106e+02,5.283935869e+02,order_of_magnitude
0.00027542287033381629,5.661592989e+02,5.165215755e+02,order_of_magnitude
0.0002818382931264455,5.540860456e+02,5.055068384e+02,order_of_magnitude
0.00028840315031266055,5.428074655e+02,4.952171020e+02,order_of_magnitude
0.00029512092266663841,5.321988671e+02,4.855386070e+02,order_of_magnitude
0.00030199517204020191,5.221537686e+02,4.763742073e+02,order_of_magnitude
0.00030902954325135921,5.125818979e+02,4.676415454e+02,order_of_magnitude
0.00031622776601683794,5.034072958e+02,4.592713218e+02,order_of_magnitude
0.0003235936569296281,4.945665399e+02,4.512056746e+02,order_of_magnitude
0.00033113112148259078,4.860070981e+02,4.433966774e+02,order_of_magnitude
0.00033884415613920273,4.776858210e+02,4.358049640e+02,order_of_magnitude
0.00034673685045253164,4.695675749e+02,4.283984809e+02,order_of_magnitude
0.00035481338923357532,4.616240152e+02,4.211513687e+02,order_of_magnitude
0.00036307805477010173,4.538324978e+02,4.140429685e+02,order_of_magnitude
0.0003715352290971728,4.461751216e+02,4.070569488e+02,order_of_magnitude
0.00038018939632056124,4.386378955e+02,4.001805451e+02,order_of_magnitude
0.0003890451449942805,4.312100213e+02,3.934039059e+02,order_of_magnitude
0.00039810717055349692,4.238832812e+02,3.867195340e+02,order_of_magnitude
0.00040738027780411304,4.166515215e+02,3.801218151e+02,order_of_magnitude
0.00041686938347033551,4.095102206e+02,3.736066240e+02,order_of_magnitude
0.00042657951880159252,4.024561320e+02,3.671709990e+02,order_of_magnitude
0.00043651583224016654,3.954869918e+02,3.608128745e+02,order_of_magnitude
0.00044668359215096348,3.886012818e+02,3.545308656e+02,order_of_magnitude
0.00045708818961487515,3.817980399e+02,3.483240945e+02,order_of_magnitude
0.00046773514128719808,3.750767100e+02,3.421920536e+02,order_of_magnitude
0.000478630092322638,3.684370235e+02,3.361344982e+02,order_of_magnitude
0.00048977881936844566,3.618789090e+02,3.301513630e+02,order_of_magnitude
0.00050118723362727253,3.554024223e+02,3.242426989e+02,order_of_magnitude
0.00051286138399136484,3.490076937e+02,3.184086249e+02,order_of_magnitude
0.00052480746024977229,3.426948897e+02,3.126492926e+02,order_of_magnitude
0.00053703179637025326,3.364641838e+02,3.069648607e+02,order_of_magnitude
0.00054954087385762477,3.303157368e+02,3.013554756e+02,order_of_magnitude
0.00056234132519034899,3.242496822e+02,2.958212592e+02,order_of_magnitude
0.00057543993733715664,3.182661169e+02,2.903622999e+02,order_of_magnitude
0.0005888436553555884,3.123650949e+02,2.849786470e+02,order_of_magnitude
0.00060255958607435801,3.065466236e+02,2.796703071e+02,order_of_magnitude
0.00061659500186148216,3.008106618e+02,2.744372428e+02,order_of_magnitude
0.00063095734448019298,2.951571194e+02,2.692793718e+02,order_of_magnitude
0.00064565422903465621,2.895858576e+02,2.641965674e+02,order_of_magnitude
0.00066069344800759647,2.840966893e+02,2.591886591e+02,order_of_magnitude
0.00067608297539198186,2.786893811e+02,2.542554339e+02,order_of_magnitude
0.00069183097091893634,2.733636544e+02,2.493966375e+02,order_of_magnitude
0.00070794578438413737,2.681191872e+02,2.446119763e+02,order_of_magnitude
0.00072443596007499059,2.629556160e+02,2.399011186e+02,order_of_magnitude
0.00074131024130091763,2.578725377e+02,2.352636965e+02,order_of_magnitude
0.00075857757502918353,2.528695112e+02,2.306993077e+02,order_of_magnitude
0.00077624711662869269,2.479460596e+02,2.262075172e+02,order_of_magnitude
0.00079432823472428218,2.431016721e+02,2.217878588e+02,order_of_magnitude
0.00081283051616409948,2.383358054e+02,2.174398370e+02,order_of_magnitude
0.00083176377110267088,2.336478861e+02,2.131629286e+02,order_of_magnitude
0.00085113803820237592,2.290373120e+02,2.089565842e+02,order_of_magnitude
0.00087096358995607964,2.245034541e+02,2.048202300e+02,order_of_magnitude
0.00089125093813374593,2.200456583e+02,2.007532691e+02,order_of_magnitude
0.00091201083935590964,2.156632467e+02,1.967550832e+02,order_of_magnitude
0.00093325430079699051,2.113555197e+02,1.928250339e+02,order_of_magnitude
0.00095499258602143688,2.071217571e+02,1.889624643e+02,order_of_magnitude
0.0009772372209558111,2.029612201e+02,1.851667002e+02,order_of_magnitude
0.001,1.988731523e+02,1.814370516e+02,order_of_magnitude
