# Compton (environmental-gamma) deposited-energy spectrum dR/dE_dep,
# 4in x 4in x 2mm Ge wafer. Plan 04-02 (CALC-04/VALD-03).
# BOUND incoherent scattering: angle sampled from dsigma_KN/dOmega * S(x,Z=32)
# with the Hubbell (1975) incoherent scattering function (data/ge_incoherent_S.csv);
# S(x->0)->0 SUPPRESSES the low-recoil (near-forward) continuum, fixing the
# unphysical free-KN flat-then-cut low edge; S(x->inf)->Z leaves the Compton
# EDGES and the bulk continuum (>~keV) unchanged. ELECTRON recoil T_e (NO
# photopeaks, scattered photon escapes the thin wafer); thin-target single-
# scatter on the pinned Cauchy mean chord ell_bar = 4V/S = 0.385 cm. UNIFIED
# PHONON SCALE, NO quenching (CONVENTIONS Section B): S(x,Z) changes the CROSS
# SECTION, not the energy scale. Gamma flux = sourced tunable input
# (data/gamma_lines.csv, provenance).
# total_single_scatter_rate_Hz = 2.6747e-01 (BOUND incoherent; free-KN pre-binding = 2.6846e-01, binding f_bind = 0.9963)
# VALD-03 anchor flux x sigma_KN x N_e (free) = 2.7305e-01; bound/anchor ratio 0.980 (within factor 2)
# integral dR/dE_dep = 2.1028e+05 counts/kg/day (= total_rate * 86400 / mass_kg; energy closure)
# n_mc_samples_per_line = 400000; seed fixed for reproducibility
# units: E_dep_keV [keV]; dRdEdep [counts/kg/day/keV]; mc_err [counts/kg/day/keV]
# grid: shared log E_dep, 0.01 keV -> 2e5 keV (200 MeV), ~80 bins/decade (matches 04-01)
E_dep_keV,dRdEdep_cts_per_kg_day_keV,mc_err
1.014497e-02,0.000000e+00,0.000000e+00
1.044125e-02,0.000000e+00,0.000000e+00
1.074619e-02,0.000000e+00,0.000000e+00
1.106003e-02,0.000000e+00,0.000000e+00
1.138303e-02,7.371399e+01,5.600499e+01
1.171547e-02,0.000000e+00,0.000000e+00
1.205762e-02,0.000000e+00,0.000000e+00
1.240976e-02,4.782879e+01,3.412582e+01
1.277218e-02,0.000000e+00,0.000000e+00
1.314519e-02,0.000000e+00,0.000000e+00
1.352909e-02,0.000000e+00,0.000000e+00
1.392420e-02,7.506998e+01,7.506998e+01
1.433085e-02,6.067301e+00,6.067301e+00
1.474938e-02,6.245725e+01,4.573224e+01
1.518013e-02,9.413994e+01,7.172194e+01
1.562346e-02,2.932405e+01,2.088633e+01
1.607974e-02,8.301807e+01,6.745570e+01
1.654935e-02,1.551576e+01,1.551576e+01
1.703267e-02,7.800271e+01,6.332454e+01
1.753010e-02,5.254995e+01,3.847795e+01
1.804206e-02,3.405027e+00,3.405027e+00
1.856897e-02,5.819386e+01,3.475813e+01
1.911128e-02,6.950191e+01,4.201436e+01
1.966942e-02,9.558942e+01,6.199541e+01
2.024385e-02,6.827047e+01,5.424855e+01
2.083507e-02,4.173233e+00,4.173233e+00
2.144355e-02,0.000000e+00,0.000000e+00
2.206981e-02,1.163471e+01,1.163471e+01
2.271435e-02,7.588410e+01,4.977848e+01
2.337771e-02,5.297098e+02,5.211673e+02
2.406045e-02,4.984160e+01,3.585883e+01
2.476313e-02,2.454047e+01,1.514920e+01
2.548633e-02,7.765866e+01,3.749799e+01
2.623065e-02,1.165066e+02,5.400607e+01
2.699671e-02,5.306906e+01,3.128467e+01
2.778514e-02,0.000000e+00,0.000000e+00
2.859660e-02,8.281010e+01,4.178086e+01
2.943175e-02,3.730628e+01,2.337836e+01
3.029130e-02,1.120033e+02,5.244629e+01
3.117595e-02,5.108404e+01,2.876322e+01
3.208643e-02,1.164093e+02,4.593866e+01
3.302351e-02,3.567100e+01,2.185545e+01
3.398795e-02,5.624727e+01,3.566213e+01
3.498056e-02,6.223368e+01,3.413686e+01
3.600215e-02,4.314654e+01,2.656457e+01
3.705359e-02,7.226851e+01,4.138444e+01
3.813573e-02,5.795393e+01,3.098703e+01
3.924947e-02,5.625172e+01,3.382544e+01
4.039574e-02,3.727234e+01,2.209380e+01
4.157548e-02,6.403742e+01,3.803438e+01
4.278968e-02,2.400351e+01,1.200176e+01
4.403934e-02,3.519172e+02,2.789246e+02
4.532550e-02,5.471637e+01,2.859200e+01
4.664922e-02,6.312087e+01,2.962024e+01
4.801159e-02,1.257095e+02,4.948391e+01
4.941376e-02,9.332444e+01,3.364008e+01
5.085687e-02,9.543444e+01,3.814009e+01
5.234213e-02,5.992865e+01,2.808677e+01
5.387077e-02,6.298275e+01,2.542753e+01
5.544405e-02,7.348607e+01,2.659993e+01
5.706328e-02,6.747404e+01,2.716657e+01
5.872979e-02,5.065639e+01,2.263802e+01
6.044498e-02,3.931158e+01,2.085321e+01
6.221026e-02,3.445218e+01,2.011606e+01
6.402709e-02,8.598112e+01,2.979289e+01
6.589698e-02,9.851807e+01,3.088408e+01
6.782148e-02,1.293797e+02,3.583281e+01
6.980219e-02,1.159587e+02,3.300485e+01
7.184074e-02,7.814192e+01,2.860459e+01
7.393883e-02,7.407182e+01,2.616209e+01
7.609819e-02,2.506116e+02,1.629198e+02
7.832062e-02,4.153818e+01,1.789222e+01
8.060795e-02,1.206573e+02,3.231509e+01
8.296208e-02,4.198652e+01,1.231163e+01
8.538496e-02,7.385865e+01,2.308142e+01
8.787861e-02,9.816549e+01,2.907244e+01
9.044507e-02,7.816367e+01,2.125212e+01
9.308650e-02,9.059931e+01,2.602423e+01
9.580506e-02,8.950088e+01,2.591292e+01
9.860302e-02,1.005481e+02,2.720026e+01
1.014827e-01,1.627817e+02,3.301358e+01
1.044465e-01,2.033089e+02,1.191563e+02
1.074968e-01,1.011650e+02,2.735047e+01
1.106362e-01,9.749473e+01,2.341537e+01
1.138673e-01,1.338371e+02,2.763775e+01
1.171928e-01,4.179616e+02,1.815953e+02
1.206153e-01,8.877555e+01,2.155592e+01
1.241379e-01,1.382084e+02,2.847082e+01
1.277633e-01,7.014986e+01,2.033946e+01
1.314946e-01,1.082526e+02,2.406951e+01
1.353348e-01,2.825380e+02,1.294119e+02
1.392873e-01,1.182862e+02,2.484561e+01
1.433551e-01,6.445022e+01,1.494830e+01
1.475417e-01,1.231339e+02,2.440886e+01
1.518507e-01,8.779919e+01,1.929117e+01
1.562854e-01,1.080636e+02,1.995223e+01
1.608497e-01,1.750978e+02,7.876467e+01
1.655472e-01,9.177122e+01,1.756806e+01
1.703820e-01,2.496159e+02,1.034180e+02
1.753580e-01,1.201477e+02,2.134025e+01
1.804792e-01,1.048761e+02,1.899122e+01
1.857501e-01,1.034986e+02,1.780192e+01
1.911749e-01,1.466571e+02,2.321419e+01
1.967581e-01,1.034973e+02,1.796117e+01
2.025043e-01,1.185880e+02,2.139573e+01
2.084184e-01,2.151990e+02,6.323085e+01
2.145052e-01,1.378961e+02,2.101405e+01
2.207698e-01,1.232999e+02,1.903569e+01
2.272173e-01,1.068418e+02,1.727867e+01
2.338531e-01,2.945623e+02,9.231305e+01
2.406827e-01,1.557991e+02,5.359311e+01
2.477118e-01,1.708788e+02,2.153989e+01
2.549461e-01,1.351712e+02,1.840650e+01
2.623918e-01,1.772943e+02,4.996257e+01
2.700548e-01,1.243926e+02,1.685693e+01
2.779417e-01,1.363761e+02,1.789680e+01
2.860589e-01,2.041211e+02,4.654488e+01
2.944132e-01,4.051864e+02,1.032498e+02
3.030114e-01,1.926379e+02,4.449763e+01
3.118608e-01,2.251778e+02,5.803207e+01
3.209686e-01,2.117686e+02,5.615281e+01
3.303424e-01,1.552833e+02,1.697915e+01
3.399899e-01,2.321641e+02,4.099379e+01
3.499192e-01,2.148021e+02,5.168801e+01
3.601385e-01,2.049780e+02,3.794456e+01
3.706563e-01,2.966930e+02,7.505500e+01
3.814812e-01,1.691796e+02,3.531355e+01
3.926222e-01,2.426391e+02,5.606572e+01
4.040886e-01,1.630360e+02,3.342252e+01
4.158899e-01,2.482004e+02,5.324391e+01
4.280359e-01,2.110966e+02,3.304034e+01
4.405365e-01,2.086540e+02,3.223712e+01
4.534023e-01,1.526083e+02,1.488669e+01
4.666437e-01,1.947918e+02,3.951588e+01
4.802719e-01,1.953551e+02,2.977474e+01
4.942981e-01,1.790699e+02,2.875224e+01
5.087340e-01,2.594105e+02,4.432292e+01
5.235914e-01,1.799605e+02,2.691245e+01
5.388827e-01,2.257719e+02,3.539925e+01
5.546206e-01,2.390605e+02,4.067694e+01
5.708182e-01,2.271664e+02,3.937163e+01
5.874888e-01,2.630056e+02,4.828203e+01
6.046462e-01,2.840164e+02,4.736621e+01
6.223047e-01,2.601886e+02,4.565654e+01
6.404789e-01,2.509669e+02,4.022193e+01
6.591839e-01,2.604583e+02,3.524282e+01
6.784352e-01,2.572720e+02,3.829540e+01
6.982487e-01,2.680142e+02,3.361759e+01
7.186409e-01,2.848454e+02,4.044998e+01
7.396286e-01,3.174079e+02,4.564716e+01
7.612292e-01,2.320420e+02,2.642109e+01
7.834607e-01,2.335282e+02,2.984134e+01
8.063414e-01,2.419120e+02,2.518410e+01
8.298904e-01,2.192162e+02,2.419313e+01
8.541271e-01,2.651122e+02,3.143619e+01
8.790716e-01,2.193379e+02,1.879161e+01
9.047446e-01,2.640228e+02,2.988000e+01
9.311674e-01,2.096665e+02,2.179042e+01
9.583619e-01,2.916231e+02,3.358548e+01
9.863506e-01,2.338521e+02,2.708715e+01
1.015157e+00,2.358005e+02,2.073872e+01
1.044804e+00,2.654227e+02,2.613467e+01
1.075317e+00,2.509063e+02,2.766837e+01
1.106722e+00,3.092520e+02,3.331664e+01
1.139043e+00,2.759031e+02,2.850397e+01
1.172308e+00,2.552007e+02,2.558967e+01
1.206545e+00,2.499722e+02,2.491742e+01
1.241782e+00,2.817744e+02,2.970891e+01
1.278048e+00,2.795687e+02,2.880971e+01
1.315373e+00,2.954414e+02,3.093548e+01
1.353788e+00,2.555569e+02,2.081870e+01
1.393325e+00,3.106919e+02,2.957005e+01
1.434017e+00,3.172358e+02,3.111722e+01
1.475897e+00,2.571532e+02,1.761713e+01
1.519000e+00,2.941377e+02,2.711928e+01
1.563362e+00,2.974049e+02,2.652060e+01
1.609019e+00,3.580717e+02,3.197402e+01
1.656010e+00,3.268918e+02,2.829210e+01
1.704374e+00,3.243908e+02,2.839957e+01
1.754149e+00,2.736343e+02,1.828052e+01
1.805379e+00,2.474299e+02,1.873679e+01
1.858104e+00,2.918348e+02,2.347157e+01
1.912370e+00,3.513954e+02,2.986054e+01
1.968220e+00,3.119662e+02,2.615422e+01
2.025701e+00,3.414108e+02,2.820406e+01
2.084861e+00,3.210425e+02,2.550016e+01
2.145749e+00,3.343220e+02,2.672512e+01
2.208415e+00,3.273813e+02,2.370748e+01
2.272911e+00,2.946058e+02,2.096517e+01
2.339291e+00,3.358880e+02,2.469080e+01
2.407609e+00,3.231998e+02,2.394121e+01
2.477923e+00,3.247330e+02,2.134803e+01
2.550290e+00,3.375194e+02,2.235929e+01
2.624770e+00,3.606931e+02,2.456351e+01
2.701426e+00,3.188918e+02,2.106991e+01
2.780320e+00,3.199839e+02,2.056373e+01
2.861519e+00,3.089494e+02,1.819206e+01
2.945088e+00,2.946570e+02,1.759074e+01
3.031099e+00,3.353866e+02,2.066007e+01
3.119621e+00,3.125425e+02,1.771685e+01
3.210729e+00,3.277627e+02,2.055103e+01
3.304497e+00,3.049548e+02,1.675098e+01
3.401004e+00,3.344998e+02,1.954686e+01
3.500329e+00,3.224567e+02,1.804649e+01
3.602555e+00,3.383933e+02,1.887217e+01
3.707767e+00,3.258844e+02,1.827572e+01
3.816051e+00,3.386142e+02,1.894817e+01
3.927498e+00,3.415385e+02,1.870673e+01
4.042199e+00,3.348908e+02,1.796148e+01
4.160251e+00,2.929121e+02,1.391182e+01
4.281750e+00,3.311865e+02,1.765401e+01
4.406797e+00,3.499585e+02,1.811387e+01
4.535496e+00,3.339616e+02,1.718468e+01
4.667954e+00,3.264207e+02,1.591307e+01
4.804280e+00,3.328536e+02,1.593786e+01
4.944588e+00,3.125070e+02,1.484892e+01
5.088993e+00,3.107702e+02,1.290175e+01
5.237615e+00,3.425550e+02,1.562185e+01
5.390578e+00,3.257353e+02,1.482196e+01
5.548009e+00,3.358474e+02,1.552502e+01
5.710037e+00,3.214268e+02,1.358441e+01
5.876797e+00,3.309831e+02,1.402404e+01
6.048427e+00,3.290122e+02,1.405870e+01
6.225069e+00,3.417576e+02,1.487808e+01
6.406871e+00,3.375252e+02,1.386708e+01
6.593981e+00,3.374112e+02,1.387644e+01
6.786557e+00,3.533611e+02,1.456482e+01
6.984756e+00,3.602810e+02,1.439656e+01
7.188744e+00,3.460356e+02,1.378043e+01
7.398689e+00,3.553351e+02,1.384560e+01
7.614765e+00,3.493218e+02,1.405918e+01
7.837152e+00,3.338756e+02,1.277555e+01
8.066034e+00,3.672897e+02,1.372745e+01
8.301600e+00,3.296665e+02,1.151840e+01
8.544046e+00,3.492517e+02,1.280370e+01
8.793573e+00,3.572555e+02,1.272248e+01
9.050386e+00,3.520039e+02,1.236607e+01
9.314700e+00,3.351329e+02,1.145317e+01
9.586733e+00,3.324685e+02,1.080904e+01
9.866711e+00,3.534976e+02,1.193835e+01
1.015487e+01,3.250376e+02,1.061524e+01
1.045144e+01,3.408519e+02,1.088337e+01
1.075667e+01,3.573168e+02,1.168173e+01
1.107081e+01,3.460765e+02,1.073598e+01
1.139413e+01,3.301104e+02,9.930274e+00
1.172689e+01,3.417070e+02,1.056466e+01
1.206937e+01,3.527417e+02,1.064637e+01
1.242186e+01,3.686851e+02,1.124306e+01
1.278463e+01,3.227021e+02,9.349429e+00
1.315800e+01,3.305190e+02,9.766905e+00
1.354228e+01,3.526387e+02,1.060413e+01
1.393778e+01,3.568814e+02,1.060567e+01
1.434483e+01,3.577642e+02,1.007326e+01
1.476376e+01,3.361273e+02,9.255238e+00
1.519494e+01,3.504655e+02,9.814707e+00
1.563870e+01,3.381891e+02,9.015550e+00
1.609542e+01,3.338238e+02,8.830758e+00
1.656548e+01,3.485997e+02,9.071407e+00
1.704927e+01,3.423775e+02,9.059047e+00
1.754719e+01,3.490315e+02,8.914742e+00
1.805965e+01,3.311715e+02,8.140440e+00
1.858708e+01,3.279911e+02,7.920160e+00
1.912991e+01,3.432631e+02,8.373621e+00
1.968860e+01,3.573128e+02,8.552915e+00
2.026359e+01,3.420857e+02,8.195751e+00
2.085539e+01,3.406686e+02,7.979047e+00
2.146446e+01,3.338074e+02,7.636446e+00
2.209133e+01,3.359372e+02,7.768494e+00
2.273650e+01,3.350492e+02,7.478166e+00
2.340051e+01,3.442397e+02,7.742484e+00
2.408391e+01,3.325167e+02,7.159330e+00
2.478728e+01,3.341123e+02,7.247858e+00
2.551118e+01,3.392492e+02,7.280249e+00
2.625623e+01,3.339831e+02,7.083123e+00
2.702304e+01,3.466269e+02,7.365200e+00
2.781224e+01,3.362454e+02,6.847488e+00
2.862448e+01,3.341908e+02,6.806670e+00
2.946045e+01,3.313875e+02,6.646903e+00
3.032084e+01,3.246292e+02,6.453303e+00
3.120635e+01,3.258913e+02,6.301743e+00
3.211772e+01,3.305369e+02,6.498716e+00
3.305571e+01,3.344130e+02,6.459308e+00
3.402109e+01,3.309858e+02,6.322004e+00
3.501467e+01,3.319985e+02,6.268134e+00
3.603726e+01,3.158794e+02,5.826882e+00
3.708972e+01,3.410610e+02,6.405580e+00
3.817291e+01,3.300512e+02,5.955986e+00
3.928774e+01,3.239205e+02,5.835348e+00
4.043513e+01,3.250144e+02,5.727085e+00
4.161602e+01,3.130896e+02,5.343301e+00
4.283141e+01,3.195077e+02,5.434473e+00
4.408229e+01,3.186825e+02,5.442893e+00
4.536970e+01,2.992848e+02,4.920588e+00
4.669471e+01,3.093270e+02,5.176151e+00
4.805841e+01,3.145492e+02,5.207475e+00
4.946194e+01,3.151443e+02,5.140912e+00
5.090646e+01,3.195897e+02,5.167926e+00
5.239317e+01,3.075035e+02,4.857153e+00
5.392330e+01,3.092856e+02,4.908060e+00
5.549811e+01,3.084977e+02,4.850684e+00
5.711892e+01,3.109661e+02,4.857027e+00
5.878706e+01,3.133701e+02,4.879957e+00
6.050392e+01,3.004318e+02,4.544881e+00
6.227092e+01,3.097143e+02,4.641280e+00
6.408952e+01,3.018401e+02,4.486933e+00
6.596124e+01,2.961631e+02,4.344609e+00
6.788762e+01,3.031320e+02,4.421482e+00
6.987026e+01,3.022767e+02,4.371632e+00
7.191080e+01,2.933180e+02,4.185417e+00
7.401093e+01,2.976272e+02,4.173991e+00
7.617240e+01,2.930931e+02,4.062726e+00
7.839699e+01,2.994478e+02,4.139074e+00
8.068655e+01,2.924584e+02,3.968469e+00
8.304298e+01,2.891004e+02,3.899706e+00
8.546822e+01,2.909646e+02,3.883540e+00
8.796430e+01,2.884328e+02,3.813948e+00
9.053327e+01,2.911102e+02,3.792336e+00
9.317727e+01,2.873367e+02,3.638060e+00
9.589848e+01,2.915055e+02,3.693831e+00
9.869917e+01,2.874945e+02,3.573481e+00
1.015817e+02,2.895951e+02,3.530551e+00
1.045483e+02,2.894011e+02,3.455698e+00
1.076016e+02,2.948670e+02,3.454525e+00
1.107441e+02,2.965886e+02,3.389988e+00
1.139783e+02,3.026053e+02,3.355120e+00
1.173070e+02,2.933481e+02,3.369481e+00
1.207330e+02,2.609860e+02,3.194463e+00
1.242589e+02,2.674522e+02,3.231864e+00
1.278879e+02,2.645193e+02,3.102594e+00
1.316228e+02,2.645667e+02,3.035988e+00
1.354668e+02,2.700125e+02,3.034371e+00
1.394231e+02,2.767063e+02,3.042366e+00
1.434949e+02,2.821277e+02,3.015763e+00
1.476856e+02,2.870698e+02,2.953612e+00
1.519987e+02,2.875054e+02,2.827078e+00
1.564378e+02,2.936542e+02,2.817898e+00
1.610065e+02,2.291927e+02,2.715142e+00
1.657087e+02,2.346796e+02,2.689663e+00
1.705481e+02,2.431500e+02,2.685762e+00
1.755290e+02,2.517310e+02,2.712239e+00
1.806552e+02,2.520300e+02,2.620593e+00
1.859312e+02,2.619812e+02,2.576542e+00
1.913613e+02,2.679184e+02,2.608491e+00
1.969499e+02,2.532615e+02,2.582081e+00
2.027018e+02,2.252250e+02,2.450492e+00
2.086216e+02,1.536963e+02,2.339629e+00
2.147144e+02,1.589297e+02,2.362353e+00
2.209850e+02,1.587306e+02,2.329379e+00
2.274388e+02,1.538262e+02,2.241666e+00
2.340811e+02,1.521646e+02,2.193924e+00
2.409174e+02,1.555100e+02,2.194822e+00
2.479533e+02,1.557079e+02,2.167939e+00
2.551947e+02,1.538288e+02,2.112873e+00
2.626476e+02,1.524272e+02,2.069713e+00
2.703182e+02,1.594001e+02,2.114508e+00
2.782127e+02,1.574305e+02,2.062059e+00
2.863378e+02,1.541452e+02,1.982406e+00
2.947003e+02,1.559338e+02,1.964891e+00
3.033069e+02,1.584608e+02,1.947630e+00
3.121649e+02,1.588449e+02,1.908363e+00
3.212816e+02,1.624276e+02,1.888014e+00
3.306645e+02,1.668484e+02,1.876225e+00
3.403215e+02,1.629573e+02,1.848189e+00
3.502605e+02,1.605350e+02,1.831015e+00
3.604897e+02,1.605123e+02,1.770682e+00
3.710177e+02,1.658808e+02,1.757420e+00
3.818532e+02,1.734205e+02,1.751965e+00
3.930051e+02,1.809094e+02,1.719713e+00
4.044827e+02,1.744111e+02,1.708949e+00
4.162955e+02,1.556718e+02,1.660399e+00
4.284533e+02,1.364627e+02,1.605678e+00
4.409661e+02,1.057462e+02,1.562462e+00
4.538444e+02,1.074868e+02,1.554377e+00
4.670988e+02,1.077905e+02,1.534320e+00
4.807403e+02,1.061201e+02,1.497166e+00
4.947801e+02,1.078412e+02,1.489584e+00
5.092301e+02,1.083206e+02,1.470261e+00
5.241020e+02,1.070418e+02,1.435925e+00
5.394082e+02,1.095904e+02,1.433759e+00
5.551615e+02,1.083952e+02,1.400533e+00
5.713748e+02,1.105101e+02,1.390671e+00
5.880616e+02,1.107379e+02,1.367577e+00
6.052358e+02,1.116680e+02,1.346566e+00
6.229115e+02,1.120612e+02,1.321432e+00
6.411035e+02,1.139874e+02,1.301574e+00
6.598267e+02,1.152708e+02,1.285968e+00
6.790968e+02,1.196142e+02,1.297154e+00
6.989296e+02,1.214308e+02,1.270181e+00
7.193416e+02,1.106321e+02,1.263607e+00
7.403498e+02,1.103556e+02,1.250768e+00
7.619715e+02,1.085471e+02,1.227527e+00
7.842246e+02,1.019002e+02,1.209198e+00
8.071277e+02,1.044219e+02,1.205393e+00
8.306996e+02,1.084615e+02,1.209497e+00
8.549600e+02,1.090272e+02,1.190505e+00
8.799288e+02,1.123592e+02,1.187286e+00
9.056269e+02,1.154156e+02,1.191055e+00
9.320754e+02,1.146029e+02,1.199750e+00
9.592964e+02,1.186538e+02,1.202641e+00
9.873124e+02,1.288010e+02,1.235298e+00
1.016147e+03,1.312708e+02,1.229538e+00
1.045823e+03,1.364699e+02,1.246718e+00
1.076366e+03,1.510604e+02,1.294220e+00
1.107801e+03,1.672196e+02,1.343207e+00
1.140154e+03,1.916808e+02,1.418932e+00
1.173452e+03,2.200376e+02,1.500017e+00
1.207722e+03,2.642780e+02,1.622313e+00
1.242993e+03,1.589156e+02,1.234231e+00
1.279294e+03,3.736693e+00,2.886155e-02
1.316656e+03,3.912905e+00,2.894437e-02
1.355108e+03,4.156042e+00,2.915634e-02
1.394684e+03,4.446261e+00,2.951248e-02
1.435415e+03,4.902305e+00,3.036400e-02
1.477336e+03,5.596949e+00,3.161829e-02
1.520481e+03,6.405457e+00,3.286702e-02
1.564886e+03,2.130299e+00,2.187260e-02
1.610588e+03,2.181953e+00,2.172261e-02
1.657625e+03,2.305578e+00,2.200926e-02
1.706036e+03,2.414574e+00,2.200854e-02
1.755860e+03,2.520091e+00,2.204699e-02
1.807139e+03,2.748384e+00,2.254153e-02
1.859916e+03,2.922395e+00,2.261088e-02
1.914235e+03,3.253905e+00,2.308989e-02
1.970139e+03,3.226830e+00,2.362445e-02
2.027677e+03,2.731945e+00,2.370412e-02
2.086894e+03,3.027917e+00,2.459852e-02
2.147841e+03,3.427217e+00,2.579627e-02
2.210569e+03,4.080628e+00,2.774590e-02
2.275128e+03,4.956137e+00,3.014089e-02
2.341572e+03,6.587431e+00,3.425244e-02
2.409957e+03,7.086293e-01,1.107368e-02
2.480339e+03,0.000000e+00,0.000000e+00
2.552777e+03,0.000000e+00,0.000000e+00
2.627330e+03,0.000000e+00,0.000000e+00
2.704060e+03,0.000000e+00,0.000000e+00
2.783031e+03,0.000000e+00,0.000000e+00
2.864309e+03,0.000000e+00,0.000000e+00
2.947960e+03,0.000000e+00,0.000000e+00
3.034055e+03,0.000000e+00,0.000000e+00
3.122663e+03,0.000000e+00,0.000000e+00
3.213860e+03,0.000000e+00,0.000000e+00
3.307719e+03,0.000000e+00,0.000000e+00
3.404320e+03,0.000000e+00,0.000000e+00
3.503743e+03,0.000000e+00,0.000000e+00
3.606068e+03,0.000000e+00,0.000000e+00
3.711383e+03,0.000000e+00,0.000000e+00
3.819772e+03,0.000000e+00,0.000000e+00
3.931328e+03,0.000000e+00,0.000000e+00
4.046141e+03,0.000000e+00,0.000000e+00
4.164307e+03,0.000000e+00,0.000000e+00
4.285925e+03,0.000000e+00,0.000000e+00
4.411094e+03,0.000000e+00,0.000000e+00
4.539919e+03,0.000000e+00,0.000000e+00
4.672506e+03,0.000000e+00,0.000000e+00
4.808965e+03,0.000000e+00,0.000000e+00
4.949409e+03,0.000000e+00,0.000000e+00
5.093955e+03,0.000000e+00,0.000000e+00
5.242723e+03,0.000000e+00,0.000000e+00
5.395835e+03,0.000000e+00,0.000000e+00
5.553419e+03,0.000000e+00,0.000000e+00
5.715605e+03,0.000000e+00,0.000000e+00
5.882527e+03,0.000000e+00,0.000000e+00
6.054325e+03,0.000000e+00,0.000000e+00
6.231139e+03,0.000000e+00,0.000000e+00
6.413118e+03,0.000000e+00,0.000000e+00
6.600411e+03,0.000000e+00,0.000000e+00
6.793174e+03,0.000000e+00,0.000000e+00
6.991567e+03,0.000000e+00,0.000000e+00
7.195754e+03,0.000000e+00,0.000000e+00
7.405904e+03,0.000000e+00,0.000000e+00
7.622191e+03,0.000000e+00,0.000000e+00
7.844795e+03,0.000000e+00,0.000000e+00
8.073900e+03,0.000000e+00,0.000000e+00
8.309695e+03,0.000000e+00,0.000000e+00
8.552378e+03,0.000000e+00,0.000000e+00
8.802147e+03,0.000000e+00,0.000000e+00
9.059211e+03,0.000000e+00,0.000000e+00
9.323783e+03,0.000000e+00,0.000000e+00
9.596081e+03,0.000000e+00,0.000000e+00
9.876332e+03,0.000000e+00,0.000000e+00
1.016477e+04,0.000000e+00,0.000000e+00
1.046163e+04,0.000000e+00,0.000000e+00
1.076716e+04,0.000000e+00,0.000000e+00
1.108161e+04,0.000000e+00,0.000000e+00
1.140524e+04,0.000000e+00,0.000000e+00
1.173833e+04,0.000000e+00,0.000000e+00
1.208114e+04,0.000000e+00,0.000000e+00
1.243397e+04,0.000000e+00,0.000000e+00
1.279710e+04,0.000000e+00,0.000000e+00
1.317084e+04,0.000000e+00,0.000000e+00
1.355549e+04,0.000000e+00,0.000000e+00
1.395137e+04,0.000000e+00,0.000000e+00
1.435882e+04,0.000000e+00,0.000000e+00
1.477816e+04,0.000000e+00,0.000000e+00
1.520975e+04,0.000000e+00,0.000000e+00
1.565395e+04,0.000000e+00,0.000000e+00
1.611112e+04,0.000000e+00,0.000000e+00
1.658164e+04,0.000000e+00,0.000000e+00
1.706590e+04,0.000000e+00,0.000000e+00
1.756430e+04,0.000000e+00,0.000000e+00
1.807727e+04,0.000000e+00,0.000000e+00
1.860521e+04,0.000000e+00,0.000000e+00
1.914857e+04,0.000000e+00,0.000000e+00
1.970779e+04,0.000000e+00,0.000000e+00
2.028335e+04,0.000000e+00,0.000000e+00
2.087572e+04,0.000000e+00,0.000000e+00
2.148539e+04,0.000000e+00,0.000000e+00
2.211287e+04,0.000000e+00,0.000000e+00
2.275867e+04,0.000000e+00,0.000000e+00
2.342333e+04,0.000000e+00,0.000000e+00
2.410740e+04,0.000000e+00,0.000000e+00
2.481145e+04,0.000000e+00,0.000000e+00
2.553606e+04,0.000000e+00,0.000000e+00
2.628183e+04,0.000000e+00,0.000000e+00
2.704939e+04,0.000000e+00,0.000000e+00
2.783936e+04,0.000000e+00,0.000000e+00
2.865240e+04,0.000000e+00,0.000000e+00
2.948918e+04,0.000000e+00,0.000000e+00
3.035040e+04,0.000000e+00,0.000000e+00
3.123678e+04,0.000000e+00,0.000000e+00
3.214904e+04,0.000000e+00,0.000000e+00
3.308794e+04,0.000000e+00,0.000000e+00
3.405427e+04,0.000000e+00,0.000000e+00
3.504881e+04,0.000000e+00,0.000000e+00
3.607240e+04,0.000000e+00,0.000000e+00
3.712589e+04,0.000000e+00,0.000000e+00
3.821014e+04,0.000000e+00,0.000000e+00
3.932605e+04,0.000000e+00,0.000000e+00
4.047456e+04,0.000000e+00,0.000000e+00
4.165661e+04,0.000000e+00,0.000000e+00
4.287317e+04,0.000000e+00,0.000000e+00
4.412527e+04,0.000000e+00,0.000000e+00
4.541394e+04,0.000000e+00,0.000000e+00
4.674024e+04,0.000000e+00,0.000000e+00
4.810527e+04,0.000000e+00,0.000000e+00
4.951017e+04,0.000000e+00,0.000000e+00
5.095610e+04,0.000000e+00,0.000000e+00
5.244426e+04,0.000000e+00,0.000000e+00
5.397588e+04,0.000000e+00,0.000000e+00
5.555223e+04,0.000000e+00,0.000000e+00
5.717462e+04,0.000000e+00,0.000000e+00
5.884439e+04,0.000000e+00,0.000000e+00
6.056292e+04,0.000000e+00,0.000000e+00
6.233164e+04,0.000000e+00,0.000000e+00
6.415202e+04,0.000000e+00,0.000000e+00
6.602556e+04,0.000000e+00,0.000000e+00
6.795382e+04,0.000000e+00,0.000000e+00
6.993839e+04,0.000000e+00,0.000000e+00
7.198092e+04,0.000000e+00,0.000000e+00
7.408310e+04,0.000000e+00,0.000000e+00
7.624668e+04,0.000000e+00,0.000000e+00
7.847344e+04,0.000000e+00,0.000000e+00
8.076523e+04,0.000000e+00,0.000000e+00
8.312396e+04,0.000000e+00,0.000000e+00
8.555157e+04,0.000000e+00,0.000000e+00
8.805008e+04,0.000000e+00,0.000000e+00
9.062155e+04,0.000000e+00,0.000000e+00
9.326813e+04,0.000000e+00,0.000000e+00
9.599200e+04,0.000000e+00,0.000000e+00
9.879541e+04,0.000000e+00,0.000000e+00
1.016807e+05,0.000000e+00,0.000000e+00
1.046503e+05,0.000000e+00,0.000000e+00
1.077065e+05,0.000000e+00,0.000000e+00
1.108521e+05,0.000000e+00,0.000000e+00
1.140895e+05,0.000000e+00,0.000000e+00
1.174214e+05,0.000000e+00,0.000000e+00
1.208507e+05,0.000000e+00,0.000000e+00
1.243801e+05,0.000000e+00,0.000000e+00
1.280126e+05,0.000000e+00,0.000000e+00
1.317512e+05,0.000000e+00,0.000000e+00
1.355989e+05,0.000000e+00,0.000000e+00
1.395590e+05,0.000000e+00,0.000000e+00
1.436348e+05,0.000000e+00,0.000000e+00
1.478296e+05,0.000000e+00,0.000000e+00
1.521469e+05,0.000000e+00,0.000000e+00
1.565904e+05,0.000000e+00,0.000000e+00
1.611635e+05,0.000000e+00,0.000000e+00
1.658703e+05,0.000000e+00,0.000000e+00
1.707145e+05,0.000000e+00,0.000000e+00
1.757001e+05,0.000000e+00,0.000000e+00
1.808314e+05,0.000000e+00,0.000000e+00
1.861125e+05,0.000000e+00,0.000000e+00
1.915479e+05,0.000000e+00,0.000000e+00
1.971420e+05,0.000000e+00,0.000000e+00
