# ENDF/B-VIII.0 n-Ge ELASTIC cross section (Plan 07-02, milestone v1.1)
# ACQUISITION + VALIDATION artifact -- NO recoil kernel, NO quenching.
# source           = ENDF/B-VIII.0 neutron sublibrary (Brown et al., NDS 148, 2018)
# retrieval        = https://www-nds.iaea.org/public/download-endf/ENDF-B-VIII.0/n/  (retrieved 2026-07-22)
# per_isotope_MAT  = 70Ge=MAT3225, 72Ge=MAT3231, 73Ge=MAT3234, 74Ge=MAT3237, 76Ge=MAT3243   (read from file header, not hardcoded)
# reaction         = MF=3 MT=2 (sigma_el)  +  MF=4 MT=2 (CM angular, LCT=2)
# reader           = endf 0.1.12 (openmc.data ENDF-6 MF3/MF4 reader, P. Romano)
# reconstruction   = UNAVAILABLE (NJOY absent) -- MF=3 background only; resonance region FLAGGED
# abundances_IUPAC = 70Ge=0.2057, 72Ge=0.2745, 73Ge=0.0775, 74Ge=0.3650, 76Ge=0.0773
# N_Ge             = 4.4136e+22 atoms/cm^3 (rho=5.323 g/cm^3, M=72.63 g/mol)
# recoil_axis      = keV_nr (unified phonon scale, NO Lindhard/quenching)  [CONVENTIONS.md sec.B]
# git_sha          = ce4ae7c
# generated_utc    = 2026-07-22T14:24:08Z
# --- VALIDATION (computed this run, not memorized) ---
# T_max/E_n per isotope 4A/(1+A)^2 (A=mass number) : 70Ge=0.0555, 72Ge=0.0540, 73Ge=0.0533, 74Ge=0.0526, 76Ge=0.0513
# T_max/E_n natural (abundance-weighted, AS COMPUTED) = 0.0536  [A=72.6 effective form = 0.0536; mass-ratio(AWR) refinement = 0.0541]
# sigma_el natural VALID above 1.054 MeV (below = NaN, unreconstructed resonance/URR region)
# sigma_el natural spot: 1.2MeV=3.097 b, 2MeV=1.999 b, 5MeV=2.055 b; peak(1.1-2MeV)=3.296 b
# sigma_el fast-band mean (1.1-2 MeV) = 2.548 b (1.1-10 MeV = 2.002 b)
# sigma_tot fast (data-derived MF3 MT1, ~1-2 MeV) = 3.643 b
# Sigma = N_Ge*sigma_tot = 0.1608 cm^-1  (target ~0.18)
# lambda = 1/Sigma = 6.220 cm  (>> 0.2 cm wafer; target ~5.6)
# P_int(2 mm) = 1-exp(-Sigma*t) = 3.16 %  (target ~3.5%)
# resonance_status = RESONANCE REGION NOT RECONSTRUCTED (NJOY unavailable) -- PROVISIONAL
# columns: E_eV, sigma_el_natural_b, a1_natural
E_eV,sigma_el_natural_b,a1_natural
1.000000e-05,nan,5.534204e-05
1.000000e+01,nan,5.534204e-05
1.029205e+01,nan,5.534204e-05
1.059262e+01,nan,5.534204e-05
1.090198e+01,nan,5.534204e-05
1.122037e+01,nan,5.534204e-05
1.154805e+01,nan,5.534204e-05
1.188531e+01,nan,5.534204e-05
1.223242e+01,nan,5.534204e-05
1.258966e+01,nan,5.534204e-05
1.295734e+01,nan,5.534204e-05
1.333576e+01,nan,5.534204e-05
1.372522e+01,nan,5.534204e-05
1.412606e+01,nan,5.534204e-05
1.453861e+01,nan,5.534204e-05
1.496321e+01,nan,5.534204e-05
1.540020e+01,nan,5.534204e-05
1.584996e+01,nan,5.534204e-05
1.631286e+01,nan,5.534204e-05
1.678927e+01,nan,5.534204e-05
1.727959e+01,nan,5.534204e-05
1.778424e+01,nan,5.534204e-05
1.830362e+01,nan,5.534204e-05
1.883817e+01,nan,5.534204e-05
1.938834e+01,nan,5.534204e-05
1.995457e+01,nan,5.534204e-05
2.053734e+01,nan,5.534204e-05
2.113712e+01,nan,5.534204e-05
2.175443e+01,nan,5.534204e-05
2.238976e+01,nan,5.534204e-05
2.304364e+01,nan,5.534204e-05
2.371663e+01,nan,5.534204e-05
2.440926e+01,nan,5.534204e-05
2.512213e+01,nan,5.534204e-05
2.585581e+01,nan,5.534204e-05
2.661092e+01,nan,5.534204e-05
2.738809e+01,nan,5.534204e-05
2.818795e+01,nan,5.534204e-05
2.901117e+01,nan,5.534204e-05
2.985843e+01,nan,5.534204e-05
3.073044e+01,nan,5.534204e-05
3.162791e+01,nan,5.534204e-05
3.255160e+01,nan,5.534204e-05
3.350226e+01,nan,5.534204e-05
3.448068e+01,nan,5.534204e-05
3.548768e+01,nan,5.534204e-05
3.652409e+01,nan,5.534204e-05
3.759076e+01,nan,5.534204e-05
3.868859e+01,nan,5.534204e-05
3.981848e+01,nan,5.534204e-05
4.098137e+01,nan,5.534204e-05
4.217821e+01,nan,5.534204e-05
4.341002e+01,nan,5.534204e-05
4.467779e+01,nan,5.534204e-05
4.598259e+01,nan,5.534204e-05
4.732550e+01,nan,5.534204e-05
4.870763e+01,nan,5.534204e-05
5.013012e+01,nan,5.534204e-05
5.159416e+01,nan,5.534204e-05
5.310095e+01,nan,5.534204e-05
5.465175e+01,nan,5.534204e-05
5.624784e+01,nan,5.534204e-05
5.789054e+01,nan,5.534204e-05
5.958121e+01,nan,5.534204e-05
6.132127e+01,nan,5.534204e-05
6.311214e+01,nan,5.534204e-05
6.495531e+01,nan,5.534204e-05
6.685231e+01,nan,5.534204e-05
6.880471e+01,nan,5.534204e-05
7.081413e+01,nan,5.534204e-05
7.288224e+01,nan,5.534204e-05
7.501074e+01,nan,5.534204e-05
7.720141e+01,nan,5.534204e-05
7.945605e+01,nan,5.534204e-05
8.177654e+01,nan,5.534204e-05
8.416480e+01,nan,5.534204e-05
8.662281e+01,nan,5.534204e-05
8.915261e+01,nan,5.534204e-05
9.175628e+01,nan,5.534204e-05
9.443600e+01,nan,5.534204e-05
9.719397e+01,nan,5.534204e-05
1.000325e+02,nan,5.534204e-05
1.029539e+02,nan,5.534204e-05
1.059607e+02,nan,5.534204e-05
1.090552e+02,nan,5.534204e-05
1.122401e+02,nan,5.534204e-05
1.155181e+02,nan,5.534204e-05
1.188917e+02,nan,5.534204e-05
1.223639e+02,nan,5.534204e-05
1.259375e+02,nan,5.534204e-05
1.296155e+02,nan,5.534204e-05
1.334009e+02,nan,5.534204e-05
1.372968e+02,nan,5.534204e-05
1.413065e+02,nan,5.534204e-05
1.454334e+02,nan,5.534204e-05
1.496807e+02,nan,5.534204e-05
1.540521e+02,nan,5.534204e-05
1.585511e+02,nan,5.534204e-05
1.631816e+02,nan,5.534204e-05
1.679472e+02,nan,5.534204e-05
1.728521e+02,nan,5.534204e-05
1.779002e+02,nan,5.534204e-05
1.830957e+02,nan,5.534204e-05
1.884430e+02,nan,5.534204e-05
1.939464e+02,nan,5.534204e-05
1.996105e+02,nan,5.534204e-05
2.054401e+02,nan,5.534204e-05
2.114399e+02,nan,5.534204e-05
2.176149e+02,nan,5.534204e-05
2.239703e+02,nan,5.534204e-05
2.305113e+02,nan,5.534204e-05
2.372433e+02,nan,5.534204e-05
2.441719e+02,nan,5.534204e-05
2.513029e+02,nan,5.534204e-05
2.586421e+02,nan,5.534204e-05
2.661957e+02,nan,5.534204e-05
2.739699e+02,nan,5.534204e-05
2.819711e+02,nan,5.534204e-05
2.902060e+02,nan,5.534204e-05
2.986814e+02,nan,5.534204e-05
3.074043e+02,nan,5.534204e-05
3.163819e+02,nan,5.534204e-05
3.256218e+02,nan,5.534204e-05
3.351314e+02,nan,5.534204e-05
3.449189e+02,nan,5.534204e-05
3.549921e+02,nan,5.534204e-05
3.653595e+02,nan,5.534204e-05
3.760298e+02,nan,5.534204e-05
3.870116e+02,nan,5.534204e-05
3.983142e+02,nan,5.534204e-05
4.099468e+02,nan,5.534204e-05
4.219192e+02,nan,5.534204e-05
4.342412e+02,nan,5.534204e-05
4.469231e+02,nan,5.534204e-05
4.599754e+02,nan,5.534204e-05
4.734088e+02,nan,5.534204e-05
4.872346e+02,nan,5.534204e-05
5.014641e+02,nan,5.534204e-05
5.161092e+02,nan,5.534204e-05
5.311820e+02,nan,5.534204e-05
5.466951e+02,nan,5.534204e-05
5.626611e+02,nan,5.534204e-05
5.790935e+02,nan,5.534204e-05
5.960057e+02,nan,5.534204e-05
6.134119e+02,nan,5.534204e-05
6.313264e+02,nan,5.534204e-05
6.497641e+02,nan,5.534204e-05
6.687403e+02,nan,5.534204e-05
6.882707e+02,nan,5.534204e-05
7.083714e+02,nan,5.534204e-05
7.290592e+02,nan,5.534204e-05
7.503512e+02,nan,5.534204e-05
7.722649e+02,nan,5.534204e-05
7.948187e+02,nan,5.534204e-05
8.180312e+02,nan,5.534204e-05
8.419215e+02,nan,5.534204e-05
8.665096e+02,nan,5.534204e-05
8.918157e+02,nan,5.534204e-05
9.178610e+02,nan,5.534204e-05
9.446668e+02,nan,5.534204e-05
9.722555e+02,nan,5.534204e-05
1.000650e+03,nan,5.540353e-05
1.029874e+03,nan,5.816837e-05
1.059951e+03,nan,6.101396e-05
1.090906e+03,nan,6.394266e-05
1.122766e+03,nan,6.695689e-05
1.155556e+03,nan,7.005914e-05
1.189304e+03,nan,7.325200e-05
1.224037e+03,nan,7.653810e-05
1.259785e+03,nan,7.992018e-05
1.296576e+03,nan,8.340102e-05
1.334442e+03,nan,8.698352e-05
1.373414e+03,nan,9.067065e-05
1.413525e+03,nan,9.446546e-05
1.454806e+03,nan,9.837110e-05
1.497293e+03,nan,1.023908e-04
1.541021e+03,nan,1.065279e-04
1.586026e+03,nan,1.107858e-04
1.632346e+03,nan,1.151681e-04
1.680018e+03,nan,1.196783e-04
1.729082e+03,nan,1.243203e-04
1.779580e+03,nan,1.290978e-04
1.831552e+03,nan,1.340149e-04
1.885042e+03,nan,1.390756e-04
1.940094e+03,nan,1.442840e-04
1.996754e+03,nan,1.496446e-04
2.055068e+03,nan,1.570305e-04
2.115086e+03,nan,1.647456e-04
2.176857e+03,nan,1.726859e-04
2.240431e+03,nan,1.808581e-04
2.305862e+03,nan,1.892690e-04
2.373204e+03,nan,1.979256e-04
2.442513e+03,nan,2.068349e-04
2.513846e+03,nan,2.160045e-04
2.587262e+03,nan,2.254418e-04
2.662822e+03,nan,2.351548e-04
2.740589e+03,nan,2.451514e-04
2.820627e+03,nan,2.554400e-04
2.903003e+03,nan,2.660290e-04
2.987784e+03,nan,2.769273e-04
3.075041e+03,nan,2.881439e-04
3.164847e+03,nan,2.996880e-04
3.257276e+03,nan,3.115693e-04
3.352403e+03,nan,3.237976e-04
3.450309e+03,nan,3.363830e-04
3.551075e+03,nan,3.493360e-04
3.654783e+03,nan,3.626672e-04
3.761520e+03,nan,3.763878e-04
3.871374e+03,nan,3.905091e-04
3.984436e+03,nan,4.050428e-04
4.100800e+03,nan,4.200009e-04
4.220563e+03,nan,4.353959e-04
4.343823e+03,nan,4.512405e-04
4.470683e+03,nan,4.675479e-04
4.601248e+03,nan,4.843314e-04
4.735626e+03,nan,5.016052e-04
4.873929e+03,nan,5.193834e-04
5.016271e+03,nan,5.381443e-04
5.162769e+03,nan,5.611492e-04
5.313546e+03,nan,5.848258e-04
5.468727e+03,nan,6.091940e-04
5.628440e+03,nan,6.342738e-04
5.792817e+03,nan,6.600861e-04
5.961994e+03,nan,6.866522e-04
6.136112e+03,nan,7.139942e-04
6.315316e+03,nan,7.421347e-04
6.499753e+03,nan,7.710970e-04
6.689576e+03,nan,8.009051e-04
6.884943e+03,nan,8.315838e-04
7.086016e+03,nan,8.648491e-04
7.292961e+03,nan,9.014134e-04
7.505950e+03,nan,9.390455e-04
7.725159e+03,nan,9.777767e-04
7.950770e+03,nan,1.017639e-03
8.182970e+03,nan,1.058665e-03
8.421951e+03,nan,1.100890e-03
8.667911e+03,nan,1.144348e-03
8.921055e+03,nan,1.189075e-03
9.181592e+03,nan,1.235108e-03
9.449738e+03,nan,1.282486e-03
9.725715e+03,nan,1.331247e-03
1.000975e+04,nan,1.381772e-03
1.030208e+04,nan,1.443625e-03
1.060295e+04,nan,1.507284e-03
1.091261e+04,nan,1.572802e-03
1.123131e+04,nan,1.640233e-03
1.155932e+04,nan,1.709634e-03
1.189690e+04,nan,1.781061e-03
1.224435e+04,nan,1.854575e-03
1.260194e+04,nan,1.930235e-03
1.296998e+04,nan,2.008106e-03
1.334876e+04,nan,2.088250e-03
1.368000e+04,nan,2.158335e-03
1.373861e+04,nan,2.170735e-03
1.413984e+04,nan,2.255629e-03
1.455279e+04,nan,2.343002e-03
1.497780e+04,nan,2.432927e-03
1.541522e+04,nan,2.525478e-03
1.586542e+04,nan,2.620732e-03
1.632876e+04,nan,2.718768e-03
1.680564e+04,nan,2.819667e-03
1.729644e+04,nan,2.923512e-03
1.780158e+04,nan,3.030391e-03
1.832147e+04,nan,3.140391e-03
1.885654e+04,nan,3.253603e-03
1.940724e+04,nan,3.370122e-03
1.997403e+04,nan,3.490043e-03
2.000000e+04,nan,3.495539e-03
2.055736e+04,nan,3.644826e-03
2.115773e+04,nan,3.805634e-03
2.177564e+04,nan,3.971137e-03
2.241159e+04,nan,4.141474e-03
2.306611e+04,nan,4.316786e-03
2.373975e+04,nan,4.497218e-03
2.443307e+04,nan,4.682919e-03
2.514663e+04,nan,4.874044e-03
2.588103e+04,nan,5.070750e-03
2.663687e+04,nan,5.273201e-03
2.741480e+04,nan,5.481565e-03
2.821544e+04,nan,5.696013e-03
2.903946e+04,nan,5.916725e-03
2.988755e+04,nan,6.143882e-03
3.076041e+04,nan,6.377674e-03
3.165876e+04,nan,6.618293e-03
3.258334e+04,nan,6.865940e-03
3.353493e+04,nan,7.120819e-03
3.451430e+04,nan,7.383142e-03
3.552228e+04,nan,7.653125e-03
3.655970e+04,nan,7.930994e-03
3.762742e+04,nan,8.216978e-03
3.872632e+04,nan,8.511313e-03
3.953960e+04,nan,8.729148e-03
3.985731e+04,nan,8.814245e-03
4.102133e+04,nan,9.126024e-03
4.221934e+04,nan,9.446908e-03
4.345235e+04,nan,9.777163e-03
4.472136e+04,nan,1.011706e-02
4.602743e+04,nan,1.046689e-02
4.737165e+04,nan,1.082693e-02
4.875513e+04,nan,1.119749e-02
5.000000e+04,nan,1.153093e-02
5.017901e+04,nan,1.158545e-02
5.164447e+04,nan,1.203183e-02
5.315273e+04,nan,1.249124e-02
5.470504e+04,nan,1.296407e-02
5.630269e+04,nan,1.345071e-02
5.794699e+04,nan,1.395155e-02
5.963931e+04,nan,1.446703e-02
6.138106e+04,nan,1.499756e-02
6.317368e+04,nan,1.554359e-02
6.501865e+04,nan,1.610556e-02
6.691750e+04,nan,1.668394e-02
6.762260e+04,nan,1.689871e-02
6.887180e+04,nan,1.727922e-02
6.975160e+04,nan,1.754720e-02
7.000000e+04,nan,1.762286e-02
7.088318e+04,nan,1.790835e-02
7.295331e+04,nan,1.857752e-02
7.508389e+04,nan,1.926624e-02
7.727669e+04,nan,1.997506e-02
7.953353e+04,nan,2.070459e-02
8.185629e+04,nan,2.145542e-02
8.424687e+04,nan,2.222818e-02
8.670728e+04,nan,2.302351e-02
8.923954e+04,nan,2.384207e-02
9.124520e+04,nan,2.449040e-02
9.184576e+04,nan,2.468453e-02
9.452808e+04,nan,2.555160e-02
9.728875e+04,nan,2.644399e-02
1.000000e+05,nan,2.732040e-02
1.001300e+05,nan,2.736398e-02
1.030543e+05,nan,2.834385e-02
1.060640e+05,nan,2.935235e-02
1.091615e+05,nan,3.039029e-02
1.105080e+05,nan,3.084147e-02
1.123496e+05,nan,3.145855e-02
1.156307e+05,nan,3.255800e-02
1.190077e+05,nan,3.368957e-02
1.224833e+05,nan,3.485418e-02
1.260603e+05,nan,3.605281e-02
1.297419e+05,nan,3.728644e-02
1.335310e+05,nan,3.855609e-02
1.374307e+05,nan,3.986283e-02
1.414443e+05,nan,4.120773e-02
1.455752e+05,nan,4.259191e-02
1.498267e+05,nan,4.401651e-02
1.500000e+05,nan,4.407460e-02
1.542023e+05,nan,4.548272e-02
1.561310e+05,nan,4.612900e-02
1.587057e+05,nan,4.699175e-02
1.633407e+05,nan,4.854485e-02
1.681110e+05,nan,5.014330e-02
1.730206e+05,nan,5.178844e-02
1.780736e+05,nan,5.348163e-02
1.832742e+05,nan,5.522426e-02
1.886267e+05,nan,5.701779e-02
1.941355e+05,nan,5.886369e-02
1.998052e+05,nan,6.076351e-02
2.000000e+05,nan,6.082879e-02
2.056404e+05,nan,6.259509e-02
2.116461e+05,nan,6.447576e-02
2.178271e+05,nan,6.641136e-02
2.241887e+05,nan,6.840349e-02
2.307361e+05,nan,7.045380e-02
2.374747e+05,nan,7.256399e-02
2.405820e+05,nan,7.353705e-02
2.444100e+05,nan,7.473580e-02
2.515480e+05,nan,7.697104e-02
2.588944e+05,nan,7.927156e-02
2.664553e+05,nan,8.163927e-02
2.666380e+05,nan,8.169649e-02
2.742370e+05,nan,8.407613e-02
2.822461e+05,nan,8.658415e-02
2.904890e+05,nan,8.916542e-02
2.989726e+05,nan,9.182207e-02
3.000000e+05,nan,9.214380e-02
3.077040e+05,nan,9.409894e-02
3.166904e+05,nan,9.637952e-02
3.259393e+05,nan,9.872670e-02
3.354582e+05,nan,1.011424e-01
3.452552e+05,nan,1.036287e-01
3.553383e+05,nan,1.061876e-01
3.584910e+05,nan,1.069877e-01
3.657158e+05,nan,1.088212e-01
3.690350e+05,nan,1.096636e-01
3.763964e+05,nan,1.115318e-01
3.873890e+05,nan,1.143215e-01
3.979290e+05,nan,1.169963e-01
3.987026e+05,nan,1.171927e-01
4.000000e+05,nan,1.175219e-01
4.103466e+05,nan,1.198039e-01
4.223306e+05,nan,1.224470e-01
4.346647e+05,nan,1.251672e-01
4.473589e+05,nan,1.279670e-01
4.604239e+05,nan,1.308484e-01
4.738704e+05,nan,1.338141e-01
4.877097e+05,nan,1.368663e-01
5.000000e+05,nan,1.395770e-01
5.019531e+05,nan,1.399441e-01
5.060040e+05,nan,1.407054e-01
5.083350e+05,nan,1.411435e-01
5.166125e+05,nan,1.426992e-01
5.317000e+05,nan,1.455349e-01
5.472282e+05,nan,1.484534e-01
5.586210e+05,nan,1.505946e-01
5.625750e+05,nan,1.513377e-01
5.632098e+05,nan,1.514570e-01
5.704000e+05,nan,1.528084e-01
5.796582e+05,nan,1.545485e-01
5.965869e+05,nan,1.577302e-01
6.000000e+05,nan,1.583716e-01
6.040000e+05,nan,1.591999e-01
6.058660e+05,nan,1.595863e-01
6.140101e+05,nan,1.612726e-01
6.200470e+05,nan,1.625226e-01
6.319421e+05,nan,1.649856e-01
6.503977e+05,nan,1.688071e-01
6.681150e+05,nan,1.724757e-01
6.693924e+05,nan,1.727402e-01
6.889418e+05,nan,1.767881e-01
7.000000e+05,nan,1.790778e-01
7.010960e+05,nan,1.792799e-01
7.090622e+05,nan,1.807485e-01
7.297701e+05,nan,1.845663e-01
7.504020e+05,nan,1.883700e-01
7.510828e+05,nan,1.884955e-01
7.519590e+05,nan,1.886570e-01
7.730180e+05,nan,1.925395e-01
7.877470e+05,nan,1.952550e-01
7.955938e+05,nan,1.967016e-01
8.000000e+05,nan,1.975139e-01
8.188288e+05,nan,2.010445e-01
8.201900e+05,nan,2.012998e-01
8.222180e+05,nan,2.016800e-01
8.313420e+05,nan,2.033909e-01
8.372220e+05,nan,2.044935e-01
8.427425e+05,nan,2.055286e-01
8.456960e+05,nan,2.060824e-01
8.673545e+05,nan,2.101436e-01
8.800060e+05,nan,2.125159e-01
8.926854e+05,nan,2.148934e-01
9.000000e+05,nan,2.162650e-01
9.064670e+05,nan,2.173208e-01
9.165040e+05,nan,2.189593e-01
9.187560e+05,nan,2.193270e-01
9.281630e+05,nan,2.208627e-01
9.315400e+05,nan,2.214140e-01
9.445870e+05,nan,2.235440e-01
9.455880e+05,nan,2.237074e-01
9.566780e+05,nan,2.255179e-01
9.732036e+05,nan,2.282158e-01
1.000000e+06,nan,2.325905e-01
1.001626e+06,nan,2.328419e-01
1.007440e+06,nan,2.337411e-01
1.022960e+06,nan,2.361415e-01
1.030878e+06,nan,2.373661e-01
1.040190e+06,nan,2.388063e-01
1.043230e+06,nan,2.392765e-01
1.053370e+06,nan,2.408448e-01
1.054000e+06,3.480283e+00,2.409422e-01
1.054190e+06,3.479877e+00,2.409716e-01
1.057630e+06,3.470184e+00,2.415037e-01
1.060984e+06,3.460748e+00,2.420225e-01
1.091970e+06,3.376201e+00,2.468148e-01
1.123130e+06,3.295678e+00,2.516341e-01
1.123861e+06,3.293706e+00,2.517471e-01
1.146140e+06,3.234782e+00,2.551929e-01
1.147560e+06,3.231037e+00,2.554125e-01
1.147660e+06,3.230774e+00,2.554279e-01
1.148670e+06,3.228112e+00,2.555842e-01
1.156683e+06,3.206990e+00,2.568234e-01
1.168950e+06,3.175217e+00,2.587207e-01
1.190463e+06,3.120763e+00,2.620480e-01
1.200000e+06,3.097253e+00,2.635230e-01
1.208490e+06,3.083773e+00,2.647921e-01
1.220630e+06,3.064680e+00,2.666069e-01
1.225231e+06,3.054800e+00,2.672946e-01
1.232930e+06,3.038423e+00,2.684456e-01
1.261013e+06,2.974112e+00,2.726437e-01
1.281890e+06,2.928102e+00,2.757645e-01
1.297841e+06,2.893782e+00,2.781489e-01
1.324880e+06,2.837464e+00,2.821910e-01
1.329130e+06,2.828802e+00,2.828263e-01
1.335744e+06,2.815422e+00,2.838149e-01
1.336230e+06,2.814443e+00,2.838877e-01
1.358430e+06,2.770437e+00,2.872063e-01
1.374754e+06,2.738876e+00,2.896465e-01
1.400000e+06,2.691496e+00,2.934205e-01
1.401120e+06,2.690186e+00,2.935713e-01
1.414903e+06,2.673816e+00,2.954269e-01
1.428830e+06,2.657541e+00,2.973020e-01
1.456225e+06,2.625570e+00,3.009902e-01
1.483770e+06,2.594424e+00,3.046988e-01
1.484530e+06,2.593498e+00,3.048011e-01
1.498753e+06,2.570251e+00,3.067160e-01
1.503030e+06,2.563347e+00,3.072918e-01
1.542524e+06,2.491599e+00,3.126091e-01
1.546080e+06,2.485331e+00,3.130878e-01
1.559950e+06,2.460723e+00,3.149552e-01
1.586460e+06,2.413032e+00,3.185243e-01
1.587573e+06,2.411057e+00,3.186742e-01
1.600000e+06,2.389210e+00,3.203473e-01
1.633938e+06,2.358022e+00,3.245742e-01
1.681656e+06,2.315932e+00,3.305174e-01
1.720260e+06,2.283294e+00,3.353255e-01
1.730769e+06,2.271877e+00,3.366343e-01
1.732540e+06,2.269965e+00,3.368549e-01
1.745820e+06,2.250899e+00,3.385089e-01
1.748440e+06,2.247158e+00,3.388353e-01
1.752540e+06,2.240536e+00,3.393459e-01
1.777370e+06,2.198592e+00,3.424384e-01
1.781315e+06,2.191960e+00,3.429298e-01
1.791440e+06,2.175103e+00,3.441908e-01
1.800000e+06,2.161015e+00,3.452570e-01
1.833338e+06,2.134052e+00,3.490804e-01
1.886880e+06,2.092437e+00,3.552209e-01
1.895450e+06,2.085961e+00,3.562038e-01
1.902660e+06,2.080488e+00,3.570307e-01
1.909350e+06,2.075434e+00,3.577979e-01
1.909550e+06,2.075283e+00,3.578209e-01
1.915130e+06,2.071086e+00,3.584608e-01
1.924260e+06,2.064250e+00,3.595079e-01
1.934710e+06,2.056477e+00,3.607064e-01
1.936490e+06,2.055150e+00,3.609105e-01
1.939100e+06,2.053115e+00,3.612099e-01
1.941986e+06,2.050468e+00,3.615408e-01
1.954670e+06,2.038920e+00,3.629955e-01
1.987560e+06,2.009479e+00,3.667676e-01
1.998701e+06,1.999657e+00,3.680453e-01
2.000000e+06,1.998519e+00,3.681943e-01
2.002980e+06,1.997438e+00,3.685025e-01
2.037370e+06,1.985106e+00,3.720600e-01
2.042440e+06,1.983307e+00,3.725844e-01
2.046740e+06,1.981782e+00,3.730293e-01
2.057072e+06,1.977989e+00,3.740981e-01
2.057460e+06,1.977847e+00,3.741382e-01
2.074300e+06,1.970585e+00,3.758802e-01
2.077740e+06,1.969106e+00,3.762360e-01
2.083220e+06,1.966495e+00,3.768029e-01
2.093860e+06,1.961433e+00,3.779035e-01
2.106760e+06,1.953344e+00,3.792380e-01
2.117149e+06,1.946877e+00,3.803126e-01
2.137900e+06,1.934125e+00,3.824592e-01
2.178979e+06,1.909425e+00,3.867087e-01
2.184560e+06,1.906133e+00,3.872859e-01
2.184640e+06,1.906079e+00,3.872942e-01
2.188520e+06,1.903447e+00,3.876956e-01
2.194540e+06,1.897951e+00,3.883183e-01
2.194850e+06,1.897591e+00,3.883504e-01
2.200000e+06,1.891377e+00,3.888831e-01
2.227890e+06,1.886210e+00,3.923987e-01
2.234190e+06,1.884114e+00,3.931928e-01
2.237530e+06,1.882886e+00,3.936139e-01
2.242616e+06,1.881018e+00,3.942549e-01
2.258200e+06,1.875330e+00,3.962194e-01
2.308111e+06,1.854687e+00,4.025107e-01
2.314550e+06,1.852074e+00,4.033224e-01
2.331380e+06,1.844723e+00,4.054439e-01
2.340180e+06,1.839734e+00,4.065531e-01
2.371350e+06,1.820254e+00,4.104822e-01
2.375518e+06,1.817683e+00,4.110076e-01
2.400000e+06,1.802759e+00,4.140936e-01
2.422040e+06,1.805361e+00,4.169717e-01
2.429700e+06,1.806262e+00,4.179720e-01
2.435990e+06,1.806805e+00,4.187934e-01
2.444895e+06,1.806549e+00,4.199563e-01
2.462600e+06,1.806043e+00,4.222684e-01
2.486860e+06,1.805351e+00,4.254365e-01
2.488630e+06,1.805138e+00,4.256676e-01
2.498450e+06,1.803678e+00,4.269500e-01
2.511120e+06,1.801423e+00,4.286046e-01
2.516297e+06,1.800348e+00,4.292806e-01
2.523980e+06,1.798757e+00,4.302839e-01
2.536860e+06,1.794438e+00,4.319659e-01
2.538030e+06,1.794009e+00,4.321187e-01
2.540130e+06,1.793239e+00,4.323930e-01
2.545730e+06,1.790426e+00,4.331242e-01
2.550070e+06,1.788253e+00,4.336910e-01
2.570910e+06,1.774791e+00,4.364125e-01
2.572280e+06,1.773710e+00,4.365914e-01
2.587930e+06,1.759334e+00,4.386351e-01
2.589785e+06,1.757581e+00,4.388773e-01
2.598350e+06,1.749528e+00,4.399958e-01
2.600000e+06,1.747837e+00,4.402113e-01
2.604360e+06,1.748511e+00,4.408542e-01
2.608070e+06,1.748973e+00,4.414013e-01
2.617710e+06,1.749462e+00,4.428228e-01
2.619730e+06,1.749564e+00,4.431206e-01
2.625520e+06,1.749389e+00,4.439744e-01
2.635780e+06,1.748894e+00,4.454873e-01
2.647110e+06,1.747568e+00,4.471580e-01
2.658860e+06,1.746204e+00,4.488906e-01
2.665419e+06,1.745321e+00,4.498577e-01
2.689770e+06,1.742070e+00,4.534485e-01
2.706030e+06,1.739602e+00,4.558461e-01
2.728170e+06,1.735668e+00,4.591108e-01
2.730460e+06,1.735210e+00,4.594485e-01
2.733700e+06,1.734470e+00,4.599262e-01
2.743261e+06,1.731315e+00,4.613361e-01
2.747990e+06,1.729762e+00,4.620334e-01
2.769720e+06,1.722014e+00,4.652376e-01
2.773130e+06,1.720780e+00,4.657404e-01
2.784310e+06,1.716754e+00,4.673890e-01
2.789550e+06,1.714758e+00,4.681617e-01
2.792930e+06,1.713342e+00,4.686601e-01
2.800000e+06,1.710054e+00,4.697026e-01
2.801220e+06,1.710297e+00,4.698738e-01
2.805590e+06,1.711168e+00,4.704873e-01
2.810980e+06,1.712170e+00,4.712439e-01
2.823378e+06,1.714465e+00,4.729841e-01
2.847190e+06,1.718854e+00,4.763267e-01
2.850900e+06,1.719441e+00,4.768475e-01
2.867100e+06,1.722002e+00,4.791215e-01
2.874600e+06,1.723014e+00,4.801743e-01
2.879350e+06,1.723319e+00,4.808410e-01
2.880780e+06,1.723391e+00,4.810418e-01
2.900040e+06,1.723881e+00,4.837453e-01
2.905834e+06,1.723880e+00,4.845586e-01
2.915930e+06,1.723879e+00,4.859758e-01
2.916260e+06,1.723854e+00,4.860221e-01
2.917810e+06,1.723732e+00,4.862397e-01
2.929460e+06,1.722813e+00,4.878750e-01
2.936200e+06,1.722088e+00,4.888211e-01
2.937630e+06,1.721924e+00,4.890219e-01
2.958590e+06,1.718906e+00,4.919640e-01
2.959810e+06,1.718715e+00,4.921353e-01
2.959880e+06,1.718703e+00,4.921451e-01
2.965420e+06,1.717743e+00,4.929228e-01
2.975560e+06,1.715432e+00,4.943461e-01
2.976060e+06,1.715281e+00,4.944163e-01
2.980120e+06,1.714019e+00,4.949862e-01
2.981230e+06,1.713588e+00,4.951420e-01
2.984780e+06,1.711950e+00,4.956404e-01
2.987690e+06,1.710387e+00,4.960488e-01
2.989750e+06,1.709119e+00,4.963380e-01
2.990698e+06,1.708459e+00,4.964710e-01
2.991780e+06,1.707706e+00,4.966230e-01
3.000000e+06,1.701469e+00,4.977768e-01
3.001550e+06,1.702013e+00,4.980045e-01
3.003430e+06,1.702671e+00,4.982808e-01
3.012090e+06,1.705667e+00,4.995531e-01
3.014070e+06,1.706352e+00,4.998440e-01
3.033780e+06,1.712312e+00,5.027399e-01
3.046000e+06,1.715940e+00,5.045353e-01
3.047760e+06,1.716378e+00,5.047939e-01
3.058170e+06,1.718865e+00,5.063234e-01
3.073940e+06,1.721855e+00,5.086404e-01
3.075400e+06,1.722131e+00,5.088549e-01
3.076550e+06,1.722307e+00,5.090239e-01
3.078040e+06,1.722459e+00,5.092428e-01
3.078170e+06,1.722472e+00,5.092619e-01
3.081400e+06,1.722638e+00,5.097364e-01
3.090200e+06,1.723000e+00,5.110294e-01
3.090750e+06,1.723013e+00,5.111102e-01
3.093050e+06,1.722973e+00,5.114481e-01
3.101860e+06,1.722733e+00,5.127425e-01
3.103030e+06,1.722664e+00,5.129144e-01
3.111800e+06,1.721960e+00,5.142029e-01
3.123340e+06,1.720932e+00,5.158984e-01
3.123500e+06,1.720911e+00,5.159219e-01
3.131050e+06,1.719814e+00,5.170312e-01
3.137590e+06,1.718837e+00,5.179921e-01
3.151820e+06,1.715940e+00,5.200828e-01
3.167933e+06,1.712309e+00,5.224503e-01
3.172880e+06,1.711200e+00,5.231771e-01
3.173410e+06,1.711078e+00,5.232549e-01
3.174910e+06,1.710720e+00,5.234753e-01
3.183020e+06,1.708655e+00,5.246669e-01
3.183240e+06,1.708595e+00,5.246992e-01
3.200000e+06,1.703806e+00,5.271617e-01
3.208060e+06,1.707042e+00,5.282904e-01
3.224480e+06,1.713546e+00,5.305898e-01
3.226280e+06,1.714248e+00,5.308419e-01
3.226630e+06,1.714374e+00,5.308909e-01
3.237450e+06,1.718107e+00,5.324061e-01
3.240280e+06,1.719073e+00,5.328024e-01
3.260452e+06,1.725653e+00,5.356273e-01
3.262120e+06,1.726196e+00,5.358609e-01
3.266830e+06,1.727730e+00,5.365205e-01
3.268200e+06,1.728169e+00,5.367123e-01
3.273270e+06,1.729684e+00,5.374223e-01
3.274740e+06,1.730096e+00,5.376282e-01
3.278750e+06,1.731207e+00,5.381897e-01
3.288770e+06,1.733979e+00,5.395929e-01
3.295580e+06,1.735684e+00,5.405466e-01
3.311420e+06,1.739275e+00,5.427648e-01
3.343650e+06,1.746446e+00,5.472783e-01
3.344860e+06,1.746681e+00,5.474478e-01
3.355672e+06,1.748778e+00,5.489619e-01
3.356310e+06,1.748901e+00,5.490512e-01
3.361700e+06,1.749803e+00,5.498060e-01
3.371630e+06,1.751137e+00,5.511966e-01
3.382700e+06,1.750883e+00,5.527468e-01
3.383500e+06,1.750842e+00,5.528589e-01
3.392720e+06,1.750365e+00,5.541500e-01
3.393250e+06,1.750338e+00,5.542243e-01
3.399340e+06,1.749843e+00,5.550771e-01
3.420540e+06,1.747512e+00,5.580459e-01
3.425880e+06,1.746842e+00,5.587937e-01
3.429940e+06,1.746331e+00,5.593623e-01
3.453674e+06,1.743358e+00,5.626860e-01
3.462790e+06,1.742227e+00,5.639626e-01
3.465890e+06,1.741842e+00,5.643967e-01
3.472380e+06,1.740996e+00,5.653056e-01
3.473440e+06,1.740816e+00,5.654540e-01
3.477450e+06,1.740134e+00,5.660156e-01
3.481510e+06,1.739421e+00,5.665841e-01
3.494230e+06,1.736563e+00,5.683654e-01
3.500000e+06,1.735273e+00,5.691735e-01
3.505850e+06,1.736797e+00,5.699466e-01
3.514510e+06,1.738957e+00,5.710911e-01
3.532530e+06,1.743448e+00,5.734727e-01
3.537830e+06,1.744630e+00,5.741731e-01
3.539740e+06,1.745056e+00,5.744256e-01
3.548680e+06,1.746892e+00,5.756071e-01
3.554537e+06,1.748095e+00,5.763812e-01
3.596850e+06,1.756755e+00,5.819734e-01
3.614090e+06,1.760274e+00,5.842518e-01
3.619470e+06,1.761241e+00,5.849629e-01
3.632760e+06,1.763164e+00,5.867193e-01
3.642090e+06,1.764410e+00,5.879524e-01
3.652520e+06,1.765577e+00,5.893308e-01
3.658347e+06,1.766229e+00,5.901009e-01
3.660120e+06,1.766427e+00,5.903352e-01
3.683580e+06,1.769057e+00,5.934358e-01
3.689470e+06,1.769544e+00,5.942142e-01
3.700000e+06,1.770292e+00,5.956059e-01
3.720000e+06,1.776596e+00,5.979218e-01
3.765187e+06,1.785579e+00,6.031544e-01
3.875149e+06,1.807195e+00,6.158877e-01
3.988321e+06,1.829094e+00,6.289929e-01
4.000000e+06,1.831334e+00,6.303452e-01
4.104799e+06,1.855492e+00,6.401754e-01
4.147910e+06,1.865344e+00,6.442192e-01
4.224678e+06,1.882869e+00,6.514201e-01
4.348059e+06,1.910718e+00,6.629932e-01
4.475043e+06,1.938988e+00,6.749043e-01
4.500000e+06,1.944498e+00,6.772453e-01
4.605735e+06,1.968198e+00,6.846935e-01
4.648580e+06,1.977728e+00,6.877116e-01
4.740244e+06,1.998160e+00,6.941686e-01
4.878682e+06,2.028670e+00,7.039204e-01
5.000000e+06,2.055074e+00,7.124662e-01
5.021162e+06,2.058608e+00,7.135434e-01
5.076640e+06,2.067832e+00,7.163674e-01
5.167804e+06,2.083083e+00,7.210078e-01
5.318728e+06,2.107992e+00,7.286902e-01
5.380520e+06,2.118071e+00,7.318356e-01
5.474060e+06,2.133264e+00,7.365970e-01
5.633928e+06,2.158885e+00,7.447346e-01
5.798465e+06,2.184817e+00,7.531100e-01
5.967808e+06,2.211064e+00,7.617299e-01
6.000000e+06,2.216004e+00,7.633686e-01
6.034370e+06,2.218996e+00,7.645319e-01
6.142096e+06,2.228379e+00,7.681782e-01
6.309730e+06,2.242737e+00,7.738522e-01
6.321474e+06,2.243735e+00,7.742497e-01
6.373280e+06,2.248120e+00,7.760033e-01
6.484320e+06,2.257646e+00,7.797617e-01
6.506091e+06,2.259502e+00,7.804986e-01
6.511880e+06,2.259994e+00,7.806946e-01
6.588690e+06,2.266503e+00,7.832944e-01
6.595070e+06,2.267041e+00,7.835104e-01
6.684440e+06,2.274544e+00,7.865354e-01
6.696099e+06,2.275519e+00,7.869300e-01
6.876710e+06,2.290461e+00,7.930433e-01
6.882740e+06,2.290957e+00,7.932474e-01
6.891657e+06,2.291691e+00,7.935492e-01
6.999580e+06,2.300522e+00,7.972022e-01
7.000000e+06,2.300555e+00,7.972164e-01
7.092926e+06,2.302146e+00,7.994840e-01
7.101610e+06,2.302293e+00,7.996959e-01
7.299370e+06,2.305637e+00,8.045218e-01
7.300072e+06,2.305649e+00,8.045390e-01
7.513269e+06,2.309184e+00,8.097416e-01
7.609150e+06,2.310744e+00,8.120813e-01
7.732692e+06,2.312750e+00,8.150961e-01
7.958523e+06,2.316343e+00,8.206070e-01
8.000000e+06,2.316993e+00,8.216192e-01
8.190949e+06,2.309968e+00,8.249362e-01
8.430163e+06,2.301429e+00,8.290916e-01
8.651400e+06,2.293777e+00,8.329347e-01
8.676364e+06,2.292907e+00,8.333684e-01
8.808050e+06,2.288365e+00,8.356559e-01
8.929754e+06,2.284145e+00,8.377700e-01
9.000000e+06,2.281739e+00,8.389903e-01
9.190545e+06,2.268850e+00,8.412187e-01
9.458952e+06,2.251282e+00,8.443577e-01
9.553560e+06,2.245245e+00,8.454641e-01
9.735198e+06,2.231577e+00,8.475883e-01
9.874260e+06,2.221343e+00,8.492146e-01
1.000000e+07,2.212083e+00,8.506851e-01
1.001951e+07,2.211298e+00,8.508189e-01
1.013790e+07,2.206594e+00,8.516307e-01
1.031213e+07,2.199782e+00,8.528255e-01
1.033530e+07,2.198893e+00,8.529844e-01
1.061329e+07,2.164425e+00,8.548907e-01
1.090280e+07,2.130067e+00,8.568760e-01
1.092325e+07,2.127660e+00,8.570163e-01
1.100000e+07,2.118691e+00,8.575426e-01
1.115730e+07,2.101830e+00,8.579497e-01
1.124226e+07,2.092657e+00,8.581696e-01
1.157059e+07,2.058215e+00,8.590194e-01
1.170440e+07,2.044616e+00,8.593658e-01
1.190850e+07,2.022513e+00,8.598941e-01
1.195240e+07,2.017841e+00,8.600077e-01
1.200000e+07,2.012780e+00,8.601309e-01
1.219760e+07,1.989403e+00,8.599263e-01
1.225629e+07,1.982550e+00,8.598656e-01
1.226940e+07,1.981027e+00,8.598520e-01
1.261423e+07,1.940983e+00,8.594950e-01
1.298262e+07,1.900252e+00,8.591136e-01
1.300000e+07,1.898380e+00,8.590956e-01
1.320220e+07,1.872980e+00,8.582732e-01
1.336178e+07,1.853165e+00,8.576241e-01
1.375200e+07,1.806540e+00,8.560369e-01
1.400000e+07,1.778185e+00,8.550282e-01
1.415363e+07,1.759554e+00,8.540278e-01
1.456698e+07,1.711342e+00,8.513360e-01
1.498900e+07,1.664817e+00,8.485878e-01
1.499240e+07,1.664450e+00,8.485656e-01
1.500000e+07,1.663633e+00,8.485162e-01
1.520960e+07,1.639506e+00,8.467474e-01
1.536730e+07,1.621665e+00,8.454166e-01
1.541790e+07,1.615945e+00,8.449896e-01
1.543025e+07,1.614534e+00,8.448853e-01
1.571490e+07,1.582661e+00,8.424833e-01
1.588089e+07,1.564173e+00,8.410825e-01
1.600000e+07,1.551157e+00,8.400773e-01
1.614520e+07,1.535532e+00,8.386449e-01
1.634468e+07,1.514454e+00,8.366769e-01
1.660520e+07,1.487736e+00,8.341068e-01
1.674910e+07,1.473292e+00,8.326871e-01
1.682203e+07,1.466036e+00,8.319677e-01
1.700000e+07,1.448606e+00,8.302119e-01
1.721080e+07,1.429496e+00,8.279828e-01
1.731331e+07,1.420117e+00,8.268988e-01
1.777740e+07,1.379078e+00,8.219912e-01
1.781894e+07,1.375497e+00,8.215519e-01
1.800000e+07,1.360095e+00,8.196373e-01
1.833934e+07,1.334350e+00,8.161396e-01
1.842270e+07,1.328173e+00,8.152804e-01
1.887493e+07,1.294648e+00,8.106191e-01
1.900000e+07,1.285666e+00,8.093299e-01
1.942617e+07,1.258082e+00,8.054385e-01
1.999350e+07,1.223170e+00,8.002580e-01
2.000000e+07,1.222782e+00,8.001987e-01
