# Frozen incoherent (Compton) scattering function S(x,Z) for germanium (Z=32).
#
# S(x,Z) is the bound-electron incoherent scattering function: the bound-atom
# incoherent (Compton) angular cross section is dsigma_incoh/dOmega =
# (dsigma_KN/dOmega) * S(x,Z), per ATOM, with dsigma_KN/dOmega the free-electron
# Klein-Nishina cross section. x is the momentum-transfer variable
#   x = sin(theta/2)/lambda  [Angstrom^-1],  lambda = 12.39842 / E_gamma[keV]  A,
#   i.e.  x = E_gamma[keV] * sin(theta/2) / 12.39842  [Angstrom^-1].
# Limits (verified in tests):  S(x->0) -> 0  (forward/low-recoil binding
# suppression);  S(x->inf) -> Z = 32  (large recoil: electrons act free, so the
# Compton EDGES and the bulk continuum above ~keV are UNCHANGED, S/Z ~ 1).
#
# PROVENANCE (FETCH-NOT-INVENT; same discipline as data/ge_xcom_mu.csv):
#   Primary source: J. H. Hubbell, Wm. J. Veigele, E. A. Briggs, R. T. Brown,
#     D. T. Cromer, R. J. Howerton, "Atomic form factors, incoherent scattering
#     functions, and photon scattering cross sections," J. Phys. Chem. Ref. Data
#     4, 471 (1975); erratum 6, 615 (1977) -- the canonical S(x,Z) tabulation.
#   Numerical values retrieved verbatim from the xraylib data file data/SF.dat
#     (element block Z=32), xraylib redistributing the Hubbell (1975) / EPDL97
#     incoherent scattering functions. xraylib: T. Schoonjans et al.,
#     Spectrochim. Acta B 66, 776 (2011). Source file fetched 2026-07-21 from
#     https://raw.githubusercontent.com/tschoonj/xraylib/master/data/SF.dat
#   NOT invented from memory. Interpolate LOG-LOG in x; below x_min log-log
#   extrapolate (slope ~2, S~x^2 -> 0); above x_max clamp to S = Z = 32.
#   The source pads to x=1e9 A^-1 (S=Z); rows above x=1e5 A^-1 (all S=32) are
#   dropped here (max physical x for the 2.6 MeV lines is ~211 A^-1).
#
# columns: x_inv_angstrom, S_incoherent
x_inv_angstrom,S_incoherent
1.000000e-03,4.901900e-04
5.000000e-03,1.100000e-02
6.718700e-03,1.933100e-02
7.890600e-03,2.636400e-02
9.296900e-03,3.634600e-02
1.000000e-02,4.200000e-02
1.500000e-02,9.490000e-02
1.875000e-02,1.472800e-01
2.000000e-02,1.671000e-01
2.500000e-02,2.582000e-01
3.000000e-02,3.667000e-01
3.500000e-02,4.911500e-01
4.000000e-02,6.300000e-01
4.500000e-02,7.815400e-01
5.000000e-02,9.440000e-01
5.687500e-02,1.181900e+00
6.437500e-02,1.456100e+00
6.500000e-02,1.479600e+00
7.000000e-02,1.669100e+00
7.500000e-02,1.861700e+00
8.250000e-02,2.154300e+00
8.500000e-02,2.252200e+00
9.000000e-02,2.448600e+00
9.750000e-02,2.741800e+00
1.000000e-01,2.839000e+00
1.109400e-01,3.258200e+00
1.187500e-01,3.551100e+00
1.203100e-01,3.608700e+00
1.250000e-01,3.781000e+00
1.375000e-01,4.228300e+00
1.500000e-01,4.659000e+00
1.687500e-01,5.274700e+00
1.750000e-01,5.472300e+00
1.937500e-01,6.044400e+00
2.000000e-01,6.229000e+00
2.250000e-01,6.940500e+00
2.375000e-01,7.282700e+00
2.500000e-01,7.618800e+00
2.875000e-01,8.594300e+00
3.000000e-01,8.912000e+00
3.250000e-01,9.537800e+00
3.625000e-01,1.045200e+01
3.750000e-01,1.075100e+01
4.000000e-01,1.133800e+01
4.250000e-01,1.191000e+01
4.625000e-01,1.274000e+01
4.750000e-01,1.300900e+01
5.000000e-01,1.353600e+01
5.437500e-01,1.441800e+01
5.750000e-01,1.502000e+01
6.000000e-01,1.548600e+01
6.500000e-01,1.637600e+01
7.000000e-01,1.721500e+01
8.000000e-01,1.874100e+01
9.000000e-01,2.007400e+01
9.750000e-01,2.095200e+01
1.000000e+00,2.122400e+01
1.062500e+00,2.185500e+01
1.125000e+00,2.243000e+01
1.156300e+00,2.269700e+01
1.250000e+00,2.343000e+01
1.437500e+00,2.463700e+01
1.500000e+00,2.498300e+01
1.625000e+00,2.561000e+01
1.718800e+00,2.603300e+01
1.750000e+00,2.616600e+01
1.815400e+00,2.643200e+01
1.920900e+00,2.683100e+01
2.000000e+00,2.710900e+01
2.062500e+00,2.731300e+01
2.375000e+00,2.819800e+01
2.390600e+00,2.823600e+01
2.500000e+00,2.849200e+01
2.781300e+00,2.903600e+01
2.859400e+00,2.916700e+01
2.875000e+00,2.919100e+01
2.929700e+00,2.927300e+01
3.000000e+00,2.937700e+01
3.062500e+00,2.946100e+01
3.308600e+00,2.975600e+01
3.377000e+00,2.982500e+01
3.459000e+00,2.990700e+01
3.500000e+00,2.994700e+01
3.562500e+00,3.000100e+01
3.617200e+00,3.004800e+01
4.000000e+00,3.034000e+01
4.125000e+00,3.042000e+01
5.000000e+00,3.087200e+01
5.125000e+00,3.092300e+01
5.343800e+00,3.101000e+01
6.000000e+00,3.123600e+01
6.250000e+00,3.130700e+01
7.000000e+00,3.149200e+01
7.625000e+00,3.160800e+01
7.875000e+00,3.164900e+01
8.000000e+00,3.166800e+01
8.250000e+00,3.170100e+01
8.468800e+00,3.172800e+01
8.851600e+00,3.176800e+01
9.138700e+00,3.179600e+01
9.569300e+00,3.183000e+01
1.000000e+01,3.186000e+01
1.062500e+01,3.189000e+01
1.141100e+01,3.192300e+01
1.206900e+01,3.194000e+01
1.280200e+01,3.195700e+01
1.358700e+01,3.196700e+01
1.452900e+01,3.197700e+01
1.500000e+01,3.198200e+01
1.562500e+01,3.198400e+01
1.671900e+01,3.198800e+01
1.753900e+01,3.199000e+01
1.877000e+01,3.199400e+01
2.000000e+01,3.199700e+01
2.187500e+01,3.199700e+01
2.363300e+01,3.199700e+01
2.605300e+01,3.199800e+01
2.827400e+01,3.199800e+01
3.099000e+01,3.199800e+01
3.447500e+01,3.199900e+01
3.835600e+01,3.199900e+01
4.501000e+01,3.200000e+01
5.000000e+01,3.200000e+01
8.000000e+01,3.200000e+01
1.000000e+02,3.200000e+01
1.205000e+02,3.200000e+01
1.418200e+02,3.200000e+01
1.711700e+02,3.200000e+01
2.014900e+02,3.200000e+01
2.264400e+02,3.200000e+01
2.747900e+02,3.200000e+01
3.413600e+02,3.200000e+01
4.024500e+02,3.200000e+01
4.771400e+02,3.200000e+01
5.730000e+02,3.200000e+01
7.255000e+02,3.200000e+01
9.085000e+02,3.200000e+01
1.000000e+03,3.200000e+01
1.342800e+03,3.200000e+01
1.774400e+03,3.200000e+01
2.633300e+03,3.200000e+01
3.757200e+03,3.200000e+01
6.611900e+03,3.200000e+01
1.489900e+04,3.200000e+01
4.264600e+04,3.200000e+01
